Date,Price,Open,High,Low,Change %
2018-01-01,"1,306.86","1,303.43","1,307.72","1,302.43",0.33%
2018-01-02,"1,318.14","1,302.55","1,318.98","1,302.51",0.86%
2018-01-03,"1,312.84","1,318.16","1,321.40","1,307.16",-0.40%
2018-01-04,"1,322.97","1,312.53","1,325.92","1,305.67",0.77%
2018-01-05,"1,320.21","1,323.50","1,323.83","1,313.81",-0.21%
2018-01-06,"1,320.21","1,323.50","1,323.83","1,313.81",-0.21%
2018-01-07,"1,320.21","1,323.50","1,323.83","1,313.81",-0.21%
2018-01-08,"1,320.58","1,320.04","1,322.22","1,314.97",0.03%
2018-01-09,"1,312.66","1,320.63","1,320.68","1,308.80",-0.60%
2018-01-10,"1,317.19","1,313.28","1,326.94","1,308.29",0.35%
2018-01-11,"1,322.42","1,316.89","1,323.98","1,315.49",0.40%
2018-01-12,"1,338.40","1,322.82","1,339.40","1,321.16",1.21%
2018-01-13,"1,338.40","1,322.82","1,339.40","1,321.16",1.21%
2018-01-14,"1,338.40","1,322.82","1,339.40","1,321.16",1.21%
2018-01-15,"1,340.16","1,337.05","1,344.93","1,336.14",0.13%
2018-01-16,"1,338.61","1,340.06","1,342.35","1,331.73",-0.12%
2018-01-17,"1,327.73","1,338.29","1,343.99","1,326.73",-0.81%
2018-01-18,"1,327.19","1,327.75","1,333.14","1,323.79",-0.04%
2018-01-19,"1,331.80","1,327.49","1,338.37","1,326.46",0.35%
2018-01-20,"1,331.80","1,327.49","1,338.37","1,326.46",0.35%
2018-01-21,"1,331.80","1,327.49","1,338.37","1,326.46",0.35%
2018-01-22,"1,334.11","1,334.88","1,336.04","1,328.71",0.17%
2018-01-23,"1,341.39","1,334.45","1,342.22","1,331.54",0.55%
2018-01-24,"1,358.15","1,341.45","1,361.88","1,339.27",1.25%
2018-01-25,"1,348.05","1,358.48","1,366.47","1,343.10",-0.74%
2018-01-26,"1,350.14","1,348.36","1,357.39","1,344.38",0.16%
2018-01-27,"1,350.14","1,348.36","1,357.39","1,344.38",0.16%
2018-01-28,"1,350.14","1,348.36","1,357.39","1,344.38",0.16%
2018-01-29,"1,340.35","1,350.07","1,352.65","1,337.74",-0.73%
2018-01-30,"1,338.55","1,340.67","1,349.12","1,334.48",-0.13%
2018-01-31,"1,345.10","1,338.87","1,347.93","1,332.70",0.49%
2018-02-01,"1,349.19","1,345.40","1,351.42","1,337.30",0.30%
2018-02-02,"1,332.98","1,349.16","1,350.12","1,327.21",-1.20%
2018-02-03,"1,332.98","1,349.16","1,350.12","1,327.21",-1.20%
2018-02-04,"1,332.98","1,349.16","1,350.12","1,327.21",-1.20%
2018-02-05,"1,339.60","1,332.32","1,341.70","1,328.88",0.50%
2018-02-06,"1,325.02","1,339.68","1,346.08","1,320.04",-1.09%
2018-02-07,"1,318.49","1,325.16","1,332.49","1,312.05",-0.49%
2018-02-08,"1,318.97","1,318.61","1,322.17","1,306.90",0.04%
2018-02-09,"1,316.69","1,318.87","1,322.71","1,311.06",-0.17%
2018-02-10,"1,316.69","1,318.87","1,322.71","1,311.06",-0.17%
2018-02-11,"1,316.69","1,318.87","1,322.71","1,311.06",-0.17%
2018-02-12,"1,322.88","1,315.04","1,326.20","1,314.11",0.47%
2018-02-13,"1,329.55","1,322.29","1,330.96","1,321.39",0.50%
2018-02-14,"1,350.76","1,329.53","1,355.57","1,319.42",1.60%
2018-02-15,"1,353.30","1,350.78","1,357.18","1,348.41",0.19%
2018-02-16,"1,347.86","1,353.31","1,361.97","1,344.82",-0.40%
2018-02-17,"1,347.86","1,353.31","1,361.97","1,344.82",-0.40%
2018-02-18,"1,347.86","1,353.31","1,361.97","1,344.82",-0.40%
2018-02-19,"1,346.69","1,347.67","1,351.34","1,345.82",-0.09%
2018-02-20,"1,329.49","1,346.77","1,348.36","1,328.39",-1.28%
2018-02-21,"1,324.26","1,329.48","1,336.27","1,322.36",-0.39%
2018-02-22,"1,331.51","1,323.94","1,332.34","1,320.84",0.55%
2018-02-23,"1,328.94","1,331.81","1,332.42","1,325.73",-0.19%
2018-02-24,"1,328.94","1,331.81","1,332.42","1,325.73",-0.19%
2018-02-25,"1,328.94","1,331.81","1,332.42","1,325.73",-0.19%
2018-02-26,"1,333.16","1,327.92","1,341.06","1,326.59",0.32%
2018-02-27,"1,318.20","1,333.14","1,336.90","1,313.47",-1.12%
2018-02-28,"1,318.05","1,318.20","1,322.64","1,315.59",-0.01%
2018-03-01,"1,316.55","1,318.22","1,321.16","1,302.76",-0.11%
2018-03-02,"1,322.20","1,316.54","1,325.65","1,315.12",0.43%
2018-03-03,"1,322.20","1,316.54","1,325.65","1,315.12",0.43%
2018-03-04,"1,322.20","1,316.54","1,325.65","1,315.12",0.43%
2018-03-05,"1,320.02","1,323.78","1,328.02","1,317.43",-0.17%
2018-03-06,"1,334.46","1,320.03","1,338.72","1,319.72",1.09%
2018-03-07,"1,325.54","1,334.51","1,340.68","1,322.24",-0.67%
2018-03-08,"1,322.34","1,325.49","1,329.22","1,318.98",-0.24%
2018-03-09,"1,323.70","1,322.33","1,325.33","1,313.06",0.10%
2018-03-10,"1,323.70","1,322.33","1,325.33","1,313.06",0.10%
2018-03-11,"1,323.70","1,322.33","1,325.33","1,313.06",0.10%
2018-03-12,"1,323.05","1,323.69","1,324.52","1,315.18",-0.05%
2018-03-13,"1,326.40","1,322.90","1,328.48","1,316.55",0.25%
2018-03-14,"1,325.00","1,326.45","1,330.27","1,321.58",-0.11%
2018-03-15,"1,316.26","1,324.62","1,328.06","1,314.86",-0.66%
2018-03-16,"1,314.00","1,316.56","1,321.86","1,309.56",-0.17%
2018-03-17,"1,314.00","1,316.56","1,321.86","1,309.56",-0.17%
2018-03-18,"1,314.00","1,316.56","1,321.86","1,309.56",-0.17%
2018-03-19,"1,316.94","1,313.94","1,319.86","1,307.71",0.22%
2018-03-20,"1,311.21","1,317.23","1,318.48","1,307.13",-0.44%
2018-03-21,"1,332.18","1,311.20","1,336.79","1,309.80",1.60%
2018-03-22,"1,328.95","1,332.18","1,335.01","1,324.73",-0.24%
2018-03-23,"1,347.22","1,329.33","1,350.41","1,328.98",1.37%
2018-03-24,"1,347.22","1,329.33","1,350.41","1,328.98",1.37%
2018-03-25,"1,347.22","1,329.33","1,350.41","1,328.98",1.37%
2018-03-26,"1,353.46","1,347.90","1,356.13","1,343.40",0.46%
2018-03-27,"1,344.71","1,353.51","1,356.87","1,339.93",-0.65%
2018-03-28,"1,324.99","1,345.74","1,347.23","1,323.42",-1.47%
2018-03-29,"1,325.00","1,324.94","1,328.54","1,321.33",0.00%
2018-03-30,"1,325.00","1,324.94","1,328.54","1,321.33",0.00%
2018-03-31,"1,325.00","1,324.94","1,328.54","1,321.33",0.00%
2018-04-01,"1,325.00","1,324.94","1,328.54","1,321.33",0.00%
2018-04-02,"1,341.35","1,326.21","1,345.03","1,324.76",1.23%
2018-04-03,"1,332.82","1,340.86","1,342.68","1,328.93",-0.64%
2018-04-04,"1,333.34","1,332.89","1,348.27","1,331.44",0.04%
2018-04-05,"1,326.55","1,333.03","1,335.10","1,322.63",-0.51%
2018-04-06,"1,333.19","1,326.70","1,335.49","1,321.28",0.50%
2018-04-07,"1,333.19","1,326.70","1,335.49","1,321.28",0.50%
2018-04-08,"1,333.19","1,326.70","1,335.49","1,321.28",0.50%
2018-04-09,"1,336.24","1,333.21","1,338.16","1,326.80",0.23%
2018-04-10,"1,340.05","1,336.37","1,342.79","1,331.11",0.28%
2018-04-11,"1,353.29","1,339.69","1,365.37","1,339.48",0.99%
2018-04-12,"1,335.48","1,352.68","1,353.42","1,333.74",-1.32%
2018-04-13,"1,345.46","1,335.17","1,347.31","1,335.17",0.75%
2018-04-14,"1,345.46","1,335.17","1,347.31","1,335.17",0.75%
2018-04-15,"1,345.46","1,335.17","1,347.31","1,335.17",0.75%
2018-04-16,"1,345.92","1,344.60","1,350.73","1,340.07",0.03%
2018-04-17,"1,347.29","1,345.82","1,349.61","1,337.59",0.10%
2018-04-18,"1,349.32","1,347.53","1,355.90","1,342.07",0.15%
2018-04-19,"1,345.60","1,349.38","1,354.95","1,340.94",-0.28%
2018-04-20,"1,335.13","1,346.22","1,346.47","1,334.86",-0.78%
2018-04-21,"1,335.13","1,346.22","1,346.47","1,334.86",-0.78%
2018-04-22,"1,335.13","1,346.22","1,346.47","1,334.86",-0.78%
2018-04-23,"1,325.00","1,335.19","1,335.66","1,322.04",-0.76%
2018-04-24,"1,330.68","1,324.74","1,332.86","1,322.51",0.43%
2018-04-25,"1,323.33","1,330.64","1,332.26","1,318.76",-0.55%
2018-04-26,"1,317.28","1,322.91","1,326.80","1,315.24",-0.46%
2018-04-27,"1,322.80","1,317.07","1,325.41","1,315.45",0.42%
2018-04-28,"1,322.80","1,317.07","1,325.41","1,315.45",0.42%
2018-04-29,"1,322.80","1,317.07","1,325.41","1,315.45",0.42%
2018-04-30,"1,315.35","1,322.80","1,325.17","1,310.29",-0.56%
2018-05-01,"1,303.97","1,315.40","1,316.56","1,301.74",-0.87%
2018-05-02,"1,304.84","1,304.20","1,313.59","1,303.79",0.07%
2018-05-03,"1,312.09","1,304.78","1,318.23","1,304.60",0.56%
2018-05-04,"1,315.05","1,312.31","1,315.47","1,308.08",0.23%
2018-05-05,"1,315.05","1,312.31","1,315.47","1,308.08",0.23%
2018-05-06,"1,315.05","1,312.31","1,315.47","1,308.08",0.23%
2018-05-07,"1,314.30","1,315.05","1,319.08","1,310.15",-0.06%
2018-05-08,"1,314.47","1,313.59","1,317.86","1,305.99",0.01%
2018-05-09,"1,312.78","1,314.51","1,317.61","1,304.34",-0.13%
2018-05-10,"1,321.40","1,312.06","1,322.94","1,310.74",0.66%
2018-05-11,"1,318.22","1,321.44","1,326.17","1,317.63",-0.24%
2018-05-12,"1,318.22","1,321.44","1,326.17","1,317.63",-0.24%
2018-05-13,"1,318.22","1,321.44","1,326.17","1,317.63",-0.24%
2018-05-14,"1,312.82","1,318.55","1,322.58","1,312.75",-0.41%
2018-05-15,"1,290.65","1,313.13","1,315.06","1,288.56",-1.69%
2018-05-16,"1,291.03","1,289.98","1,297.13","1,286.37",0.03%
2018-05-17,"1,291.00","1,290.57","1,294.59","1,285.64",-0.00%
2018-05-18,"1,292.50","1,290.74","1,294.44","1,286.02",0.12%
2018-05-19,"1,292.50","1,290.74","1,294.44","1,286.02",0.12%
2018-05-20,"1,292.50","1,290.74","1,294.44","1,286.02",0.12%
2018-05-21,"1,292.68","1,290.90","1,293.38","1,282.00",0.01%
2018-05-22,"1,291.32","1,292.93","1,296.28","1,287.78",-0.10%
2018-05-23,"1,293.75","1,291.18","1,298.01","1,288.02",0.19%
2018-05-24,"1,304.88","1,294.08","1,306.77","1,292.68",0.86%
2018-05-25,"1,301.61","1,304.42","1,307.95","1,299.81",-0.25%
2018-05-26,"1,301.61","1,304.42","1,307.95","1,299.81",-0.25%
2018-05-27,"1,301.61","1,304.42","1,307.95","1,299.81",-0.25%
2018-05-28,"1,298.10","1,298.93","1,300.30","1,295.41",-0.27%
2018-05-29,"1,298.85","1,298.15","1,306.46","1,293.62",0.06%
2018-05-30,"1,301.48","1,299.20","1,304.55","1,295.66",0.20%
2018-05-31,"1,298.32","1,301.56","1,306.69","1,297.75",-0.24%
2018-06-01,"1,293.15","1,298.79","1,300.66","1,289.34",-0.40%
2018-06-02,"1,293.15","1,298.79","1,300.66","1,289.34",-0.40%
2018-06-03,"1,293.15","1,298.79","1,300.66","1,289.34",-0.40%
2018-06-04,"1,291.98","1,293.16","1,298.26","1,290.18",-0.09%
2018-06-05,"1,296.14","1,292.34","1,300.81","1,289.77",0.32%
2018-06-06,"1,297.00","1,296.58","1,302.10","1,293.77",0.07%
2018-06-07,"1,297.13","1,296.98","1,303.30","1,294.87",0.01%
2018-06-08,"1,298.75","1,297.03","1,300.93","1,293.84",0.13%
2018-06-09,"1,298.75","1,297.03","1,300.93","1,293.84",0.13%
2018-06-10,"1,298.75","1,297.03","1,300.93","1,293.84",0.13%
2018-06-11,"1,300.15","1,299.40","1,302.50","1,293.96",0.11%
2018-06-12,"1,295.97","1,300.42","1,300.81","1,292.97",-0.32%
2018-06-13,"1,299.71","1,295.98","1,301.44","1,292.42",0.29%
2018-06-14,"1,302.22","1,299.84","1,309.64","1,297.32",0.19%
2018-06-15,"1,279.84","1,302.26","1,303.33","1,275.30",-1.72%
2018-06-16,"1,279.84","1,302.26","1,303.33","1,275.30",-1.72%
2018-06-17,"1,279.84","1,302.26","1,303.33","1,275.30",-1.72%
2018-06-18,"1,278.31","1,279.15","1,281.92","1,276.94",-0.12%
2018-06-19,"1,274.77","1,278.56","1,284.43","1,270.28",-0.28%
2018-06-20,"1,268.10","1,274.81","1,276.59","1,267.60",-0.52%
2018-06-21,"1,267.20","1,268.34","1,270.47","1,261.23",-0.07%
2018-06-22,"1,269.28","1,267.30","1,271.27","1,266.48",0.16%
2018-06-23,"1,269.28","1,267.30","1,271.27","1,266.48",0.16%
2018-06-24,"1,269.28","1,267.30","1,271.27","1,266.48",0.16%
2018-06-25,"1,266.00","1,271.74","1,272.90","1,264.20",-0.26%
2018-06-26,"1,258.98","1,266.11","1,268.04","1,254.54",-0.55%
2018-06-27,"1,252.02","1,258.28","1,260.23","1,250.64",-0.55%
2018-06-28,"1,248.28","1,251.96","1,254.42","1,245.67",-0.30%
2018-06-29,"1,253.00","1,247.99","1,256.04","1,246.06",0.38%
2018-06-30,"1,253.00","1,247.99","1,256.04","1,246.06",0.38%
2018-07-01,"1,253.00","1,247.99","1,256.04","1,246.06",0.38%
2018-07-02,"1,241.97","1,253.49","1,254.48","1,239.45",-0.88%
2018-07-03,"1,252.93","1,242.13","1,257.31","1,237.71",0.88%
2018-07-04,"1,256.95","1,252.14","1,261.44","1,251.81",0.32%
2018-07-05,"1,257.76","1,256.87","1,259.99","1,251.04",0.06%
2018-07-06,"1,254.98","1,257.50","1,258.96","1,252.54",-0.22%
2018-07-07,"1,254.98","1,257.50","1,258.96","1,252.54",-0.22%
2018-07-08,"1,254.98","1,257.50","1,258.96","1,252.54",-0.22%
2018-07-09,"1,257.77","1,255.13","1,266.26","1,255.02",0.22%
2018-07-10,"1,255.65","1,257.68","1,260.64","1,247.16",-0.17%
2018-07-11,"1,242.16","1,255.88","1,257.10","1,241.28",-1.07%
2018-07-12,"1,247.15","1,242.14","1,248.93","1,241.23",0.40%
2018-07-13,"1,241.52","1,247.45","1,248.27","1,236.78",-0.45%
2018-07-14,"1,241.52","1,247.45","1,248.27","1,236.78",-0.45%
2018-07-15,"1,241.52","1,247.45","1,248.27","1,236.78",-0.45%
2018-07-16,"1,240.82","1,241.41","1,245.90","1,238.13",-0.06%
2018-07-17,"1,227.52","1,240.76","1,245.31","1,225.94",-1.07%
2018-07-18,"1,227.18","1,227.47","1,229.54","1,221.07",-0.03%
2018-07-19,"1,222.80","1,227.46","1,229.07","1,211.48",-0.36%
2018-07-20,"1,231.77","1,223.33","1,232.94","1,215.70",0.73%
2018-07-21,"1,231.77","1,223.33","1,232.94","1,215.70",0.73%
2018-07-22,"1,231.77","1,223.33","1,232.94","1,215.70",0.73%
2018-07-23,"1,224.54","1,231.55","1,235.50","1,222.07",-0.59%
2018-07-24,"1,224.55","1,224.94","1,229.76","1,218.08",0.00%
2018-07-25,"1,231.61","1,224.34","1,234.51","1,223.02",0.58%
2018-07-26,"1,222.68","1,231.34","1,235.57","1,222.13",-0.73%
2018-07-27,"1,223.38","1,222.99","1,227.51","1,217.30",0.06%
2018-07-28,"1,223.38","1,222.99","1,227.51","1,217.30",0.06%
2018-07-29,"1,223.38","1,222.99","1,227.51","1,217.30",0.06%
2018-07-30,"1,221.80","1,222.96","1,225.44","1,218.86",-0.13%
2018-07-31,"1,223.83","1,221.78","1,228.52","1,214.48",0.17%
2018-08-01,"1,216.06","1,223.97","1,225.10","1,215.58",-0.64%
2018-08-02,"1,207.96","1,215.46","1,221.39","1,207.03",-0.67%
2018-08-03,"1,213.43","1,208.09","1,220.38","1,204.28",0.45%
2018-08-04,"1,213.43","1,208.09","1,220.38","1,204.28",0.45%
2018-08-05,"1,213.43","1,208.09","1,220.38","1,204.28",0.45%
2018-08-06,"1,206.94","1,213.65","1,218.21","1,206.44",-0.53%
2018-08-07,"1,211.02","1,207.54","1,216.51","1,207.54",0.34%
2018-08-08,"1,213.60","1,210.81","1,216.20","1,206.28",0.21%
2018-08-09,"1,212.34","1,213.94","1,217.64","1,210.64",-0.10%
2018-08-10,"1,211.30","1,212.54","1,217.29","1,205.66",-0.09%
2018-08-11,"1,211.30","1,212.54","1,217.29","1,205.66",-0.09%
2018-08-12,"1,211.30","1,212.54","1,217.29","1,205.66",-0.09%
2018-08-13,"1,193.64","1,211.24","1,214.07","1,191.61",-1.46%
2018-08-14,"1,194.03","1,194.19","1,198.99","1,191.99",0.03%
2018-08-15,"1,174.88","1,194.41","1,194.84","1,173.03",-1.60%
2018-08-16,"1,174.16","1,175.57","1,182.25","1,160.19",-0.06%
2018-08-17,"1,184.77","1,173.73","1,185.34","1,171.82",0.90%
2018-08-18,"1,184.77","1,173.73","1,185.34","1,171.82",0.90%
2018-08-19,"1,184.77","1,173.73","1,185.34","1,171.82",0.90%
2018-08-20,"1,190.53","1,183.74","1,191.26","1,182.61",0.49%
2018-08-21,"1,196.13","1,190.61","1,197.13","1,187.47",0.47%
2018-08-22,"1,195.51","1,196.80","1,201.84","1,192.40",-0.05%
2018-08-23,"1,185.31","1,195.94","1,196.84","1,183.67",-0.85%
2018-08-24,"1,205.96","1,185.41","1,208.83","1,183.12",1.74%
2018-08-25,"1,205.96","1,185.41","1,208.83","1,183.12",1.74%
2018-08-26,"1,205.96","1,185.41","1,208.83","1,183.12",1.74%
2018-08-27,"1,211.34","1,206.94","1,212.63","1,202.86",0.45%
2018-08-28,"1,201.26","1,211.61","1,214.67","1,199.39",-0.83%
2018-08-29,"1,206.66","1,201.31","1,207.63","1,200.89",0.45%
2018-08-30,"1,199.88","1,206.58","1,208.05","1,196.20",-0.56%
2018-08-31,"1,201.09","1,200.58","1,209.17","1,198.42",0.10%
2018-09-01,"1,201.09","1,200.58","1,209.17","1,198.42",0.10%
2018-09-02,"1,201.09","1,200.58","1,209.17","1,198.42",0.10%
2018-09-03,"1,201.15","1,200.29","1,204.20","1,195.64",0.01%
2018-09-04,"1,191.35","1,201.67","1,202.33","1,189.53",-0.82%
2018-09-05,"1,196.75","1,191.47","1,198.72","1,190.86",0.45%
2018-09-06,"1,200.15","1,197.23","1,207.37","1,195.61",0.28%
2018-09-07,"1,195.85","1,199.97","1,203.80","1,193.19",-0.36%
2018-09-08,"1,195.85","1,199.97","1,203.80","1,193.19",-0.36%
2018-09-09,"1,195.85","1,199.97","1,203.80","1,193.19",-0.36%
2018-09-10,"1,195.88","1,195.41","1,198.72","1,191.40",0.00%
2018-09-11,"1,198.29","1,195.43","1,199.60","1,187.57",0.20%
2018-09-12,"1,206.19","1,198.65","1,208.85","1,192.51",0.66%
2018-09-13,"1,201.44","1,206.94","1,212.90","1,199.98",-0.39%
2018-09-14,"1,193.71","1,201.76","1,208.94","1,192.93",-0.64%
2018-09-15,"1,193.71","1,201.76","1,208.94","1,192.93",-0.64%
2018-09-16,"1,193.71","1,201.76","1,208.94","1,192.93",-0.64%
2018-09-17,"1,200.93","1,193.18","1,205.17","1,192.76",0.60%
2018-09-18,"1,198.35","1,201.86","1,203.78","1,195.76",-0.21%
2018-09-19,"1,203.98","1,198.17","1,206.41","1,197.64",0.47%
2018-09-20,"1,207.58","1,203.83","1,208.69","1,201.07",0.30%
2018-09-21,"1,199.55","1,207.48","1,211.39","1,191.76",-0.67%
2018-09-22,"1,199.55","1,207.48","1,211.39","1,191.76",-0.67%
2018-09-23,"1,199.55","1,207.48","1,211.39","1,191.76",-0.67%
2018-09-24,"1,198.85","1,198.31","1,204.44","1,194.21",-0.06%
2018-09-25,"1,201.31","1,198.84","1,203.51","1,197.01",0.20%
2018-09-26,"1,194.46","1,201.23","1,202.84","1,190.41",-0.57%
2018-09-27,"1,182.80","1,194.84","1,198.96","1,181.88",-0.98%
2018-09-28,"1,192.09","1,182.89","1,193.95","1,180.68",0.79%
2018-09-29,"1,192.09","1,182.89","1,193.95","1,180.68",0.79%
2018-09-30,"1,192.09","1,182.89","1,193.95","1,180.68",0.79%
2018-10-01,"1,188.46","1,192.19","1,192.51","1,184.46",-0.30%
2018-10-02,"1,203.10","1,188.86","1,208.52","1,188.44",1.23%
2018-10-03,"1,197.37","1,203.45","1,208.72","1,196.55",-0.48%
2018-10-04,"1,199.66","1,197.35","1,207.09","1,195.77",0.19%
2018-10-05,"1,202.85","1,199.75","1,206.09","1,196.99",0.27%
2018-10-06,"1,202.85","1,199.75","1,206.09","1,196.99",0.27%
2018-10-07,"1,202.85","1,199.75","1,206.09","1,196.99",0.27%
2018-10-08,"1,188.01","1,203.15","1,204.31","1,183.57",-1.23%
2018-10-09,"1,189.62","1,188.63","1,192.19","1,183.24",0.14%
2018-10-10,"1,194.78","1,189.66","1,194.98","1,185.13",0.43%
2018-10-11,"1,224.33","1,194.95","1,226.51","1,191.10",2.47%
2018-10-12,"1,217.93","1,224.24","1,224.38","1,215.60",-0.52%
2018-10-13,"1,217.93","1,224.24","1,224.38","1,215.60",-0.52%
2018-10-14,"1,217.93","1,224.24","1,224.38","1,215.60",-0.52%
2018-10-15,"1,226.94","1,217.44","1,233.67","1,217.40",0.74%
2018-10-16,"1,224.43","1,227.17","1,232.71","1,223.35",-0.20%
2018-10-17,"1,222.68","1,224.59","1,229.82","1,220.33",-0.14%
2018-10-18,"1,225.75","1,222.02","1,230.51","1,218.44",0.25%
2018-10-19,"1,226.31","1,225.66","1,231.01","1,222.93",0.05%
2018-10-20,"1,226.31","1,225.66","1,231.01","1,222.93",0.05%
2018-10-21,"1,226.31","1,225.66","1,231.01","1,222.93",0.05%
2018-10-22,"1,222.17","1,228.06","1,229.78","1,219.95",-0.34%
2018-10-23,"1,230.48","1,222.15","1,239.94","1,221.65",0.68%
2018-10-24,"1,234.22","1,230.52","1,234.24","1,225.42",0.30%
2018-10-25,"1,232.23","1,234.55","1,239.54","1,227.84",-0.16%
2018-10-26,"1,233.58","1,232.25","1,243.63","1,229.78",0.11%
2018-10-27,"1,233.58","1,232.25","1,243.63","1,229.78",0.11%
2018-10-28,"1,233.58","1,232.25","1,243.63","1,229.78",0.11%
2018-10-29,"1,229.74","1,234.15","1,235.73","1,224.31",-0.31%
2018-10-30,"1,223.44","1,230.06","1,230.83","1,219.71",-0.51%
2018-10-31,"1,214.54","1,223.04","1,223.50","1,211.82",-0.73%
2018-11-01,"1,233.23","1,215.24","1,237.74","1,214.69",1.54%
2018-11-02,"1,232.89","1,234.37","1,236.72","1,229.67",-0.03%
2018-11-03,"1,232.89","1,234.37","1,236.72","1,229.67",-0.03%
2018-11-04,"1,232.89","1,234.37","1,236.72","1,229.67",-0.03%
2018-11-05,"1,231.30","1,233.09","1,235.32","1,226.77",-0.13%
2018-11-06,"1,226.80","1,231.36","1,236.33","1,223.34",-0.37%
2018-11-07,"1,226.10","1,226.92","1,236.20","1,223.13",-0.06%
2018-11-08,"1,223.54","1,226.04","1,227.24","1,219.94",-0.21%
2018-11-09,"1,209.59","1,223.54","1,224.09","1,206.53",-1.14%
2018-11-10,"1,209.59","1,223.54","1,224.09","1,206.53",-1.14%
2018-11-11,"1,209.59","1,223.54","1,224.09","1,206.53",-1.14%
2018-11-12,"1,200.65","1,210.05","1,211.79","1,200.31",-0.74%
2018-11-13,"1,202.34","1,200.65","1,205.57","1,196.19",0.14%
2018-11-14,"1,210.91","1,202.25","1,216.51","1,197.43",0.71%
2018-11-15,"1,213.00","1,210.85","1,216.66","1,207.83",0.17%
2018-11-16,"1,221.47","1,213.01","1,225.67","1,212.61",0.70%
2018-11-17,"1,221.47","1,213.01","1,225.67","1,212.61",0.70%
2018-11-18,"1,221.47","1,213.01","1,225.67","1,212.61",0.70%
2018-11-19,"1,224.05","1,222.34","1,225.51","1,217.82",0.21%
2018-11-20,"1,221.55","1,224.06","1,229.04","1,219.69",-0.20%
2018-11-21,"1,226.02","1,221.53","1,230.33","1,219.52",0.37%
2018-11-22,"1,227.45","1,226.02","1,229.45","1,224.81",0.12%
2018-11-23,"1,223.19","1,227.08","1,228.92","1,220.12",-0.35%
2018-11-24,"1,223.19","1,227.08","1,228.92","1,220.12",-0.35%
2018-11-25,"1,223.19","1,227.08","1,228.92","1,220.12",-0.35%
2018-11-26,"1,222.37","1,224.04","1,228.44","1,221.45",-0.07%
2018-11-27,"1,214.69","1,222.36","1,225.43","1,211.71",-0.63%
2018-11-28,"1,221.11","1,214.64","1,226.55","1,210.99",0.53%
2018-11-29,"1,223.99","1,221.13","1,229.23","1,220.45",0.24%
2018-11-30,"1,221.96","1,223.95","1,225.95","1,216.49",-0.17%
2018-12-01,"1,221.96","1,223.95","1,225.95","1,216.49",-0.17%
2018-12-02,"1,221.96","1,223.95","1,225.95","1,216.49",-0.17%
2018-12-03,"1,231.07","1,223.19","1,235.19","1,221.22",0.75%
2018-12-04,"1,238.55","1,231.03","1,242.22","1,230.34",0.61%
2018-12-05,"1,237.56","1,238.55","1,239.64","1,233.21",-0.08%
2018-12-06,"1,237.99","1,237.56","1,244.72","1,234.56",0.04%
2018-12-07,"1,248.09","1,238.00","1,250.44","1,237.29",0.82%
2018-12-08,"1,248.09","1,238.00","1,250.44","1,237.29",0.82%
2018-12-09,"1,248.09","1,238.00","1,250.44","1,237.29",0.82%
2018-12-10,"1,244.58","1,250.76","1,250.85","1,241.47",-0.28%
2018-12-11,"1,242.94","1,244.52","1,249.89","1,240.81",-0.13%
2018-12-12,"1,245.80","1,242.94","1,247.52","1,241.94",0.23%
2018-12-13,"1,242.46","1,245.69","1,247.14","1,240.05",-0.27%
2018-12-14,"1,238.21","1,242.43","1,243.30","1,232.70",-0.34%
2018-12-15,"1,238.21","1,242.43","1,243.30","1,232.70",-0.34%
2018-12-16,"1,238.21","1,242.43","1,243.30","1,232.70",-0.34%
2018-12-17,"1,245.91","1,237.60","1,248.46","1,235.69",0.62%
2018-12-18,"1,249.38","1,246.02","1,250.63","1,244.79",0.28%
2018-12-19,"1,243.40","1,249.37","1,258.44","1,241.49",-0.48%
2018-12-20,"1,260.15","1,243.40","1,266.70","1,242.70",1.35%
2018-12-21,"1,256.01","1,260.10","1,263.12","1,253.68",-0.33%
2018-12-22,"1,256.01","1,260.10","1,263.12","1,253.68",-0.33%
2018-12-23,"1,256.01","1,260.10","1,263.12","1,253.68",-0.33%
2018-12-24,"1,269.13","1,258.65","1,270.13","1,257.96",1.04%
2018-12-25,"1,269.13","1,258.65","1,270.13","1,257.96",1.04%
2018-12-26,"1,266.98","1,270.75","1,279.33","1,264.56",-0.17%
2018-12-27,"1,275.22","1,266.89","1,279.30","1,266.42",0.65%
2018-12-28,"1,280.75","1,275.23","1,282.34","1,274.19",0.43%
2018-12-29,"1,280.75","1,275.23","1,282.34","1,274.19",0.43%
2018-12-30,"1,280.75","1,275.23","1,282.34","1,274.19",0.43%
2018-12-31,"1,282.82","1,280.20","1,284.34","1,277.31",0.16%
2019-01-01,"1,282.61","1,282.78","1,283.05","1,282.52",-0.02%
2019-01-02,"1,284.77","1,282.30","1,288.93","1,278.59",0.17%
2019-01-03,"1,293.99","1,284.80","1,295.11","1,284.17",0.72%
2019-01-04,"1,284.92","1,294.04","1,298.68","1,276.66",-0.70%
2019-01-05,"1,284.92","1,294.04","1,298.68","1,276.66",-0.70%
2019-01-06,"1,284.92","1,294.04","1,298.68","1,276.66",-0.70%
2019-01-07,"1,288.67","1,286.01","1,295.42","1,282.53",0.29%
2019-01-08,"1,285.35","1,288.68","1,290.44","1,279.10",-0.26%
2019-01-09,"1,293.13","1,285.36","1,294.25","1,279.90",0.61%
2019-01-10,"1,286.38","1,293.13","1,297.47","1,285.99",-0.52%
2019-01-11,"1,288.00","1,286.30","1,295.55","1,286.01",0.13%
2019-01-12,"1,288.00","1,286.30","1,295.55","1,286.01",0.13%
2019-01-13,"1,288.00","1,286.30","1,295.55","1,286.01",0.13%
2019-01-14,"1,291.73","1,287.70","1,296.21","1,287.45",0.29%
2019-01-15,"1,289.31","1,291.73","1,295.03","1,286.60",-0.19%
2019-01-16,"1,293.52","1,289.11","1,295.22","1,287.77",0.33%
2019-01-17,"1,291.90","1,293.55","1,295.62","1,288.67",-0.13%
2019-01-18,"1,281.49","1,291.88","1,292.73","1,280.49",-0.81%
2019-01-19,"1,281.49","1,291.88","1,292.73","1,280.49",-0.81%
2019-01-20,"1,281.49","1,291.88","1,292.73","1,280.49",-0.81%
2019-01-21,"1,280.28","1,281.64","1,283.95","1,276.58",-0.09%
2019-01-22,"1,285.04","1,279.94","1,285.84","1,277.21",0.37%
2019-01-23,"1,282.40","1,285.04","1,286.90","1,278.40",-0.21%
2019-01-24,"1,280.94","1,282.42","1,285.19","1,276.79",-0.11%
2019-01-25,"1,303.22","1,280.93","1,303.78","1,279.71",1.74%
2019-01-26,"1,303.22","1,280.93","1,303.78","1,279.71",1.74%
2019-01-27,"1,303.22","1,280.93","1,303.78","1,279.71",1.74%
2019-01-28,"1,303.53","1,303.82","1,304.79","1,297.54",0.02%
2019-01-29,"1,311.93","1,303.53","1,312.34","1,302.45",0.64%
2019-01-30,"1,319.91","1,311.95","1,323.67","1,308.81",0.61%
2019-01-31,"1,320.94","1,319.87","1,326.65","1,317.39",0.08%
2019-02-01,"1,318.00","1,320.93","1,323.82","1,315.94",-0.22%
2019-02-02,"1,318.00","1,320.93","1,323.82","1,315.94",-0.22%
2019-02-03,"1,318.00","1,320.93","1,323.82","1,315.94",-0.22%
2019-02-04,"1,311.75","1,318.13","1,319.11","1,308.50",-0.47%
2019-02-05,"1,315.02","1,311.73","1,317.13","1,310.59",0.25%
2019-02-06,"1,306.22","1,315.02","1,316.16","1,305.70",-0.67%
2019-02-07,"1,310.09","1,306.19","1,312.27","1,302.53",0.30%
2019-02-08,"1,314.06","1,310.13","1,316.05","1,307.53",0.30%
2019-02-09,"1,314.06","1,310.13","1,316.05","1,307.53",0.30%
2019-02-10,"1,314.06","1,310.13","1,316.05","1,307.53",0.30%
2019-02-11,"1,308.32","1,314.55","1,315.01","1,303.69",-0.44%
2019-02-12,"1,310.90","1,308.22","1,315.10","1,306.44",0.20%
2019-02-13,"1,306.19","1,310.89","1,318.36","1,304.80",-0.36%
2019-02-14,"1,312.55","1,306.17","1,314.70","1,302.88",0.49%
2019-02-15,"1,321.41","1,312.64","1,322.76","1,311.17",0.68%
2019-02-16,"1,321.41","1,312.64","1,322.76","1,311.17",0.68%
2019-02-17,"1,321.41","1,312.64","1,322.76","1,311.17",0.68%
2019-02-18,"1,326.90","1,321.41","1,328.05","1,320.60",0.42%
2019-02-19,"1,341.17","1,326.25","1,342.11","1,322.63",1.08%
2019-02-20,"1,338.49","1,341.24","1,347.11","1,336.79",-0.20%
2019-02-21,"1,323.49","1,338.59","1,341.71","1,321.99",-1.12%
2019-02-22,"1,327.80","1,323.51","1,333.41","1,321.39",0.32%
2019-02-23,"1,327.80","1,323.51","1,333.41","1,321.39",0.32%
2019-02-24,"1,327.80","1,323.51","1,333.41","1,321.39",0.32%
2019-02-25,"1,327.13","1,328.89","1,332.80","1,325.15",-0.05%
2019-02-26,"1,328.96","1,327.11","1,330.40","1,323.44",0.14%
2019-02-27,"1,319.88","1,328.92","1,329.96","1,316.78",-0.68%
2019-02-28,"1,313.05","1,319.87","1,327.44","1,312.41",-0.52%
2019-03-01,"1,293.56","1,312.94","1,315.46","1,290.24",-1.48%
2019-03-02,"1,293.56","1,312.94","1,315.46","1,290.24",-1.48%
2019-03-03,"1,293.56","1,312.94","1,315.46","1,290.24",-1.48%
2019-03-04,"1,286.67","1,293.61","1,297.35","1,282.88",-0.53%
2019-03-05,"1,287.43","1,286.67","1,289.92","1,281.10",0.06%
2019-03-06,"1,286.76","1,287.48","1,291.11","1,283.51",-0.05%
2019-03-07,"1,285.74","1,286.71","1,289.10","1,281.27",-0.08%
2019-03-08,"1,298.40","1,285.78","1,300.85","1,285.18",0.98%
2019-03-09,"1,298.40","1,285.78","1,300.85","1,285.18",0.98%
2019-03-10,"1,298.40","1,285.78","1,300.85","1,285.18",0.98%
2019-03-11,"1,294.25","1,298.85","1,299.44","1,290.34",-0.32%
2019-03-12,"1,302.01","1,293.84","1,302.40","1,292.08",0.60%
2019-03-13,"1,309.28","1,302.16","1,311.56","1,300.61",0.56%
2019-03-14,"1,296.28","1,309.76","1,310.53","1,292.83",-0.99%
2019-03-15,"1,301.38","1,296.15","1,306.79","1,293.82",0.39%
2019-03-16,"1,301.38","1,296.15","1,306.79","1,293.82",0.39%
2019-03-17,"1,301.38","1,296.15","1,306.79","1,293.82",0.39%
2019-03-18,"1,303.70","1,302.34","1,306.89","1,298.19",0.18%
2019-03-19,"1,306.55","1,303.60","1,311.19","1,302.50",0.22%
2019-03-20,"1,312.48","1,305.74","1,317.03","1,298.58",0.45%
2019-03-21,"1,309.45","1,313.05","1,320.62","1,303.40",-0.23%
2019-03-22,"1,313.13","1,309.55","1,315.20","1,306.81",0.28%
2019-03-23,"1,313.13","1,309.55","1,315.20","1,306.81",0.28%
2019-03-24,"1,313.13","1,309.55","1,315.20","1,306.81",0.28%
2019-03-25,"1,321.80","1,313.35","1,324.57","1,310.97",0.66%
2019-03-26,"1,315.42","1,321.80","1,323.41","1,312.69",-0.48%
2019-03-27,"1,309.46","1,315.61","1,319.60","1,308.03",-0.45%
2019-03-28,"1,290.15","1,309.85","1,312.48","1,288.58",-1.47%
2019-03-29,"1,291.90","1,290.59","1,300.01","1,286.77",0.14%
2019-03-30,"1,291.90","1,290.59","1,300.01","1,286.77",0.14%
2019-03-31,"1,291.90","1,290.59","1,300.01","1,286.77",0.14%
2019-04-01,"1,287.42","1,291.48","1,297.23","1,286.64",-0.35%
2019-04-02,"1,292.75","1,287.55","1,293.15","1,285.17",0.41%
2019-04-03,"1,289.66","1,292.34","1,294.81","1,288.34",-0.24%
2019-04-04,"1,292.13","1,290.10","1,294.55","1,280.91",0.19%
2019-04-05,"1,291.30","1,292.44","1,293.69","1,284.44",-0.06%
2019-04-06,"1,291.30","1,292.44","1,293.69","1,284.44",-0.06%
2019-04-07,"1,291.30","1,292.44","1,293.69","1,284.44",-0.06%
2019-04-08,"1,297.17","1,291.80","1,303.97","1,291.39",0.45%
2019-04-09,"1,303.89","1,297.65","1,306.50","1,296.57",0.52%
2019-04-10,"1,307.80","1,304.09","1,310.96","1,301.06",0.30%
2019-04-11,"1,292.34","1,308.10","1,309.37","1,289.66",-1.18%
2019-04-12,"1,290.00","1,292.30","1,296.10","1,290.09",-0.18%
2019-04-13,"1,290.00","1,292.30","1,296.10","1,290.09",-0.18%
2019-04-14,"1,290.00","1,292.30","1,296.10","1,290.09",-0.18%
2019-04-15,"1,287.64","1,290.60","1,292.08","1,282.37",-0.18%
2019-04-16,"1,276.17","1,287.90","1,288.85","1,272.94",-0.89%
2019-04-17,"1,273.74","1,276.84","1,280.01","1,272.94",-0.19%
2019-04-18,"1,275.01","1,273.49","1,277.97","1,271.07",0.10%
2019-04-19,"1,275.01","1,273.49","1,277.97","1,271.07",0.10%
2019-04-20,"1,275.01","1,273.49","1,277.97","1,271.07",0.10%
2019-04-21,"1,275.01","1,273.49","1,277.97","1,271.07",0.10%
2019-04-22,"1,274.68","1,275.83","1,280.14","1,273.66",-0.03%
2019-04-23,"1,272.15","1,275.40","1,276.83","1,266.25",-0.20%
2019-04-24,"1,274.96","1,272.30","1,278.79","1,268.58",0.22%
2019-04-25,"1,276.95","1,275.60","1,282.81","1,273.35",0.16%
2019-04-26,"1,285.85","1,277.27","1,289.01","1,276.05",0.70%
2019-04-27,"1,285.85","1,277.27","1,289.01","1,276.05",0.70%
2019-04-28,"1,285.85","1,277.27","1,289.01","1,276.05",0.70%
2019-04-29,"1,279.55","1,286.55","1,287.00","1,277.97",-0.49%
2019-04-30,"1,283.35","1,279.98","1,286.58","1,279.69",0.30%
2019-05-01,"1,276.35","1,283.59","1,287.38","1,273.16",-0.55%
2019-05-02,"1,270.29","1,276.94","1,278.18","1,266.18",-0.48%
2019-05-03,"1,278.94","1,270.74","1,282.84","1,268.90",0.68%
2019-05-04,"1,278.94","1,270.74","1,282.84","1,268.90",0.68%
2019-05-05,"1,278.94","1,270.74","1,282.84","1,268.90",0.68%
2019-05-06,"1,280.07","1,281.19","1,285.90","1,276.85",0.09%
2019-05-07,"1,284.30","1,281.10","1,286.37","1,278.04",0.33%
2019-05-08,"1,280.53","1,284.15","1,291.73","1,279.37",-0.29%
2019-05-09,"1,283.74","1,280.74","1,288.57","1,279.43",0.25%
2019-05-10,"1,285.60","1,284.34","1,289.60","1,283.10",0.14%
2019-05-11,"1,285.60","1,284.34","1,289.60","1,283.10",0.14%
2019-05-12,"1,285.60","1,284.34","1,289.60","1,283.10",0.14%
2019-05-13,"1,299.66","1,286.71","1,301.50","1,281.77",1.09%
2019-05-14,"1,296.78","1,300.24","1,303.47","1,293.52",-0.22%
2019-05-15,"1,296.42","1,297.17","1,301.18","1,292.85",-0.03%
2019-05-16,"1,286.40","1,296.90","1,299.06","1,284.06",-0.77%
2019-05-17,"1,277.15","1,286.50","1,289.24","1,274.91",-0.72%
2019-05-18,"1,277.15","1,286.50","1,289.24","1,274.91",-0.72%
2019-05-19,"1,277.15","1,286.50","1,289.24","1,274.91",-0.72%
2019-05-20,"1,277.49","1,277.80","1,279.32","1,273.60",0.03%
2019-05-21,"1,274.72","1,278.10","1,278.16","1,269.34",-0.22%
2019-05-22,"1,273.36","1,274.74","1,277.59","1,272.28",-0.11%
2019-05-23,"1,283.05","1,273.80","1,287.62","1,272.61",0.76%
2019-05-24,"1,284.65","1,283.55","1,285.59","1,280.59",0.12%
2019-05-25,"1,284.65","1,283.55","1,285.59","1,280.59",0.12%
2019-05-26,"1,284.65","1,283.55","1,285.59","1,280.59",0.12%
2019-05-27,"1,284.80","1,285.80","1,287.69","1,283.68",0.01%
2019-05-28,"1,279.06","1,285.55","1,286.75","1,276.01",-0.45%
2019-05-29,"1,279.20","1,279.56","1,285.79","1,278.88",0.01%
2019-05-30,"1,288.50","1,279.74","1,289.24","1,274.82",0.73%
2019-05-31,"1,305.25","1,288.35","1,307.11","1,288.00",1.30%
2019-06-01,"1,305.25","1,288.35","1,307.11","1,288.00",1.30%
2019-06-02,"1,305.25","1,288.35","1,307.11","1,288.00",1.30%
2019-06-03,"1,324.77","1,307.40","1,328.34","1,306.62",1.50%
2019-06-04,"1,324.88","1,325.05","1,329.41","1,319.90",0.01%
2019-06-05,"1,329.78","1,325.50","1,344.24","1,324.53",0.37%
2019-06-06,"1,334.80","1,331.99","1,340.09","1,327.26",0.38%
2019-06-07,"1,340.30","1,335.45","1,348.45","1,330.08",0.41%
2019-06-08,"1,340.30","1,335.45","1,348.45","1,330.08",0.41%
2019-06-09,"1,340.30","1,335.45","1,348.45","1,330.08",0.41%
2019-06-10,"1,327.73","1,335.94","1,337.77","1,324.90",-0.94%
2019-06-11,"1,326.66","1,328.40","1,330.22","1,319.74",-0.08%
2019-06-12,"1,333.16","1,327.05","1,338.58","1,326.04",0.49%
2019-06-13,"1,341.95","1,334.00","1,343.41","1,332.22",0.66%
2019-06-14,"1,341.33","1,341.70","1,358.40","1,337.88",-0.05%
2019-06-15,"1,341.33","1,341.70","1,358.40","1,337.88",-0.05%
2019-06-16,"1,341.33","1,341.70","1,358.40","1,337.88",-0.05%
2019-06-17,"1,339.29","1,342.05","1,343.53","1,332.83",-0.15%
2019-06-18,"1,346.08","1,340.30","1,354.68","1,338.54",0.51%
2019-06-19,"1,359.87","1,346.55","1,362.50","1,341.19",1.02%
2019-06-20,"1,387.78","1,360.34","1,393.30","1,357.66",2.05%
2019-06-21,"1,398.65","1,388.22","1,411.08","1,382.44",0.78%
2019-06-22,"1,398.65","1,388.22","1,411.08","1,382.44",0.78%
2019-06-23,"1,398.65","1,388.22","1,411.08","1,382.44",0.78%
2019-06-24,"1,419.15","1,401.35","1,421.20","1,400.33",1.47%
2019-06-25,"1,422.85","1,419.17","1,438.99","1,412.30",0.26%
2019-06-26,"1,408.35","1,423.90","1,424.03","1,402.37",-1.02%
2019-06-27,"1,409.28","1,409.55","1,411.94","1,400.23",0.07%
2019-06-28,"1,409.10","1,409.56","1,424.67","1,406.64",-0.01%
2019-06-29,"1,409.10","1,409.56","1,424.67","1,406.64",-0.01%
2019-06-30,"1,409.10","1,409.56","1,424.67","1,406.64",-0.01%
2019-07-01,"1,384.06","1,392.83","1,397.69","1,381.84",-1.78%
2019-07-02,"1,418.19","1,383.55","1,419.80","1,383.55",2.47%
2019-07-03,"1,418.54","1,419.95","1,436.29","1,412.52",0.02%
2019-07-04,"1,415.19","1,419.59","1,422.02","1,410.43",-0.24%
2019-07-05,"1,399.55","1,415.80","1,424.24","1,386.97",-1.11%
2019-07-06,"1,399.55","1,415.80","1,424.24","1,386.97",-1.11%
2019-07-07,"1,399.55","1,415.80","1,424.24","1,386.97",-1.11%
2019-07-08,"1,395.20","1,400.05","1,408.03","1,391.79",-0.31%
2019-07-09,"1,397.80","1,395.60","1,400.13","1,386.35",0.19%
2019-07-10,"1,418.80","1,397.80","1,419.21","1,389.88",1.50%
2019-07-11,"1,403.60","1,419.20","1,426.21","1,401.58",-1.07%
2019-07-12,"1,415.49","1,403.90","1,417.09","1,403.12",0.85%
2019-07-13,"1,415.49","1,403.90","1,417.09","1,403.12",0.85%
2019-07-14,"1,415.49","1,403.90","1,417.09","1,403.12",0.85%
2019-07-15,"1,413.68","1,415.75","1,419.75","1,407.69",-0.13%
2019-07-16,"1,405.93","1,415.05","1,418.34","1,401.23",-0.55%
2019-07-17,"1,426.60","1,406.59","1,427.00","1,400.18",1.47%
2019-07-18,"1,446.00","1,426.80","1,448.35","1,414.68",1.36%
2019-07-19,"1,424.91","1,446.40","1,452.96","1,420.40",-1.46%
2019-07-20,"1,424.91","1,446.40","1,452.96","1,420.40",-1.46%
2019-07-21,"1,424.91","1,446.40","1,452.96","1,420.40",-1.46%
2019-07-22,"1,424.72","1,425.15","1,429.77","1,422.34",-0.01%
2019-07-23,"1,416.99","1,425.15","1,429.25","1,414.29",-0.54%
2019-07-24,"1,425.80","1,417.55","1,429.55","1,416.43",0.62%
2019-07-25,"1,414.13","1,426.30","1,433.84","1,411.08",-0.82%
2019-07-26,"1,418.31","1,414.40","1,424.83","1,413.72",0.30%
2019-07-27,"1,418.31","1,414.40","1,424.83","1,413.72",0.30%
2019-07-28,"1,418.31","1,414.40","1,424.83","1,413.72",0.30%
2019-07-29,"1,426.69","1,419.49","1,428.46","1,416.98",0.59%
2019-07-30,"1,430.60","1,426.84","1,433.12","1,422.12",0.27%
2019-07-31,"1,413.55","1,431.05","1,433.07","1,411.42",-1.19%
2019-08-01,"1,445.06","1,411.34","1,445.98","1,400.65",2.23%
2019-08-02,"1,440.45","1,445.80","1,448.23","1,430.20",-0.32%
2019-08-03,"1,440.45","1,445.80","1,448.23","1,430.20",-0.32%
2019-08-04,"1,440.45","1,445.80","1,448.23","1,430.20",-0.32%
2019-08-05,"1,463.60","1,440.65","1,470.05","1,437.03",1.61%
2019-08-06,"1,473.87","1,464.00","1,475.04","1,456.61",0.70%
2019-08-07,"1,500.80","1,474.25","1,510.28","1,472.28",1.83%
2019-08-08,"1,500.00","1,501.50","1,509.72","1,490.08",-0.05%
2019-08-09,"1,496.84","1,501.20","1,508.40","1,494.69",-0.21%
2019-08-10,"1,496.84","1,501.20","1,508.40","1,494.69",-0.21%
2019-08-11,"1,496.84","1,501.20","1,508.40","1,494.69",-0.21%
2019-08-12,"1,511.16","1,497.65","1,517.95","1,487.91",0.96%
2019-08-13,"1,501.14","1,510.74","1,534.75","1,481.38",-0.66%
2019-08-14,"1,516.08","1,501.38","1,524.30","1,494.34",1.00%
2019-08-15,"1,522.95","1,517.05","1,527.00","1,508.22",0.45%
2019-08-16,"1,513.75","1,523.90","1,527.75","1,504.20",-0.60%
2019-08-17,"1,513.75","1,523.90","1,527.75","1,504.20",-0.60%
2019-08-18,"1,513.75","1,523.90","1,527.75","1,504.20",-0.60%
2019-08-19,"1,495.00","1,511.15","1,513.00","1,492.65",-1.24%
2019-08-20,"1,506.85","1,495.60","1,508.60","1,492.85",0.79%
2019-08-21,"1,502.00","1,507.70","1,508.40","1,496.15",-0.32%
2019-08-22,"1,498.60","1,502.20","1,504.68","1,491.85",-0.23%
2019-08-23,"1,526.10","1,499.00","1,530.11","1,493.05",1.84%
2019-08-24,"1,526.10","1,499.00","1,530.11","1,493.05",1.84%
2019-08-25,"1,526.10","1,499.00","1,530.11","1,493.05",1.84%
2019-08-26,"1,526.00","1,539.30","1,555.13","1,524.55",-0.01%
2019-08-27,"1,542.40","1,526.30","1,544.78","1,524.85",1.07%
2019-08-28,"1,538.80","1,541.80","1,547.03","1,531.55",-0.23%
2019-08-29,"1,527.40","1,539.20","1,550.72","1,519.50",-0.74%
2019-08-30,"1,519.85","1,527.60","1,533.45","1,517.43",-0.49%
2019-08-31,"1,519.85","1,527.60","1,533.45","1,517.43",-0.49%
2019-09-01,"1,519.85","1,527.60","1,533.45","1,517.43",-0.49%
2019-09-02,"1,530.34","1,520.10","1,533.81","1,519.15",0.69%
2019-09-03,"1,546.70","1,529.60","1,549.90","1,521.51",1.07%
2019-09-04,"1,552.35","1,547.10","1,557.38","1,533.81",0.37%
2019-09-05,"1,519.10","1,552.50","1,553.38","1,509.39",-2.14%
2019-09-06,"1,506.70","1,519.20","1,527.90","1,502.89",-0.82%
2019-09-07,"1,506.70","1,519.20","1,527.90","1,502.89",-0.82%
2019-09-08,"1,506.70","1,519.20","1,527.90","1,502.89",-0.82%
2019-09-09,"1,498.65","1,507.10","1,515.55","1,497.72",-0.53%
2019-09-10,"1,485.50","1,499.00","1,501.45","1,484.27",-0.88%
2019-09-11,"1,497.30","1,486.45","1,498.56","1,485.00",0.79%
2019-09-12,"1,498.70","1,497.50","1,523.96","1,488.80",0.09%
2019-09-13,"1,488.45","1,498.50","1,509.25","1,485.73",-0.68%
2019-09-14,"1,488.45","1,498.50","1,509.25","1,485.73",-0.68%
2019-09-15,"1,488.45","1,498.50","1,509.25","1,485.73",-0.68%
2019-09-16,"1,497.90","1,503.34","1,512.20","1,495.75",0.63%
2019-09-17,"1,502.20","1,498.85","1,507.48","1,493.36",0.29%
2019-09-18,"1,493.65","1,501.55","1,511.32","1,484.36",-0.57%
2019-09-19,"1,499.00","1,494.00","1,504.35","1,488.90",0.36%
2019-09-20,"1,516.75","1,499.40","1,517.24","1,497.90",1.18%
2019-09-21,"1,516.75","1,499.40","1,517.24","1,497.90",1.18%
2019-09-22,"1,516.75","1,499.40","1,517.24","1,497.90",1.18%
2019-09-23,"1,521.86","1,516.66","1,527.25","1,511.50",0.34%
2019-09-24,"1,531.80","1,522.40","1,535.85","1,515.80",0.65%
2019-09-25,"1,503.75","1,532.00","1,535.42","1,501.31",-1.83%
2019-09-26,"1,505.60","1,503.94","1,512.70","1,501.97",0.12%
2019-09-27,"1,496.56","1,506.00","1,507.70","1,487.04",-0.60%
2019-09-28,"1,496.56","1,506.00","1,507.70","1,487.04",-0.60%
2019-09-29,"1,496.56","1,506.00","1,507.70","1,487.04",-0.60%
2019-09-30,"1,472.00","1,497.07","1,500.50","1,464.42",-1.64%
2019-10-01,"1,478.58","1,472.30","1,487.37","1,459.00",0.45%
2019-10-02,"1,499.26","1,479.19","1,505.11","1,474.42",1.40%
2019-10-03,"1,504.75","1,499.55","1,518.81","1,495.99",0.37%
2019-10-04,"1,504.35","1,505.19","1,511.17","1,497.15",-0.03%
2019-10-05,"1,504.35","1,505.19","1,511.17","1,497.15",-0.03%
2019-10-06,"1,504.35","1,505.19","1,511.17","1,497.15",-0.03%
2019-10-07,"1,493.35","1,504.76","1,509.64","1,489.94",-0.73%
2019-10-08,"1,505.26","1,493.55","1,508.71","1,487.45",0.80%
2019-10-09,"1,505.30","1,506.05","1,511.60","1,499.70",0.00%
2019-10-10,"1,494.00","1,505.60","1,517.08","1,491.42",-0.75%
2019-10-11,"1,489.45","1,494.44","1,503.45","1,474.28",-0.30%
2019-10-12,"1,489.45","1,494.44","1,503.45","1,474.28",-0.30%
2019-10-13,"1,489.45","1,494.44","1,503.45","1,474.28",-0.30%
2019-10-14,"1,492.80","1,488.90","1,497.38","1,482.82",0.22%
2019-10-15,"1,480.92","1,493.20","1,498.17","1,477.53",-0.80%
2019-10-16,"1,489.37","1,481.13","1,491.65","1,477.06",0.57%
2019-10-17,"1,491.64","1,490.55","1,497.50","1,483.45",0.15%
2019-10-18,"1,489.70","1,492.17","1,494.26","1,484.82",-0.13%
2019-10-19,"1,489.70","1,492.17","1,494.26","1,484.82",-0.13%
2019-10-20,"1,489.70","1,492.17","1,494.26","1,484.82",-0.13%
2019-10-21,"1,484.25","1,492.02","1,495.48","1,481.91",-0.37%
2019-10-22,"1,487.65","1,484.52","1,489.29","1,480.87",0.23%
2019-10-23,"1,491.85","1,488.35","1,496.50","1,487.62",0.28%
2019-10-24,"1,503.25","1,492.15","1,504.27","1,488.02",0.76%
2019-10-25,"1,504.33","1,504.75","1,518.07","1,500.56",0.07%
2019-10-26,"1,504.33","1,504.75","1,518.07","1,500.56",0.07%
2019-10-27,"1,504.33","1,504.75","1,518.07","1,500.56",0.07%
2019-10-28,"1,492.44","1,504.34","1,508.58","1,489.86",-0.79%
2019-10-29,"1,487.40","1,492.69","1,495.16","1,483.72",-0.34%
2019-10-30,"1,495.20","1,487.60","1,496.91","1,481.21",0.52%
2019-10-31,"1,513.16","1,496.40","1,514.53","1,493.72",1.20%
2019-11-01,"1,513.55","1,513.32","1,515.81","1,503.31",0.03%
2019-11-02,"1,513.55","1,513.32","1,515.81","1,503.31",0.03%
2019-11-03,"1,513.55","1,513.32","1,515.81","1,503.31",0.03%
2019-11-04,"1,509.24","1,513.80","1,514.97","1,504.33",-0.28%
2019-11-05,"1,484.00","1,509.64","1,510.10","1,479.65",-1.67%
2019-11-06,"1,490.36","1,484.10","1,494.46","1,482.45",0.43%
2019-11-07,"1,467.82","1,490.44","1,492.48","1,461.24",-1.51%
2019-11-08,"1,458.41","1,468.01","1,473.33","1,456.28",-0.64%
2019-11-09,"1,458.41","1,468.01","1,473.33","1,456.28",-0.64%
2019-11-10,"1,458.41","1,468.01","1,473.33","1,456.28",-0.64%
2019-11-11,"1,455.65","1,458.96","1,466.77","1,448.28",-0.19%
2019-11-12,"1,456.94","1,455.79","1,460.55","1,445.61",0.09%
2019-11-13,"1,462.94","1,457.19","1,467.36","1,455.96",0.41%
2019-11-14,"1,470.95","1,463.18","1,474.62","1,460.93",0.55%
2019-11-15,"1,467.12","1,471.20","1,471.49","1,462.28",-0.26%
2019-11-16,"1,467.12","1,471.20","1,471.49","1,462.28",-0.26%
2019-11-17,"1,467.12","1,471.20","1,471.49","1,462.28",-0.26%
2019-11-18,"1,470.75","1,467.66","1,474.30","1,456.26",0.25%
2019-11-19,"1,472.28","1,470.85","1,475.72","1,464.60",0.10%
2019-11-20,"1,471.15","1,472.39","1,479.15","1,465.88",-0.08%
2019-11-21,"1,464.15","1,471.25","1,475.98","1,462.60",-0.48%
2019-11-22,"1,462.04","1,464.40","1,473.30","1,461.23",-0.14%
2019-11-23,"1,462.04","1,464.40","1,473.30","1,461.23",-0.14%
2019-11-24,"1,462.04","1,464.40","1,473.30","1,461.23",-0.14%
2019-11-25,"1,454.87","1,462.29","1,462.41","1,453.89",-0.49%
2019-11-26,"1,461.20","1,454.98","1,462.97","1,450.63",0.43%
2019-11-27,"1,454.25","1,461.65","1,462.11","1,452.45",-0.48%
2019-11-28,"1,458.09","1,456.77","1,458.57","1,454.37",0.26%
2019-11-29,"1,463.90","1,455.90","1,466.81","1,452.93",0.40%
2019-11-30,"1,463.90","1,455.90","1,466.81","1,452.93",0.40%
2019-12-01,"1,463.90","1,455.90","1,466.81","1,452.93",0.40%
2019-12-02,"1,462.34","1,467.03","1,467.03","1,453.91",-0.11%
2019-12-03,"1,477.24","1,462.50","1,482.22","1,459.39",1.02%
2019-12-04,"1,474.10","1,477.34","1,484.55","1,471.39",-0.21%
2019-12-05,"1,475.60","1,474.34","1,480.72","1,472.90",0.10%
2019-12-06,"1,459.51","1,475.70","1,477.45","1,458.61",-1.09%
2019-12-07,"1,459.51","1,475.70","1,477.45","1,458.61",-1.09%
2019-12-08,"1,459.51","1,475.70","1,477.45","1,458.61",-1.09%
2019-12-09,"1,461.89","1,459.49","1,465.80","1,458.76",0.16%
2019-12-10,"1,463.96","1,461.93","1,469.36","1,459.80",0.14%
2019-12-11,"1,474.75","1,464.19","1,479.04","1,462.59",0.74%
2019-12-12,"1,469.33","1,474.85","1,486.95","1,464.78",-0.37%
2019-12-13,"1,475.56","1,469.47","1,478.22","1,462.48",0.42%
2019-12-14,"1,475.56","1,469.47","1,478.22","1,462.48",0.42%
2019-12-15,"1,475.56","1,469.47","1,478.22","1,462.48",0.42%
2019-12-16,"1,476.00","1,475.60","1,480.03","1,472.99",0.03%
2019-12-17,"1,476.20","1,476.25","1,480.78","1,474.23",0.01%
2019-12-18,"1,475.19","1,476.45","1,479.67","1,470.32",-0.07%
2019-12-19,"1,479.05","1,475.44","1,481.97","1,473.01",0.26%
2019-12-20,"1,477.95","1,479.14","1,481.26","1,475.70",-0.07%
2019-12-21,"1,477.95","1,479.14","1,481.26","1,475.70",-0.07%
2019-12-22,"1,477.95","1,479.14","1,481.26","1,475.70",-0.07%
2019-12-23,"1,485.27","1,478.20","1,486.29","1,477.51",0.50%
2019-12-24,"1,498.81","1,485.57","1,500.77","1,484.41",0.91%
2019-12-25,"1,498.60","1,499.55","1,499.55","1,499.55",-0.01%
2019-12-26,"1,511.30","1,499.42","1,512.77","1,497.66",0.85%
2019-12-27,"1,510.42","1,511.55","1,515.47","1,507.05",-0.06%
2019-12-28,"1,510.42","1,511.55","1,515.47","1,507.05",-0.06%
2019-12-29,"1,510.42","1,511.55","1,515.47","1,507.05",-0.06%
2019-12-30,"1,515.12","1,511.80","1,516.54","1,510.43",0.31%
2019-12-31,"1,517.01","1,515.22","1,525.45","1,514.66",0.12%
2020-01-01,"1,516.89","1,517.24","1,517.48","1,517.19",-0.01%
2020-01-02,"1,528.85","1,517.24","1,531.55","1,517.22",0.79%
2020-01-03,"1,551.40","1,528.95","1,553.70","1,528.00",1.48%
2020-01-04,"1,551.40","1,528.95","1,553.70","1,528.00",1.48%
2020-01-05,"1,551.40","1,528.95","1,553.70","1,528.00",1.48%
2020-01-06,"1,565.86","1,561.15","1,583.44","1,560.90",0.93%
2020-01-07,"1,573.89","1,565.93","1,577.53","1,555.29",0.51%
2020-01-08,"1,555.71","1,573.99","1,611.15","1,552.23",-1.15%
2020-01-09,"1,552.27","1,555.76","1,561.67","1,540.18",-0.22%
2020-01-10,"1,562.03","1,552.40","1,563.27","1,545.52",0.63%
2020-01-11,"1,562.03","1,552.40","1,563.27","1,545.52",0.63%
2020-01-12,"1,562.03","1,552.40","1,563.27","1,545.52",0.63%
2020-01-13,"1,548.05","1,562.29","1,562.30","1,546.77",-0.90%
2020-01-14,"1,546.12","1,548.31","1,548.95","1,536.12",-0.12%
2020-01-15,"1,555.94","1,546.40","1,558.44","1,546.11",0.63%
2020-01-16,"1,552.54","1,556.18","1,558.19","1,548.05",-0.22%
2020-01-17,"1,556.22","1,552.90","1,561.45","1,549.36",0.24%
2020-01-18,"1,556.22","1,552.90","1,561.45","1,549.36",0.24%
2020-01-19,"1,556.22","1,552.90","1,561.45","1,549.36",0.24%
2020-01-20,"1,561.28","1,558.65","1,563.00","1,556.39",0.32%
2020-01-21,"1,557.73","1,560.94","1,568.75","1,546.41",-0.23%
2020-01-22,"1,558.62","1,558.03","1,559.63","1,550.08",0.06%
2020-01-23,"1,563.03","1,558.93","1,568.17","1,551.68",0.28%
2020-01-24,"1,570.36","1,563.30","1,576.01","1,556.42",0.47%
2020-01-25,"1,570.36","1,563.30","1,576.01","1,556.42",0.47%
2020-01-26,"1,570.36","1,563.30","1,576.01","1,556.42",0.47%
2020-01-27,"1,581.65","1,580.10","1,586.81","1,575.81",0.72%
2020-01-28,"1,565.86","1,581.95","1,583.27","1,565.65",-1.00%
2020-01-29,"1,576.72","1,566.19","1,578.04","1,563.21",0.69%
2020-01-30,"1,573.92","1,577.09","1,586.16","1,572.65",-0.18%
2020-01-31,"1,589.81","1,574.18","1,590.21","1,570.84",1.01%
2020-02-01,"1,589.81","1,574.18","1,590.21","1,570.84",1.01%
2020-02-02,"1,589.81","1,574.18","1,590.21","1,570.84",1.01%
2020-02-03,"1,576.05","1,590.20","1,591.84","1,571.29",-0.87%
2020-02-04,"1,552.26","1,576.40","1,579.57","1,549.14",-1.51%
2020-02-05,"1,556.41","1,552.56","1,562.50","1,547.40",0.27%
2020-02-06,"1,566.56","1,556.95","1,568.55","1,552.46",0.65%
2020-02-07,"1,569.91","1,566.86","1,574.18","1,562.39",0.21%
2020-02-08,"1,569.91","1,566.86","1,574.18","1,562.39",0.21%
2020-02-09,"1,569.91","1,566.86","1,574.18","1,562.39",0.21%
2020-02-10,"1,571.90","1,570.29","1,577.23","1,568.01",0.13%
2020-02-11,"1,567.42","1,572.09","1,574.17","1,562.29",-0.29%
2020-02-12,"1,565.33","1,567.73","1,570.59","1,561.80",-0.13%
2020-02-13,"1,576.09","1,565.62","1,578.24","1,565.53",0.69%
2020-02-14,"1,584.32","1,576.30","1,585.05","1,573.12",0.52%
2020-02-15,"1,584.32","1,576.30","1,585.05","1,573.12",0.52%
2020-02-16,"1,584.32","1,576.30","1,585.05","1,573.12",0.52%
2020-02-17,"1,580.80","1,584.70","1,584.81","1,578.60",-0.22%
2020-02-18,"1,601.67","1,583.44","1,605.45","1,583.09",1.32%
2020-02-19,"1,611.34","1,601.85","1,613.04","1,599.53",0.60%
2020-02-20,"1,619.41","1,611.71","1,623.79","1,603.98",0.50%
2020-02-21,"1,643.32","1,619.69","1,649.15","1,618.94",1.48%
2020-02-22,"1,643.32","1,619.69","1,649.15","1,618.94",1.48%
2020-02-23,"1,643.32","1,619.69","1,649.15","1,618.94",1.48%
2020-02-24,"1,660.42","1,659.05","1,689.11","1,652.37",1.04%
2020-02-25,"1,635.08","1,660.72","1,660.86","1,629.10",-1.53%
2020-02-26,"1,639.58","1,635.37","1,655.09","1,625.79",0.27%
2020-02-27,"1,641.95","1,640.55","1,660.57","1,635.65",0.14%
2020-02-28,"1,584.74","1,642.15","1,649.48","1,565.86",-3.48%
2020-02-29,"1,584.74","1,642.15","1,649.48","1,565.86",-3.48%
2020-03-01,"1,584.74","1,642.15","1,649.48","1,565.86",-3.48%
2020-03-02,"1,590.43","1,591.10","1,611.03","1,579.70",0.36%
2020-03-03,"1,639.47","1,590.77","1,649.55","1,587.86",3.08%
2020-03-04,"1,635.45","1,639.76","1,651.65","1,632.06",-0.25%
2020-03-05,"1,670.31","1,635.91","1,674.69","1,635.07",2.13%
2020-03-06,"1,673.85","1,670.58","1,692.10","1,648.12",0.21%
2020-03-07,"1,673.85","1,670.58","1,692.10","1,648.12",0.21%
2020-03-08,"1,673.85","1,670.58","1,692.10","1,648.12",0.21%
2020-03-09,"1,679.60","1,694.40","1,702.96","1,657.74",0.34%
2020-03-10,"1,649.07","1,679.10","1,680.53","1,642.15",-1.82%
2020-03-11,"1,634.53","1,649.69","1,671.13","1,632.97",-0.88%
2020-03-12,"1,576.79","1,634.80","1,650.47","1,561.01",-3.53%
2020-03-13,"1,529.31","1,576.95","1,597.72","1,506.86",-3.01%
2020-03-14,"1,529.31","1,576.95","1,597.72","1,506.86",-3.01%
2020-03-15,"1,529.31","1,576.95","1,597.72","1,506.86",-3.01%
2020-03-16,"1,513.91","1,550.55","1,573.49","1,451.50",-1.01%
2020-03-17,"1,528.28","1,512.45","1,553.26","1,465.81",0.95%
2020-03-18,"1,486.00","1,527.70","1,546.22","1,472.86",-2.77%
2020-03-19,"1,469.80","1,485.90","1,501.05","1,464.18",-1.09%
2020-03-20,"1,497.64","1,470.54","1,516.25","1,460.30",1.89%
2020-03-21,"1,497.64","1,470.54","1,516.25","1,460.30",1.89%
2020-03-22,"1,497.64","1,470.54","1,516.25","1,460.30",1.89%
2020-03-23,"1,553.06","1,508.15","1,561.48","1,485.10",3.70%
2020-03-24,"1,610.03","1,553.71","1,638.72","1,553.41",3.67%
2020-03-25,"1,613.29","1,628.19","1,643.05","1,587.20",0.20%
2020-03-26,"1,628.97","1,617.25","1,647.28","1,595.84",0.97%
2020-03-27,"1,617.50","1,632.38","1,637.86","1,612.22",-0.70%
2020-03-28,"1,617.50","1,632.38","1,637.86","1,612.22",-0.70%
2020-03-29,"1,617.50","1,632.38","1,637.86","1,612.22",-0.70%
2020-03-30,"1,621.93","1,622.00","1,639.61","1,608.72",0.27%
2020-03-31,"1,571.05","1,618.49","1,626.27","1,566.23",-3.14%
2020-04-01,"1,590.59","1,571.00","1,603.41","1,566.97",1.24%
2020-04-02,"1,612.41","1,590.52","1,621.15","1,579.04",1.37%
2020-04-03,"1,616.45","1,615.09","1,626.07","1,606.30",0.25%
2020-04-04,"1,616.45","1,615.09","1,626.07","1,606.30",0.25%
2020-04-05,"1,616.45","1,615.09","1,626.07","1,606.30",0.25%
2020-04-06,"1,661.70","1,597.50","1,669.97","1,597.50",2.80%
2020-04-07,"1,648.47","1,663.03","1,673.55","1,641.89",-0.80%
2020-04-08,"1,645.77","1,647.59","1,657.69","1,641.94",-0.16%
2020-04-09,"1,683.82","1,646.08","1,691.17","1,643.10",2.31%
2020-04-10,"1,688.90","1,676.00","1,697.50","1,676.00",0.30%
2020-04-11,"1,688.90","1,676.00","1,697.50","1,676.00",0.30%
2020-04-12,"1,688.90","1,676.00","1,697.50","1,676.00",0.30%
2020-04-13,"1,714.07","1,685.69","1,723.88","1,674.87",1.49%
2020-04-14,"1,727.70","1,712.34","1,747.85","1,708.55",0.80%
2020-04-15,"1,715.71","1,728.80","1,732.27","1,707.71",-0.69%
2020-04-16,"1,717.68","1,716.46","1,739.17","1,707.88",0.11%
2020-04-17,"1,684.19","1,715.99","1,719.12","1,679.37",-1.95%
2020-04-18,"1,684.19","1,715.99","1,719.12","1,679.37",-1.95%
2020-04-19,"1,684.19","1,715.99","1,719.12","1,679.37",-1.95%
2020-04-20,"1,692.92","1,692.25","1,703.46","1,671.49",0.52%
2020-04-21,"1,685.72","1,694.11","1,698.60","1,661.39",-0.43%
2020-04-22,"1,713.45","1,687.10","1,719.65","1,680.09",1.64%
2020-04-23,"1,731.33","1,713.56","1,739.74","1,706.26",1.04%
2020-04-24,"1,727.43","1,731.57","1,737.44","1,710.21",-0.23%
2020-04-25,"1,727.43","1,731.57","1,737.44","1,710.21",-0.23%
2020-04-26,"1,727.43","1,731.57","1,737.44","1,710.21",-0.23%
2020-04-27,"1,714.20","1,726.15","1,727.93","1,705.68",-0.77%
2020-04-28,"1,707.51","1,715.31","1,716.04","1,691.63",-0.39%
2020-04-29,"1,711.25","1,708.30","1,717.76","1,697.55",0.22%
2020-04-30,"1,680.09","1,712.27","1,723.17","1,680.64",-1.82%
2020-05-01,"1,699.12","1,685.95","1,706.53","1,670.06",1.13%
2020-05-02,"1,699.12","1,685.95","1,706.53","1,670.06",1.13%
2020-05-03,"1,699.12","1,685.95","1,706.53","1,670.06",1.13%
2020-05-04,"1,701.44","1,699.00","1,712.57","1,691.84",0.14%
2020-05-05,"1,705.96","1,700.82","1,712.90","1,691.45",0.27%
2020-05-06,"1,685.63","1,707.51","1,709.34","1,682.28",-1.19%
2020-05-07,"1,717.69","1,686.08","1,723.06","1,683.50",1.90%
2020-05-08,"1,700.65","1,717.46","1,723.91","1,701.06",-0.99%
2020-05-09,"1,700.65","1,717.46","1,723.91","1,701.06",-0.99%
2020-05-10,"1,700.65","1,717.46","1,723.91","1,701.06",-0.99%
2020-05-11,"1,695.98","1,702.65","1,712.64","1,691.59",-0.27%
2020-05-12,"1,702.14","1,697.04","1,711.79","1,693.17",0.36%
2020-05-13,"1,715.29","1,702.50","1,719.02","1,698.81",0.77%
2020-05-14,"1,729.27","1,715.63","1,737.41","1,710.51",0.82%
2020-05-15,"1,741.00","1,730.52","1,752.13","1,727.93",0.68%
2020-05-16,"1,741.00","1,730.52","1,752.13","1,727.93",0.68%
2020-05-17,"1,741.00","1,730.52","1,752.13","1,727.93",0.68%
2020-05-18,"1,732.07","1,743.01","1,765.94","1,727.20",-0.51%
2020-05-19,"1,743.81","1,732.31","1,748.76","1,725.66",0.68%
2020-05-20,"1,748.98","1,745.92","1,754.77","1,741.89",0.30%
2020-05-21,"1,725.21","1,749.52","1,751.01","1,717.10",-1.36%
2020-05-22,"1,734.07","1,725.26","1,740.07","1,723.62",0.51%
2020-05-23,"1,734.07","1,725.26","1,740.07","1,723.62",0.51%
2020-05-24,"1,734.07","1,725.26","1,740.07","1,723.62",0.51%
2020-05-25,"1,729.19","1,734.61","1,736.01","1,721.45",-0.28%
2020-05-26,"1,711.25","1,728.82","1,736.07","1,708.30",-1.04%
2020-05-27,"1,708.87","1,712.47","1,716.37","1,693.82",-0.14%
2020-05-28,"1,718.50","1,709.04","1,727.52","1,707.11",0.56%
2020-05-29,"1,726.30","1,721.70","1,737.71","1,712.53",0.45%
2020-05-30,"1,726.30","1,721.70","1,737.71","1,712.53",0.45%
2020-05-31,"1,726.30","1,721.70","1,737.71","1,712.53",0.45%
2020-06-01,"1,740.00","1,738.05","1,744.84","1,727.26",0.79%
2020-06-02,"1,727.05","1,740.34","1,745.26","1,721.40",-0.74%
2020-06-03,"1,697.51","1,728.10","1,733.80","1,689.54",-1.71%
2020-06-04,"1,710.62","1,699.89","1,721.62","1,696.90",0.77%
2020-06-05,"1,685.23","1,711.81","1,717.25","1,670.74",-1.48%
2020-06-06,"1,685.23","1,711.81","1,717.25","1,670.74",-1.48%
2020-06-07,"1,685.23","1,711.81","1,717.25","1,670.74",-1.48%
2020-06-08,"1,694.60","1,684.65","1,700.90","1,677.52",0.56%
2020-06-09,"1,714.32","1,700.49","1,721.04","1,692.20",1.16%
2020-06-10,"1,736.24","1,714.80","1,740.06","1,708.47",1.28%
2020-06-11,"1,727.15","1,737.01","1,744.92","1,721.58",-0.52%
2020-06-12,"1,729.77","1,728.34","1,743.16","1,722.57",0.15%
2020-06-13,"1,729.77","1,728.34","1,743.16","1,722.57",0.15%
2020-06-14,"1,729.77","1,728.34","1,743.16","1,722.57",0.15%
2020-06-15,"1,724.61","1,732.32","1,734.53","1,704.31",-0.30%
2020-06-16,"1,726.96","1,725.55","1,733.12","1,716.43",0.14%
2020-06-17,"1,726.29","1,727.71","1,730.41","1,713.22",-0.04%
2020-06-18,"1,722.62","1,726.30","1,737.17","1,717.57",-0.21%
2020-06-19,"1,742.84","1,723.69","1,745.36","1,721.18",1.17%
2020-06-20,"1,742.84","1,723.69","1,745.36","1,721.18",1.17%
2020-06-21,"1,742.84","1,723.69","1,745.36","1,721.18",1.17%
2020-06-22,"1,754.46","1,748.78","1,763.42","1,743.27",0.67%
2020-06-23,"1,766.51","1,755.26","1,771.25","1,747.43",0.69%
2020-06-24,"1,761.43","1,768.99","1,779.61","1,760.80",-0.29%
2020-06-25,"1,761.49","1,760.32","1,769.04","1,755.49",0.00%
2020-06-26,"1,770.62","1,761.82","1,772.12","1,747.67",0.52%
2020-06-27,"1,770.62","1,761.82","1,772.12","1,747.67",0.52%
2020-06-28,"1,770.62","1,761.82","1,772.12","1,747.67",0.52%
2020-06-29,"1,771.49","1,773.74","1,775.72","1,765.78",0.05%
2020-06-30,"1,780.67","1,771.90","1,786.02","1,765.35",0.52%
2020-07-01,"1,770.01","1,781.60","1,789.48","1,759.27",-0.60%
2020-07-02,"1,775.14","1,769.60","1,779.83","1,757.68",0.29%
2020-07-03,"1,774.79","1,774.77","1,777.43","1,772.48",-0.02%
2020-07-04,"1,774.79","1,774.77","1,777.43","1,772.48",-0.02%
2020-07-05,"1,774.79","1,774.77","1,777.43","1,772.48",-0.02%
2020-07-06,"1,783.56","1,776.31","1,787.09","1,770.13",0.49%
2020-07-07,"1,794.26","1,783.91","1,797.59","1,773.79",0.60%
2020-07-08,"1,810.12","1,795.27","1,818.13","1,791.62",0.88%
2020-07-09,"1,802.82","1,811.30","1,816.26","1,795.82",-0.40%
2020-07-10,"1,798.31","1,802.13","1,810.76","1,794.28",-0.25%
2020-07-11,"1,798.31","1,802.13","1,810.76","1,794.28",-0.25%
2020-07-12,"1,798.31","1,802.13","1,810.76","1,794.28",-0.25%
2020-07-13,"1,802.71","1,799.01","1,813.45","1,798.01",0.24%
2020-07-14,"1,807.53","1,803.19","1,811.03","1,791.46",0.27%
2020-07-15,"1,811.31","1,807.80","1,814.79","1,802.72",0.21%
2020-07-16,"1,796.63","1,811.90","1,813.74","1,795.02",-0.81%
2020-07-17,"1,808.90","1,797.30","1,812.03","1,795.11",0.68%
2020-07-18,"1,808.90","1,797.30","1,812.03","1,795.11",0.68%
2020-07-19,"1,808.90","1,797.30","1,812.03","1,795.11",0.68%
2020-07-20,"1,815.40","1,809.58","1,820.73","1,805.60",0.36%
2020-07-21,"1,841.58","1,815.89","1,843.89","1,815.57",1.44%
2020-07-22,"1,871.75","1,842.20","1,872.64","1,840.75",1.64%
2020-07-23,"1,886.86","1,872.39","1,898.40","1,862.80",0.81%
2020-07-24,"1,900.97","1,887.34","1,906.54","1,881.56",0.75%
2020-07-25,"1,900.97","1,887.34","1,906.54","1,881.56",0.75%
2020-07-26,"1,900.97","1,887.34","1,906.54","1,881.56",0.75%
2020-07-27,"1,941.88","1,899.99","1,945.71","1,899.73",2.15%
2020-07-28,"1,958.93","1,942.64","1,981.22","1,907.70",0.88%
2020-07-29,"1,970.37","1,959.60","1,980.80","1,944.97",0.58%
2020-07-30,"1,959.50","1,970.90","1,971.87","1,939.67",-0.55%
2020-07-31,"1,974.69","1,960.51","1,980.45","1,955.40",0.78%
2020-08-01,"1,974.69","1,960.51","1,980.45","1,955.40",0.78%
2020-08-02,"1,974.69","1,960.51","1,980.45","1,955.40",0.78%
2020-08-03,"1,976.70","1,980.98","1,985.28","1,960.40",0.10%
2020-08-04,"2,018.07","1,976.99","2,019.88","1,968.50",2.09%
2020-08-05,"2,039.40","2,018.98","2,055.68","2,009.77",1.06%
2020-08-06,"2,063.19","2,040.40","2,069.77","2,034.71",1.17%
2020-08-07,"2,034.62","2,065.11","2,073.41","2,015.55",-1.38%
2020-08-08,"2,034.62","2,065.11","2,073.41","2,015.55",-1.38%
2020-08-09,"2,034.62","2,065.11","2,073.41","2,015.55",-1.38%
2020-08-10,"2,027.26","2,034.19","2,050.01","2,019.41",-0.36%
2020-08-11,"1,911.25","2,027.34","2,032.19","1,901.69",-5.72%
2020-08-12,"1,917.82","1,912.00","1,949.45","1,864.30",0.34%
2020-08-13,"1,953.03","1,920.90","1,966.43","1,912.93",1.84%
2020-08-14,"1,943.76","1,953.70","1,962.84","1,932.65",-0.48%
2020-08-15,"1,943.76","1,953.70","1,962.84","1,932.65",-0.48%
2020-08-16,"1,943.76","1,953.70","1,962.84","1,932.65",-0.48%
2020-08-17,"1,985.53","1,947.04","1,990.65","1,929.74",2.15%
2020-08-18,"2,000.95","1,985.89","2,015.45","1,977.84",0.78%
2020-08-19,"1,929.54","2,001.19","2,006.68","1,924.82",-3.57%
2020-08-20,"1,942.60","1,929.53","1,955.44","1,925.12",0.68%
2020-08-21,"1,939.40","1,947.44","1,956.08","1,911.65",-0.16%
2020-08-22,"1,939.40","1,947.44","1,956.08","1,911.65",-0.16%
2020-08-23,"1,939.40","1,947.44","1,956.08","1,911.65",-0.16%
2020-08-24,"1,932.45","1,939.24","1,961.89","1,924.01",-0.36%
2020-08-25,"1,927.94","1,933.06","1,937.69","1,914.42",-0.23%
2020-08-26,"1,953.45","1,929.07","1,954.98","1,902.77",1.32%
2020-08-27,"1,928.91","1,953.31","1,976.60","1,910.22",-1.26%
2020-08-28,"1,964.49","1,930.04","1,973.91","1,923.70",1.84%
2020-08-29,"1,964.49","1,930.04","1,973.91","1,923.70",1.84%
2020-08-30,"1,964.49","1,930.04","1,973.91","1,923.70",1.84%
2020-08-31,"1,969.75","1,965.40","1,976.47","1,954.58",0.27%
2020-09-01,"1,970.14","1,967.63","1,992.38","1,963.20",0.02%
2020-09-02,"1,942.62","1,969.75","1,974.45","1,932.76",-1.40%
2020-09-03,"1,930.52","1,943.06","1,951.19","1,921.99",-0.62%
2020-09-04,"1,932.45","1,931.51","1,942.25","1,916.67",0.10%
2020-09-05,"1,932.45","1,931.51","1,942.25","1,916.67",0.10%
2020-09-06,"1,932.45","1,931.51","1,942.25","1,916.67",0.10%
2020-09-07,"1,928.82","1,931.24","1,941.44","1,924.57",-0.19%
2020-09-08,"1,930.93","1,930.05","1,940.84","1,906.67",0.11%
2020-09-09,"1,946.66","1,932.26","1,950.95","1,920.20",0.81%
2020-09-10,"1,954.07","1,946.06","1,966.50","1,941.42",0.38%
2020-09-11,"1,941.50","1,955.20","1,957.95","1,937.42",-0.64%
2020-09-12,"1,941.50","1,955.20","1,957.95","1,937.42",-0.64%
2020-09-13,"1,941.50","1,955.20","1,957.95","1,937.42",-0.64%
2020-09-14,"1,956.37","1,941.05","1,962.52","1,937.46",0.77%
2020-09-15,"1,955.52","1,957.31","1,972.35","1,948.64",-0.04%
2020-09-16,"1,959.32","1,956.19","1,973.63","1,949.89",0.19%
2020-09-17,"1,942.60","1,959.99","1,963.48","1,932.99",-0.85%
2020-09-18,"1,949.69","1,943.87","1,960.20","1,941.79",0.37%
2020-09-19,"1,949.69","1,943.87","1,960.20","1,941.79",0.37%
2020-09-20,"1,949.69","1,943.87","1,960.20","1,941.79",0.37%
2020-09-21,"1,912.57","1,949.55","1,955.75","1,883.21",-1.90%
2020-09-22,"1,899.28","1,912.80","1,919.99","1,894.93",-0.69%
2020-09-23,"1,863.55","1,900.20","1,905.56","1,855.77",-1.88%
2020-09-24,"1,868.04","1,863.42","1,877.30","1,848.45",0.24%
2020-09-25,"1,860.05","1,868.61","1,875.28","1,852.59",-0.43%
2020-09-26,"1,860.05","1,868.61","1,875.28","1,852.59",-0.43%
2020-09-27,"1,860.05","1,868.61","1,875.28","1,852.59",-0.43%
2020-09-28,"1,880.85","1,859.00","1,883.39","1,849.19",1.12%
2020-09-29,"1,897.69","1,881.40","1,899.24","1,875.56",0.90%
2020-09-30,"1,885.44","1,897.81","1,902.39","1,881.31",-0.65%
2020-10-01,"1,905.05","1,885.80","1,912.09","1,884.48",1.04%
2020-10-02,"1,898.70","1,905.65","1,917.28","1,889.57",-0.33%
2020-10-03,"1,898.70","1,905.65","1,917.28","1,889.57",-0.33%
2020-10-04,"1,898.70","1,905.65","1,917.28","1,889.57",-0.33%
2020-10-05,"1,912.90","1,902.24","1,918.74","1,886.81",0.75%
2020-10-06,"1,877.13","1,913.28","1,921.10","1,874.57",-1.87%
2020-10-07,"1,887.22","1,878.84","1,898.31","1,873.05",0.54%
2020-10-08,"1,893.09","1,887.40","1,900.73","1,881.86",0.31%
2020-10-09,"1,929.43","1,894.19","1,930.83","1,893.32",1.92%
2020-10-10,"1,929.43","1,894.19","1,930.83","1,893.32",1.92%
2020-10-11,"1,929.43","1,894.19","1,930.83","1,893.32",1.92%
2020-10-12,"1,921.95","1,930.50","1,933.45","1,918.19",-0.39%
2020-10-13,"1,890.82","1,922.42","1,925.73","1,886.59",-1.62%
2020-10-14,"1,900.89","1,891.90","1,913.03","1,882.44",0.53%
2020-10-15,"1,907.82","1,900.31","1,909.22","1,889.46",0.36%
2020-10-16,"1,898.97","1,907.95","1,914.06","1,897.59",-0.46%
2020-10-17,"1,898.97","1,907.95","1,914.06","1,897.59",-0.46%
2020-10-18,"1,898.97","1,907.95","1,914.06","1,897.59",-0.46%
2020-10-19,"1,904.27","1,899.94","1,918.59","1,897.09",0.28%
2020-10-20,"1,906.39","1,904.24","1,914.20","1,894.74",0.11%
2020-10-21,"1,924.49","1,908.65","1,931.41","1,907.94",0.95%
2020-10-22,"1,904.04","1,924.34","1,926.00","1,894.80",-1.06%
2020-10-23,"1,900.79","1,904.24","1,914.30","1,894.54",-0.17%
2020-10-24,"1,900.79","1,904.24","1,914.30","1,894.54",-0.17%
2020-10-25,"1,900.79","1,904.24","1,914.30","1,894.54",-0.17%
2020-10-26,"1,901.69","1,902.34","1,908.55","1,890.90",0.05%
2020-10-27,"1,906.83","1,902.19","1,911.34","1,897.47",0.27%
2020-10-28,"1,877.06","1,908.05","1,911.03","1,869.59",-1.56%
2020-10-29,"1,867.13","1,876.94","1,885.42","1,859.67",-0.53%
2020-10-30,"1,877.95","1,868.24","1,889.85","1,864.64",0.58%
2020-10-31,"1,877.95","1,868.24","1,889.85","1,864.64",0.58%
2020-11-01,"1,877.95","1,868.24","1,889.85","1,864.64",0.58%
2020-11-02,"1,895.10","1,878.59","1,896.12","1,873.21",0.91%
2020-11-03,"1,908.36","1,895.80","1,910.71","1,886.81",0.70%
2020-11-04,"1,903.21","1,908.59","1,916.68","1,883.15",-0.27%
2020-11-05,"1,948.56","1,903.65","1,952.95","1,902.43",2.38%
2020-11-06,"1,951.51","1,949.24","1,960.77","1,935.40",0.15%
2020-11-07,"1,951.51","1,949.24","1,960.77","1,935.40",0.15%
2020-11-08,"1,951.51","1,949.24","1,960.77","1,935.40",0.15%
2020-11-09,"1,861.86","1,954.65","1,965.92","1,850.36",-4.59%
2020-11-10,"1,876.50","1,862.15","1,890.60","1,860.30",0.79%
2020-11-11,"1,864.71","1,877.34","1,884.93","1,856.05",-0.63%
2020-11-12,"1,875.76","1,865.30","1,883.88","1,862.46",0.59%
2020-11-13,"1,888.04","1,876.44","1,897.16","1,873.76",0.65%
2020-11-14,"1,888.04","1,876.44","1,897.16","1,873.76",0.65%
2020-11-15,"1,888.04","1,876.44","1,897.16","1,873.76",0.65%
2020-11-16,"1,888.52","1,888.74","1,899.35","1,864.74",0.03%
2020-11-17,"1,878.60","1,889.15","1,893.90","1,877.69",-0.52%
2020-11-18,"1,871.41","1,878.60","1,884.92","1,863.94",-0.38%
2020-11-19,"1,867.37","1,871.44","1,874.34","1,852.48",-0.22%
2020-11-20,"1,870.49","1,867.59","1,879.98","1,860.66",0.17%
2020-11-21,"1,870.49","1,867.59","1,879.98","1,860.66",0.17%
2020-11-22,"1,870.49","1,867.59","1,879.98","1,860.66",0.17%
2020-11-23,"1,835.85","1,869.84","1,876.72","1,830.85",-1.85%
2020-11-24,"1,807.51","1,836.65","1,839.26","1,800.69",-1.54%
2020-11-25,"1,805.30","1,807.69","1,817.98","1,801.33",-0.12%
2020-11-26,"1,810.57","1,805.74","1,818.78","1,805.31",0.29%
2020-11-27,"1,788.13","1,811.09","1,813.81","1,773.93",-1.24%
2020-11-28,"1,788.13","1,811.09","1,813.81","1,773.93",-1.24%
2020-11-29,"1,788.13","1,811.09","1,813.81","1,773.93",-1.24%
2020-11-30,"1,777.02","1,789.05","1,789.99","1,764.69",-0.62%
2020-12-01,"1,814.87","1,777.40","1,817.55","1,775.52",2.13%
2020-12-02,"1,831.01","1,815.19","1,832.65","1,806.99",0.89%
2020-12-03,"1,840.36","1,831.34","1,844.45","1,823.60",0.51%
2020-12-04,"1,837.61","1,841.05","1,848.26","1,829.30",-0.15%
2020-12-05,"1,837.61","1,841.05","1,848.26","1,829.30",-0.15%
2020-12-06,"1,837.61","1,841.05","1,848.26","1,829.30",-0.15%
2020-12-07,"1,863.69","1,837.99","1,868.76","1,822.99",1.42%
2020-12-08,"1,871.36","1,863.55","1,875.79","1,859.83",0.41%
2020-12-09,"1,839.11","1,871.19","1,871.37","1,825.71",-1.72%
2020-12-10,"1,835.31","1,839.59","1,850.40","1,828.48",-0.21%
2020-12-11,"1,839.03","1,835.55","1,847.89","1,824.23",0.20%
2020-12-12,"1,839.03","1,835.55","1,847.89","1,824.23",0.20%
2020-12-13,"1,839.03","1,835.55","1,847.89","1,824.23",0.20%
2020-12-14,"1,827.17","1,839.30","1,839.86","1,819.92",-0.64%
2020-12-15,"1,853.46","1,827.80","1,855.76","1,825.29",1.44%
2020-12-16,"1,864.15","1,853.94","1,866.20","1,844.75",0.58%
2020-12-17,"1,885.87","1,864.26","1,896.26","1,861.83",1.17%
2020-12-18,"1,880.66","1,885.80","1,889.88","1,876.97",-0.28%
2020-12-19,"1,880.66","1,885.80","1,889.88","1,876.97",-0.28%
2020-12-20,"1,880.66","1,885.80","1,889.88","1,876.97",-0.28%
2020-12-21,"1,876.21","1,883.20","1,906.93","1,856.69",-0.24%
2020-12-22,"1,859.56","1,876.65","1,884.61","1,858.73",-0.89%
2020-12-23,"1,872.08","1,859.99","1,878.59","1,858.59",0.67%
2020-12-24,"1,876.56","1,872.74","1,882.55","1,869.52",0.24%
2020-12-25,"1,875.82","1,877.07","1,877.07","1,877.07",-0.04%
2020-12-26,"1,875.82","1,877.07","1,877.07","1,877.07",-0.04%
2020-12-27,"1,875.82","1,877.07","1,877.07","1,877.07",-0.04%
2020-12-28,"1,871.19","1,885.93","1,900.53","1,869.21",-0.25%
2020-12-29,"1,877.99","1,872.24","1,886.91","1,870.99",0.36%
2020-12-30,"1,893.37","1,878.34","1,894.06","1,875.66",0.82%
2020-12-31,"1,896.49","1,893.55","1,901.26","1,884.77",0.16%
2021-01-01,"1,898.10","1,897.69","1,899.12","1,897.39",0.09%
2021-01-02,"1,898.10","1,897.69","1,899.12","1,897.39",0.09%
2021-01-03,"1,898.10","1,897.69","1,899.12","1,897.39",0.09%
2021-01-04,"1,942.28","1,906.05","1,944.65","1,905.36",2.33%
2021-01-05,"1,949.35","1,942.65","1,953.17","1,934.08",0.36%
2021-01-06,"1,918.81","1,950.30","1,959.60","1,901.11",-1.57%
2021-01-07,"1,912.50","1,919.40","1,927.97","1,906.86",-0.33%
2021-01-08,"1,848.26","1,912.90","1,917.85","1,828.74",-3.36%
2021-01-09,"1,848.26","1,912.90","1,917.85","1,828.74",-3.36%
2021-01-10,"1,848.26","1,912.90","1,917.85","1,828.74",-3.36%
2021-01-11,"1,844.66","1,849.34","1,857.05","1,817.14",-0.19%
2021-01-12,"1,855.63","1,845.34","1,864.08","1,837.41",0.59%
2021-01-13,"1,843.41","1,856.19","1,863.26","1,843.34",-0.66%
2021-01-14,"1,846.37","1,843.94","1,857.59","1,833.21",0.16%
2021-01-15,"1,826.59","1,846.80","1,856.85","1,823.21",-1.07%
2021-01-16,"1,826.59","1,846.80","1,856.85","1,823.21",-1.07%
2021-01-17,"1,826.59","1,846.80","1,856.85","1,823.21",-1.07%
2021-01-18,"1,836.89","1,828.94","1,840.95","1,810.46",0.56%
2021-01-19,"1,839.34","1,838.09","1,845.98","1,833.06",0.13%
2021-01-20,"1,870.91","1,840.05","1,872.03","1,832.46",1.72%
2021-01-21,"1,869.91","1,871.07","1,875.45","1,858.16",-0.05%
2021-01-22,"1,852.55","1,870.09","1,871.17","1,837.09",-0.93%
2021-01-23,"1,852.55","1,870.09","1,871.17","1,837.09",-0.93%
2021-01-24,"1,852.55","1,870.09","1,871.17","1,837.09",-0.93%
2021-01-25,"1,854.99","1,855.75","1,868.45","1,847.30",0.13%
2021-01-26,"1,850.31","1,855.55","1,861.86","1,848.36",-0.25%
2021-01-27,"1,843.99","1,850.65","1,853.58","1,831.29",-0.34%
2021-01-28,"1,840.36","1,844.34","1,864.26","1,833.81",-0.20%
2021-01-29,"1,846.09","1,840.90","1,876.03","1,839.56",0.31%
2021-01-30,"1,846.09","1,840.90","1,876.03","1,839.56",0.31%
2021-01-31,"1,846.09","1,840.90","1,876.03","1,839.56",0.31%
2021-02-01,"1,860.16","1,863.05","1,871.84","1,849.04",0.76%
2021-02-02,"1,837.35","1,860.84","1,864.26","1,829.46",-1.23%
2021-02-03,"1,833.76","1,837.49","1,845.29","1,829.49",-0.20%
2021-02-04,"1,792.26","1,834.34","1,835.13","1,785.15",-2.26%
2021-02-05,"1,811.62","1,792.49","1,815.32","1,791.80",1.08%
2021-02-06,"1,811.62","1,792.49","1,815.32","1,791.80",1.08%
2021-02-07,"1,811.62","1,792.49","1,815.32","1,791.80",1.08%
2021-02-08,"1,830.16","1,815.44","1,839.15","1,807.48",1.02%
2021-02-09,"1,837.06","1,830.59","1,849.15","1,828.63",0.38%
2021-02-10,"1,842.22","1,837.55","1,855.70","1,833.91",0.28%
2021-02-11,"1,825.36","1,842.65","1,847.95","1,820.63",-0.91%
2021-02-12,"1,823.46","1,825.90","1,830.80","1,810.33",-0.10%
2021-02-13,"1,823.46","1,825.90","1,830.80","1,810.33",-0.10%
2021-02-14,"1,823.46","1,825.90","1,830.80","1,810.33",-0.10%
2021-02-15,"1,818.51","1,825.34","1,827.59","1,815.71",-0.27%
2021-02-16,"1,794.31","1,819.34","1,826.75","1,789.19",-1.33%
2021-02-17,"1,776.26","1,794.65","1,795.45","1,769.27",-1.01%
2021-02-18,"1,775.49","1,776.69","1,789.88","1,767.98",-0.04%
2021-02-19,"1,782.31","1,776.19","1,791.70","1,760.13",0.38%
2021-02-20,"1,782.31","1,776.19","1,791.70","1,760.13",0.38%
2021-02-21,"1,782.31","1,776.19","1,791.70","1,760.13",0.38%
2021-02-22,"1,808.66","1,782.24","1,812.76","1,780.46",1.48%
2021-02-23,"1,805.06","1,809.09","1,816.27","1,795.78",-0.20%
2021-02-24,"1,804.36","1,805.34","1,813.99","1,783.30",-0.04%
2021-02-25,"1,769.88","1,804.80","1,806.06","1,765.44",-1.91%
2021-02-26,"1,733.49","1,770.49","1,776.10","1,717.26",-2.06%
2021-02-27,"1,733.49","1,770.49","1,776.10","1,717.26",-2.06%
2021-02-28,"1,733.49","1,770.49","1,776.10","1,717.26",-2.06%
2021-03-01,"1,723.84","1,733.40","1,760.02","1,719.52",-0.56%
2021-03-02,"1,738.09","1,724.10","1,738.89","1,707.18",0.83%
2021-03-03,"1,710.95","1,738.59","1,740.85","1,701.94",-1.56%
2021-03-04,"1,697.19","1,711.84","1,723.34","1,690.64",-0.80%
2021-03-05,"1,700.86","1,698.59","1,707.76","1,687.12",0.22%
2021-03-06,"1,700.86","1,698.59","1,707.76","1,687.12",0.22%
2021-03-07,"1,700.86","1,698.59","1,707.76","1,687.12",0.22%
2021-03-08,"1,681.24","1,702.80","1,714.45","1,676.70",-1.15%
2021-03-09,"1,715.36","1,682.55","1,720.83","1,679.80",2.03%
2021-03-10,"1,726.05","1,715.94","1,726.76","1,707.99",0.62%
2021-03-11,"1,721.41","1,726.55","1,739.99","1,719.38",-0.27%
2021-03-12,"1,726.41","1,721.59","1,728.42","1,698.85",0.29%
2021-03-13,"1,726.41","1,721.59","1,728.42","1,698.85",0.29%
2021-03-14,"1,726.41","1,721.59","1,728.42","1,698.85",0.29%
2021-03-15,"1,731.84","1,727.74","1,734.99","1,721.31",0.31%
2021-03-16,"1,730.94","1,730.57","1,741.40","1,725.80",-0.05%
2021-03-17,"1,744.44","1,730.61","1,751.81","1,724.14",0.78%
2021-03-18,"1,736.41","1,745.09","1,755.59","1,719.05",-0.46%
2021-03-19,"1,744.74","1,735.90","1,746.88","1,728.04",0.48%
2021-03-20,"1,744.74","1,735.90","1,746.88","1,728.04",0.48%
2021-03-21,"1,744.74","1,735.90","1,746.88","1,728.04",0.48%
2021-03-22,"1,738.69","1,745.74","1,747.18","1,727.40",-0.35%
2021-03-23,"1,726.94","1,739.05","1,742.85","1,724.42",-0.68%
2021-03-24,"1,734.19","1,727.80","1,738.56","1,723.85",0.42%
2021-03-25,"1,726.82","1,735.65","1,745.95","1,721.84",-0.42%
2021-03-26,"1,731.97","1,727.30","1,737.01","1,721.23",0.30%
2021-03-27,"1,731.97","1,727.30","1,737.01","1,721.23",0.30%
2021-03-28,"1,731.97","1,727.30","1,737.01","1,721.23",0.30%
2021-03-29,"1,711.99","1,732.15","1,733.34","1,705.58",-1.15%
2021-03-30,"1,684.80","1,712.55","1,714.74","1,678.85",-1.59%
2021-03-31,"1,707.01","1,685.59","1,715.28","1,677.93",1.32%
2021-04-01,"1,730.18","1,708.09","1,730.80","1,705.42",1.36%
2021-04-02,"1,728.84","1,730.47","1,732.55","1,728.67",-0.08%
2021-04-03,"1,728.84","1,730.47","1,732.55","1,728.67",-0.08%
2021-04-04,"1,728.84","1,730.47","1,732.55","1,728.67",-0.08%
2021-04-05,"1,728.44","1,728.74","1,733.75","1,721.22",-0.02%
2021-04-06,"1,743.57","1,728.49","1,745.68","1,726.82",0.88%
2021-04-07,"1,737.28","1,742.96","1,744.57","1,730.13",-0.36%
2021-04-08,"1,755.94","1,737.84","1,759.13","1,732.99",1.07%
2021-04-09,"1,743.10","1,756.54","1,757.47","1,731.09",-0.73%
2021-04-10,"1,743.10","1,756.54","1,757.47","1,731.09",-0.73%
2021-04-11,"1,743.10","1,756.54","1,757.47","1,731.09",-0.73%
2021-04-12,"1,732.51","1,743.80","1,745.36","1,727.18",-0.61%
2021-04-13,"1,743.83","1,732.59","1,749.23","1,723.27",0.65%
2021-04-14,"1,736.00","1,744.30","1,749.58","1,732.13",-0.45%
2021-04-15,"1,763.21","1,737.10","1,769.91","1,734.10",1.57%
2021-04-16,"1,776.31","1,763.84","1,784.07","1,759.79",0.74%
2021-04-17,"1,776.31","1,763.84","1,784.07","1,759.79",0.74%
2021-04-18,"1,776.31","1,763.84","1,784.07","1,759.79",0.74%
2021-04-19,"1,769.31","1,779.50","1,790.54","1,765.98",-0.39%
2021-04-20,"1,777.25","1,770.30","1,780.77","1,763.18",0.45%
2021-04-21,"1,793.46","1,778.64","1,797.98","1,775.95",0.91%
2021-04-22,"1,783.94","1,794.15","1,798.29","1,776.83",-0.53%
2021-04-23,"1,777.18","1,784.33","1,796.06","1,770.05",-0.38%
2021-04-24,"1,777.18","1,784.33","1,796.06","1,770.05",-0.38%
2021-04-25,"1,777.18","1,784.33","1,796.06","1,770.05",-0.38%
2021-04-26,"1,780.19","1,776.34","1,783.69","1,768.70",0.17%
2021-04-27,"1,776.69","1,780.42","1,785.90","1,773.52",-0.20%
2021-04-28,"1,781.32","1,776.80","1,782.85","1,762.56",0.26%
2021-04-29,"1,771.24","1,780.90","1,790.43","1,756.19",-0.57%
2021-04-30,"1,768.59","1,772.90","1,773.98","1,763.73",-0.15%
2021-05-01,"1,768.59","1,772.90","1,773.98","1,763.73",-0.15%
2021-05-02,"1,768.59","1,772.90","1,773.98","1,763.73",-0.15%
2021-05-03,"1,792.36","1,768.49","1,798.22","1,765.91",1.34%
2021-05-04,"1,778.48","1,792.29","1,799.38","1,770.84",-0.77%
2021-05-05,"1,786.44","1,778.91","1,788.35","1,769.95",0.45%
2021-05-06,"1,815.18","1,787.09","1,818.21","1,781.67",1.61%
2021-05-07,"1,830.48","1,815.48","1,843.45","1,812.90",0.84%
2021-05-08,"1,830.48","1,815.48","1,843.45","1,812.90",0.84%
2021-05-09,"1,830.48","1,815.48","1,843.45","1,812.90",0.84%
2021-05-10,"1,835.44","1,833.24","1,845.53","1,830.09",0.27%
2021-05-11,"1,836.94","1,834.58","1,842.32","1,817.68",0.08%
2021-05-12,"1,815.44","1,837.40","1,843.69","1,813.00",-1.17%
2021-05-13,"1,826.57","1,815.90","1,828.81","1,808.78",0.61%
2021-05-14,"1,842.19","1,826.49","1,845.55","1,819.79",0.86%
2021-05-15,"1,842.19","1,826.49","1,845.55","1,819.79",0.86%
2021-05-16,"1,842.19","1,826.49","1,845.55","1,819.79",0.86%
2021-05-17,"1,866.13","1,843.84","1,868.80","1,841.24",1.30%
2021-05-18,"1,868.22","1,866.59","1,875.40","1,862.94",0.11%
2021-05-19,"1,869.57","1,869.59","1,890.15","1,851.94",0.07%
2021-05-20,"1,876.69","1,869.74","1,884.12","1,863.53",0.38%
2021-05-21,"1,880.30","1,876.84","1,889.85","1,870.01",0.19%
2021-05-22,"1,880.30","1,876.84","1,889.85","1,870.01",0.19%
2021-05-23,"1,880.30","1,876.84","1,889.85","1,870.01",0.19%
2021-05-24,"1,881.07","1,882.34","1,887.44","1,875.19",0.04%
2021-05-25,"1,899.26","1,880.69","1,900.63","1,872.73",0.97%
2021-05-26,"1,896.44","1,899.49","1,913.15","1,890.34",-0.15%
2021-05-27,"1,896.08","1,896.49","1,903.87","1,888.22",-0.02%
2021-05-28,"1,902.64","1,897.05","1,905.90","1,881.84",0.35%
2021-05-29,"1,902.64","1,897.05","1,905.90","1,881.84",0.35%
2021-05-30,"1,902.64","1,897.05","1,905.90","1,881.84",0.35%
2021-05-31,"1,906.36","1,903.69","1,911.13","1,901.56",0.20%
2021-06-01,"1,900.19","1,907.53","1,916.84","1,892.28",-0.32%
2021-06-02,"1,907.94","1,900.05","1,909.34","1,894.05",0.41%
2021-06-03,"1,870.57","1,908.09","1,909.89","1,865.11",-1.96%
2021-06-04,"1,889.97","1,871.32","1,896.60","1,856.09",1.04%
2021-06-05,"1,889.97","1,871.32","1,896.60","1,856.09",1.04%
2021-06-06,"1,889.97","1,871.32","1,896.60","1,856.09",1.04%
2021-06-07,"1,899.00","1,888.49","1,900.41","1,880.88",0.48%
2021-06-08,"1,892.82","1,898.99","1,903.95","1,883.38",-0.33%
2021-06-09,"1,888.77","1,893.49","1,899.40","1,886.58",-0.21%
2021-06-10,"1,897.51","1,888.57","1,900.09","1,869.84",0.46%
2021-06-11,"1,876.64","1,898.42","1,903.30","1,874.07",-1.10%
2021-06-12,"1,876.64","1,898.42","1,903.30","1,874.07",-1.10%
2021-06-13,"1,876.64","1,898.42","1,903.30","1,874.07",-1.10%
2021-06-14,"1,865.99","1,874.59","1,878.21","1,844.57",-0.57%
2021-06-15,"1,858.69","1,866.26","1,869.67","1,851.28",-0.39%
2021-06-16,"1,811.95","1,858.96","1,862.43","1,804.19",-2.51%
2021-06-17,"1,773.31","1,812.18","1,825.58","1,766.88",-2.13%
2021-06-18,"1,763.34","1,772.73","1,797.24","1,761.04",-0.56%
2021-06-19,"1,763.34","1,772.73","1,797.24","1,761.04",-0.56%
2021-06-20,"1,763.34","1,772.73","1,797.24","1,761.04",-0.56%
2021-06-21,"1,782.95","1,764.44","1,786.75","1,764.44",1.11%
2021-06-22,"1,778.52","1,783.23","1,790.42","1,771.99",-0.25%
2021-06-23,"1,778.73","1,778.80","1,795.18","1,773.13",0.01%
2021-06-24,"1,775.18","1,779.01","1,788.56","1,772.67",-0.20%
2021-06-25,"1,780.34","1,775.46","1,790.60","1,773.27",0.29%
2021-06-26,"1,780.34","1,775.46","1,790.60","1,773.27",0.29%
2021-06-27,"1,780.34","1,775.46","1,790.60","1,773.27",0.29%
2021-06-28,"1,778.18","1,781.24","1,785.90","1,770.69",-0.12%
2021-06-29,"1,761.09","1,778.44","1,779.24","1,750.11",-0.96%
2021-06-30,"1,769.80","1,761.35","1,774.72","1,752.78",0.49%
2021-07-01,"1,776.62","1,770.06","1,783.07","1,765.47",0.38%
2021-07-02,"1,786.79","1,776.83","1,795.40","1,773.73",0.57%
2021-07-03,"1,786.79","1,776.83","1,795.40","1,773.73",0.57%
2021-07-04,"1,786.79","1,776.83","1,795.40","1,773.73",0.57%
2021-07-05,"1,791.61","1,787.69","1,795.69","1,784.09",0.27%
2021-07-06,"1,796.69","1,791.88","1,815.34","1,789.91",0.28%
2021-07-07,"1,803.41","1,796.96","1,810.13","1,793.64",0.37%
2021-07-08,"1,802.56","1,803.67","1,818.70","1,794.28",-0.05%
2021-07-09,"1,807.98","1,802.89","1,812.71","1,796.09",0.30%
2021-07-10,"1,807.98","1,802.89","1,812.71","1,796.09",0.30%
2021-07-11,"1,807.98","1,802.89","1,812.71","1,796.09",0.30%
2021-07-12,"1,806.07","1,807.94","1,811.04","1,791.21",-0.11%
2021-07-13,"1,807.69","1,806.17","1,817.51","1,798.54",0.09%
2021-07-14,"1,827.06","1,807.72","1,830.32","1,804.21",1.07%
2021-07-15,"1,829.19","1,827.35","1,833.99","1,820.07",0.12%
2021-07-16,"1,810.89","1,829.45","1,832.20","1,808.65",-1.00%
2021-07-17,"1,810.89","1,829.45","1,832.20","1,808.65",-1.00%
2021-07-18,"1,810.89","1,829.45","1,832.20","1,808.65",-1.00%
2021-07-19,"1,812.34","1,811.65","1,817.56","1,794.66",0.08%
2021-07-20,"1,810.03","1,812.61","1,825.27","1,805.06",-0.13%
2021-07-21,"1,803.31","1,810.32","1,814.02","1,794.18",-0.37%
2021-07-22,"1,806.56","1,803.58","1,808.34","1,792.11",0.18%
2021-07-23,"1,801.34","1,806.95","1,810.56","1,790.45",-0.29%
2021-07-24,"1,801.34","1,806.95","1,810.56","1,790.45",-0.29%
2021-07-25,"1,801.34","1,806.95","1,810.56","1,790.45",-0.29%
2021-07-26,"1,797.27","1,802.65","1,811.97","1,795.68",-0.23%
2021-07-27,"1,798.82","1,797.53","1,805.60","1,792.83",0.09%
2021-07-28,"1,806.52","1,799.00","1,809.90","1,792.60",0.43%
2021-07-29,"1,827.95","1,807.15","1,833.05","1,806.29",1.19%
2021-07-30,"1,813.58","1,828.21","1,831.63","1,809.48",-0.79%
2021-07-31,"1,813.58","1,828.21","1,831.63","1,809.48",-0.79%
2021-08-01,"1,813.58","1,828.21","1,831.63","1,809.48",-0.79%
2021-08-02,"1,812.84","1,814.34","1,819.94","1,805.12",-0.04%
2021-08-03,"1,809.94","1,813.64","1,815.18","1,806.73",-0.16%
2021-08-04,"1,811.33","1,810.60","1,832.10","1,806.54",0.08%
2021-08-05,"1,804.07","1,811.69","1,815.45","1,797.74",-0.40%
2021-08-06,"1,762.69","1,804.28","1,804.93","1,758.33",-2.29%
2021-08-07,"1,762.69","1,804.28","1,804.93","1,758.33",-2.29%
2021-08-08,"1,762.69","1,804.28","1,804.93","1,758.33",-2.29%
2021-08-09,"1,729.46","1,763.34","1,764.65","1,684.77",-1.89%
2021-08-10,"1,728.71","1,729.74","1,738.49","1,717.17",-0.04%
2021-08-11,"1,751.56","1,729.01","1,754.63","1,723.54",1.32%
2021-08-12,"1,752.75","1,751.66","1,758.62","1,741.29",0.07%
2021-08-13,"1,779.15","1,752.72","1,780.53","1,751.27",1.51%
2021-08-14,"1,779.15","1,752.72","1,780.53","1,751.27",1.51%
2021-08-15,"1,779.15","1,752.72","1,780.53","1,751.27",1.51%
2021-08-16,"1,786.57","1,778.44","1,789.51","1,770.38",0.42%
2021-08-17,"1,785.96","1,787.51","1,795.77","1,780.28",-0.03%
2021-08-18,"1,787.59","1,786.21","1,794.31","1,777.31",0.09%
2021-08-19,"1,779.25","1,788.05","1,792.56","1,774.20",-0.47%
2021-08-20,"1,780.87","1,780.44","1,788.85","1,777.96",0.09%
2021-08-21,"1,780.87","1,780.44","1,788.85","1,777.96",0.09%
2021-08-22,"1,780.87","1,780.44","1,788.85","1,777.96",0.09%
2021-08-23,"1,805.20","1,780.55","1,806.92","1,776.03",1.37%
2021-08-24,"1,802.61","1,805.61","1,810.03","1,799.73",-0.14%
2021-08-25,"1,790.68","1,802.86","1,803.57","1,782.45",-0.66%
2021-08-26,"1,792.18","1,791.09","1,798.61","1,779.48",0.08%
2021-08-27,"1,816.67","1,792.60","1,819.38","1,787.66",1.37%
2021-08-28,"1,816.67","1,792.60","1,819.38","1,787.66",1.37%
2021-08-29,"1,816.67","1,792.60","1,819.38","1,787.66",1.37%
2021-08-30,"1,810.02","1,817.55","1,823.38","1,807.28",-0.37%
2021-08-31,"1,813.43","1,810.26","1,819.43","1,801.47",0.19%
2021-09-01,"1,813.66","1,813.57","1,820.21","1,808.18",0.01%
2021-09-02,"1,809.40","1,813.92","1,817.53","1,804.48",-0.23%
2021-09-03,"1,826.19","1,809.98","1,834.55","1,808.53",0.93%
2021-09-04,"1,826.19","1,809.98","1,834.55","1,808.53",0.93%
2021-09-05,"1,826.19","1,809.98","1,834.55","1,808.53",0.93%
2021-09-06,"1,823.10","1,828.66","1,830.60","1,820.58",-0.17%
2021-09-07,"1,794.13","1,823.27","1,827.39","1,792.33",-1.59%
2021-09-08,"1,788.93","1,794.41","1,802.60","1,781.98",-0.29%
2021-09-09,"1,794.69","1,789.19","1,801.19","1,783.83",0.32%
2021-09-10,"1,787.34","1,794.61","1,804.15","1,786.53",-0.41%
2021-09-11,"1,787.34","1,794.61","1,804.15","1,786.53",-0.41%
2021-09-12,"1,787.34","1,794.61","1,804.15","1,786.53",-0.41%
2021-09-13,"1,793.49","1,788.55","1,798.66","1,783.73",0.34%
2021-09-14,"1,804.27","1,793.77","1,808.99","1,781.89",0.60%
2021-09-15,"1,792.59","1,804.53","1,807.30","1,790.28",-0.65%
2021-09-16,"1,753.39","1,794.34","1,796.71","1,745.04",-2.19%
2021-09-17,"1,754.16","1,753.67","1,768.22","1,747.07",0.04%
2021-09-18,"1,754.16","1,753.67","1,768.22","1,747.07",0.04%
2021-09-19,"1,754.16","1,753.67","1,768.22","1,747.07",0.04%
2021-09-20,"1,763.88","1,754.30","1,767.31","1,742.24",0.55%
2021-09-21,"1,774.25","1,764.19","1,782.07","1,757.61",0.59%
2021-09-22,"1,767.91","1,774.51","1,787.51","1,764.84",-0.36%
2021-09-23,"1,742.57","1,768.40","1,776.60","1,737.84",-1.43%
2021-09-24,"1,749.86","1,742.82","1,758.08","1,739.60",0.42%
2021-09-25,"1,749.86","1,742.82","1,758.08","1,739.60",0.42%
2021-09-26,"1,749.86","1,742.82","1,758.08","1,739.60",0.42%
2021-09-27,"1,749.85","1,751.24","1,761.29","1,744.19",-0.00%
2021-09-28,"1,733.68","1,750.45","1,754.80","1,727.18",-0.92%
2021-09-29,"1,726.53","1,733.97","1,746.11","1,721.07",-0.41%
2021-09-30,"1,756.66","1,726.40","1,764.53","1,721.67",1.74%
2021-10-01,"1,760.36","1,756.91","1,764.40","1,749.36",0.21%
2021-10-02,"1,760.36","1,756.91","1,764.40","1,749.36",0.21%
2021-10-03,"1,760.36","1,756.91","1,764.40","1,749.36",0.21%
2021-10-04,"1,769.51","1,762.15","1,771.06","1,747.23",0.52%
2021-10-05,"1,759.96","1,769.75","1,771.03","1,748.56",-0.54%
2021-10-06,"1,762.48","1,760.45","1,765.78","1,745.45",0.14%
2021-10-07,"1,755.29","1,762.74","1,767.45","1,751.38",-0.41%
2021-10-08,"1,756.67","1,755.89","1,781.60","1,753.03",0.08%
2021-10-09,"1,756.67","1,755.89","1,781.60","1,753.03",0.08%
2021-10-10,"1,756.67","1,755.89","1,781.60","1,753.03",0.08%
2021-10-11,"1,753.86","1,757.34","1,761.36","1,749.68",-0.16%
2021-10-12,"1,759.93","1,754.12","1,769.78","1,750.47",0.35%
2021-10-13,"1,792.65","1,760.05","1,796.31","1,757.89",1.86%
2021-10-14,"1,795.56","1,792.75","1,800.91","1,786.22",0.16%
2021-10-15,"1,767.26","1,795.81","1,796.89","1,764.48",-1.58%
2021-10-16,"1,767.26","1,795.81","1,796.89","1,764.48",-1.58%
2021-10-17,"1,767.26","1,795.81","1,796.89","1,764.48",-1.58%
2021-10-18,"1,764.58","1,767.74","1,772.30","1,759.68",-0.15%
2021-10-19,"1,768.88","1,764.99","1,785.53","1,762.48",0.24%
2021-10-20,"1,781.83","1,769.28","1,788.68","1,766.50",0.73%
2021-10-21,"1,782.76","1,782.10","1,789.61","1,776.07",0.05%
2021-10-22,"1,792.48","1,782.89","1,814.22","1,782.46",0.55%
2021-10-23,"1,792.48","1,782.89","1,814.22","1,782.46",0.55%
2021-10-24,"1,792.48","1,782.89","1,814.22","1,782.46",0.55%
2021-10-25,"1,807.71","1,794.00","1,810.18","1,791.95",0.85%
2021-10-26,"1,792.63","1,807.90","1,808.50","1,781.98",-0.83%
2021-10-27,"1,796.69","1,793.04","1,799.38","1,782.83",0.23%
2021-10-28,"1,798.62","1,796.78","1,810.49","1,792.34",0.11%
2021-10-29,"1,782.81","1,799.03","1,801.49","1,771.70",-0.88%
2021-10-30,"1,782.81","1,799.03","1,801.49","1,771.70",-0.88%
2021-10-31,"1,782.81","1,799.03","1,801.49","1,771.70",-0.88%
2021-11-01,"1,793.05","1,783.24","1,796.20","1,778.89",0.57%
2021-11-02,"1,787.28","1,793.61","1,796.91","1,785.78",-0.32%
2021-11-03,"1,769.54","1,787.71","1,788.42","1,758.45",-0.99%
2021-11-04,"1,791.70","1,769.98","1,799.26","1,769.13",1.25%
2021-11-05,"1,816.73","1,792.14","1,818.61","1,785.17",1.40%
2021-11-06,"1,816.73","1,792.14","1,818.61","1,785.17",1.40%
2021-11-07,"1,816.73","1,792.14","1,818.61","1,785.17",1.40%
2021-11-08,"1,824.26","1,818.44","1,826.93","1,812.08",0.41%
2021-11-09,"1,831.48","1,824.74","1,833.08","1,817.70",0.40%
2021-11-10,"1,849.57","1,831.90","1,868.70","1,821.60",0.99%
2021-11-11,"1,861.52","1,849.69","1,866.35","1,842.66",0.65%
2021-11-12,"1,864.04","1,861.99","1,868.69","1,844.78",0.14%
2021-11-13,"1,864.04","1,861.99","1,868.69","1,844.78",0.14%
2021-11-14,"1,864.04","1,861.99","1,868.69","1,844.78",0.14%
2021-11-15,"1,862.46","1,868.15","1,870.57","1,855.73",-0.09%
2021-11-16,"1,849.91","1,862.94","1,877.40","1,849.16",-0.67%
2021-11-17,"1,866.96","1,850.34","1,868.32","1,849.38",0.92%
2021-11-18,"1,858.46","1,866.97","1,871.29","1,854.94",-0.46%
2021-11-19,"1,844.60","1,858.90","1,865.76","1,842.98",-0.75%
2021-11-20,"1,844.60","1,858.90","1,865.76","1,842.98",-0.75%
2021-11-21,"1,844.60","1,858.90","1,865.76","1,842.98",-0.75%
2021-11-22,"1,805.04","1,846.74","1,849.49","1,801.95",-2.14%
2021-11-23,"1,789.73","1,805.65","1,812.50","1,781.63",-0.85%
2021-11-24,"1,788.50","1,790.34","1,797.01","1,778.44",-0.07%
2021-11-25,"1,788.45","1,789.49","1,795.65","1,785.85",-0.00%
2021-11-26,"1,791.81","1,788.70","1,815.78","1,780.79",0.19%
2021-11-27,"1,791.81","1,788.70","1,815.78","1,780.79",0.19%
2021-11-28,"1,791.81","1,788.70","1,815.78","1,780.79",0.19%
2021-11-29,"1,785.01","1,790.05","1,799.80","1,781.23",-0.38%
2021-11-30,"1,773.78","1,785.34","1,809.38","1,769.43",-0.63%
2021-12-01,"1,782.66","1,774.15","1,794.80","1,771.96",0.50%
2021-12-02,"1,768.64","1,783.05","1,783.58","1,761.68",-0.79%
2021-12-03,"1,783.74","1,768.84","1,786.44","1,765.63",0.85%
2021-12-04,"1,783.74","1,768.84","1,786.44","1,765.63",0.85%
2021-12-05,"1,783.74","1,768.84","1,786.44","1,765.63",0.85%
2021-12-06,"1,778.11","1,784.79","1,787.87","1,775.91",-0.32%
2021-12-07,"1,784.04","1,778.08","1,788.02","1,771.93",0.33%
2021-12-08,"1,782.06","1,784.40","1,793.60","1,779.45",-0.11%
2021-12-09,"1,774.46","1,782.49","1,788.05","1,772.80",-0.43%
2021-12-10,"1,782.51","1,774.94","1,789.47","1,769.43",0.45%
2021-12-11,"1,782.51","1,774.94","1,789.47","1,769.43",0.45%
2021-12-12,"1,782.51","1,774.94","1,789.47","1,769.43",0.45%
2021-12-13,"1,786.94","1,782.94","1,791.78","1,781.51",0.25%
2021-12-14,"1,770.18","1,787.19","1,789.74","1,766.31",-0.94%
2021-12-15,"1,777.06","1,770.49","1,781.04","1,753.84",0.39%
2021-12-16,"1,799.03","1,777.40","1,799.53","1,775.43",1.24%
2021-12-17,"1,797.68","1,799.55","1,814.63","1,795.67",-0.07%
2021-12-18,"1,797.68","1,799.55","1,814.63","1,795.67",-0.07%
2021-12-19,"1,797.68","1,799.55","1,814.63","1,795.67",-0.07%
2021-12-20,"1,789.32","1,799.40","1,804.32","1,787.98",-0.47%
2021-12-21,"1,788.36","1,789.74","1,800.85","1,784.58",-0.05%
2021-12-22,"1,803.40","1,788.94","1,805.13","1,785.41",0.84%
2021-12-23,"1,807.91","1,803.69","1,811.02","1,798.88",0.25%
2021-12-24,"1,808.11","1,808.19","1,812.70","1,801.61",0.01%
2021-12-25,"1,808.11","1,808.19","1,812.70","1,801.61",0.01%
2021-12-26,"1,808.11","1,808.19","1,812.70","1,801.61",0.01%
2021-12-27,"1,810.90","1,808.19","1,813.74","1,802.89",0.15%
2021-12-28,"1,805.37","1,811.84","1,820.70","1,804.38",-0.31%
2021-12-29,"1,803.66","1,805.59","1,808.16","1,788.94",-0.09%
2021-12-30,"1,815.01","1,803.99","1,817.44","1,795.78",0.63%
2021-12-31,"1,828.39","1,815.44","1,830.58","1,814.15",0.74%
