Date,Price,Open,High,Low
2018-01-01,928.70,925.35,936.90,925.05
2018-01-02,944.70,932.15,945.20,930.60
2018-01-03,950.80,944.95,961.40,939.10
2018-01-04,961.20,950.75,966.10,943.90
2018-01-05,969.70,961.30,970.60,959.05
2018-01-06,969.70,961.30,970.60,959.05
2018-01-07,968.75,967.55,970.30,967.55
2018-01-08,969.70,969.15,974.30,966.65
2018-01-09,963.50,969.65,970.70,960.00
2018-01-10,971.70,963.40,974.70,957.05
2018-01-11,984.45,971.80,985.80,970.80
2018-01-12,994.55,984.30,999.09,984.20
2018-01-13,994.55,984.30,999.09,984.20
2018-01-14,993.05,993.65,993.75,993.05
2018-01-15,997.90,993.00,"1,002.20",987.30
2018-01-16,999.25,997.85,"1,000.20",985.75
2018-01-17,999.10,999.15,"1,008.10",997.20
2018-01-18,"1,001.55",999.20,"1,007.58",996.55
2018-01-19,"1,012.60","1,001.60","1,015.75",999.20
2018-01-20,"1,012.60","1,001.60","1,015.75",999.20
2018-01-21,"1,013.95","1,014.15","1,015.10","1,013.25"
2018-01-22,999.90,"1,014.45","1,019.40",991.55
2018-01-23,"1,006.20",999.85,"1,008.05",989.20
2018-01-24,"1,014.45","1,006.15","1,022.15","1,004.30"
2018-01-25,"1,012.40","1,014.30","1,028.30","1,006.95"
2018-01-26,"1,009.90","1,012.60","1,021.70","1,009.85"
2018-01-27,"1,009.90","1,012.60","1,021.70","1,009.85"
2018-01-28,"1,010.65","1,011.90","1,012.85","1,010.15"
2018-01-29,"1,006.10","1,010.55","1,013.30","1,001.50"
2018-01-30,997.05,"1,006.15","1,008.25",991.30
2018-01-31,"1,001.55",997.00,"1,006.30",994.95
2018-02-01,"1,005.05","1,001.45","1,008.55",991.60
2018-02-02,990.10,"1,005.00","1,006.20",986.75
2018-02-03,990.10,"1,005.00","1,006.20",986.75
2018-02-04,989.10,989.95,991.90,986.75
2018-02-05,990.70,989.05,996.40,986.15
2018-02-06,989.65,990.80,998.65,983.60
2018-02-07,981.30,989.60,993.60,976.90
2018-02-08,976.45,981.10,981.65,969.90
2018-02-09,965.65,976.30,977.90,958.15
2018-02-10,965.65,976.30,977.90,958.15
2018-02-11,968.15,965.25,968.50,965.10
2018-02-12,970.80,968.10,973.65,960.65
2018-02-13,975.80,970.95,978.40,970.10
2018-02-14,997.10,974.20,999.80,965.00
2018-02-15,"1,001.85",994.24,"1,007.85",989.75
2018-02-16,"1,005.00","1,003.50","1,015.20",997.50
2018-02-17,"1,005.00","1,003.50","1,015.20",997.50
2018-02-18,"1,005.30","1,007.00","1,007.65","1,005.15"
2018-02-19,"1,007.50","1,004.00","1,018.60","1,004.00"
2018-02-20,"1,000.40","1,003.70","1,010.70",994.70
2018-02-21,989.50,"1,002.20","1,004.10",987.00
2018-02-22,997.25,993.15,"1,002.36",983.75
2018-02-23,996.85,994.29,"1,000.65",986.05
2018-02-24,996.85,994.29,"1,000.65",986.05
2018-02-25,994.30,994.55,996.50,994.00
2018-02-26,"1,000.20",995.90,"1,007.50",990.10
2018-02-27,983.50,"1,000.00","1,002.70",976.60
2018-02-28,983.60,983.50,987.30,973.10
2018-03-01,966.80,983.50,984.70,951.10
2018-03-02,966.00,969.86,972.55,959.25
2018-03-03,966.00,969.86,972.55,959.25
2018-03-04,968.50,967.70,968.50,965.55
2018-03-05,961.55,966.65,970.75,951.05
2018-03-06,969.35,961.65,974.75,954.55
2018-03-07,952.85,969.35,972.15,946.25
2018-03-08,952.60,953.00,957.70,941.60
2018-03-09,965.20,952.50,965.50,944.10
2018-03-10,965.20,952.50,965.50,944.10
2018-03-11,964.85,963.95,965.60,963.85
2018-03-12,963.25,965.05,967.55,952.35
2018-03-13,965.75,962.75,974.65,960.25
2018-03-14,961.00,966.50,975.70,957.00
2018-03-15,954.90,961.90,964.70,947.60
2018-03-16,948.00,958.10,962.90,945.00
2018-03-17,948.00,958.10,962.90,945.00
2018-03-18,948.75,949.30,949.55,948.40
2018-03-19,953.60,949.70,956.80,937.10
2018-03-20,944.25,956.86,959.25,941.75
2018-03-21,959.00,944.50,964.60,944.00
2018-03-22,949.50,958.50,965.10,941.89
2018-03-23,949.50,951.00,962.00,943.40
2018-03-24,949.50,951.00,962.00,943.40
2018-03-25,950.55,949.40,952.30,949.35
2018-03-26,952.90,942.70,958.10,941.60
2018-03-27,943.75,951.75,961.35,935.75
2018-03-28,936.50,945.50,951.90,934.50
2018-03-29,931.75,936.25,943.86,926.25
2018-03-30,931.75,936.25,943.86,926.25
2018-03-31,931.75,936.25,943.86,926.25
2018-04-01,934.95,932.50,935.60,932.50
2018-04-02,934.50,931.50,944.10,930.50
2018-04-03,926.00,936.20,938.30,914.50
2018-04-04,917.00,930.30,931.10,913.00
2018-04-05,912.50,915.50,920.70,904.00
2018-04-06,917.50,916.90,921.60,907.00
2018-04-07,917.50,916.90,921.60,907.00
2018-04-08,919.90,917.65,920.10,917.40
2018-04-09,934.00,919.90,939.10,914.50
2018-04-10,929.00,936.00,940.70,924.00
2018-04-11,931.50,928.50,946.60,927.50
2018-04-12,927.50,931.00,935.90,921.00
2018-04-13,930.00,925.50,935.90,924.50
2018-04-14,930.00,925.50,935.90,924.50
2018-04-15,931.20,930.90,931.90,928.00
2018-04-16,929.00,931.99,939.10,925.50
2018-04-17,937.00,929.50,938.10,918.00
2018-04-18,940.50,941.50,953.70,934.00
2018-04-19,935.00,937.50,956.00,930.00
2018-04-20,927.50,935.00,941.50,925.50
2018-04-21,927.50,935.00,941.50,925.50
2018-04-22,926.15,925.55,927.55,925.50
2018-04-23,920.00,929.00,930.30,913.25
2018-04-24,931.00,925.70,939.70,915.50
2018-04-25,910.50,931.50,936.80,908.50
2018-04-26,907.50,906.00,918.70,902.50
2018-04-27,914.50,908.25,919.25,904.25
2018-04-28,914.50,908.25,919.25,904.25
2018-04-29,913.95,914.10,914.20,913.25
2018-04-30,905.50,916.00,917.30,900.60
2018-05-01,895.00,906.50,910.60,893.50
2018-05-02,895.00,895.50,906.70,893.00
2018-05-03,904.50,896.00,911.00,895.00
2018-05-04,911.00,907.50,915.10,899.00
2018-05-05,911.00,907.50,915.10,899.00
2018-05-06,910.10,911.15,911.30,909.35
2018-05-07,913.00,912.50,923.70,910.74
2018-05-08,914.50,913.50,916.50,902.50
2018-05-09,915.00,914.00,922.60,908.50
2018-05-10,926.50,914.50,929.70,910.50
2018-05-11,926.50,927.50,934.10,922.00
2018-05-12,926.50,927.50,934.10,922.00
2018-05-13,922.85,922.35,925.05,922.20
2018-05-14,910.00,925.00,932.20,910.00
2018-05-15,896.75,911.75,916.15,896.00
2018-05-16,889.75,898.15,902.35,885.75
2018-05-17,891.00,893.50,896.80,881.50
2018-05-18,887.75,894.00,896.40,881.50
2018-05-19,887.75,894.00,896.40,881.50
2018-05-20,886.10,886.75,889.00,885.55
2018-05-21,901.00,887.99,906.80,878.50
2018-05-22,905.50,900.50,913.40,894.00
2018-05-23,903.00,905.25,913.46,897.75
2018-05-24,911.50,900.50,916.80,900.50
2018-05-25,901.50,913.50,917.80,899.00
2018-05-26,901.50,913.50,917.80,899.00
2018-05-27,901.45,900.10,901.75,899.90
2018-05-28,906.00,900.50,912.10,900.50
2018-05-29,906.50,905.20,912.30,898.35
2018-05-30,909.00,903.50,913.50,899.75
2018-05-31,906.50,913.30,919.80,906.50
2018-06-01,904.25,907.00,916.90,900.25
2018-06-02,904.25,907.00,916.90,900.25
2018-06-03,903.50,903.80,904.00,902.80
2018-06-04,901.25,900.50,910.05,895.30
2018-06-05,900.90,898.00,903.80,888.50
2018-06-06,905.00,903.50,910.20,897.20
2018-06-07,899.00,903.50,911.20,895.00
2018-06-08,906.50,900.00,911.40,896.25
2018-06-09,906.50,900.00,911.40,896.25
2018-06-10,906.10,906.70,906.80,905.35
2018-06-11,904.40,904.00,911.00,896.85
2018-06-12,899.00,904.00,913.60,898.50
2018-06-13,904.00,899.50,909.10,892.50
2018-06-14,905.00,905.00,917.80,898.50
2018-06-15,888.05,901.15,907.45,880.65
2018-06-16,888.05,901.15,907.45,880.65
2018-06-17,889.25,886.15,889.25,886.05
2018-06-18,884.00,885.49,894.20,879.00
2018-06-19,868.10,884.00,886.10,857.45
2018-06-20,872.00,870.00,880.50,859.50
2018-06-21,864.00,873.00,873.40,859.50
2018-06-22,878.00,866.00,882.00,856.74
2018-06-23,878.00,866.00,882.00,856.74
2018-06-24,877.90,877.70,878.65,877.30
2018-06-25,867.00,876.50,881.80,863.50
2018-06-26,868.00,864.50,873.20,855.50
2018-06-27,858.50,864.50,870.95,848.00
2018-06-28,850.00,855.50,859.90,843.00
2018-06-29,852.50,849.50,859.30,842.30
2018-06-30,852.50,849.50,859.30,842.30
2018-07-01,853.35,852.80,854.15,852.00
2018-07-02,818.50,851.99,855.70,806.50
2018-07-03,842.00,819.00,850.70,798.00
2018-07-04,842.50,840.50,845.60,830.50
2018-07-05,843.00,839.50,849.40,834.50
2018-07-06,845.50,845.00,850.40,836.44
2018-07-07,845.50,845.00,850.40,836.44
2018-07-08,845.75,845.65,846.15,844.80
2018-07-09,850.75,843.75,861.75,843.25
2018-07-10,847.25,854.60,858.90,836.75
2018-07-11,827.25,844.75,848.60,824.75
2018-07-12,841.50,827.77,847.32,823.77
2018-07-13,829.50,843.00,845.96,822.50
2018-07-14,829.50,843.00,845.96,822.50
2018-07-15,830.30,828.85,831.15,828.85
2018-07-16,824.50,829.24,835.10,816.50
2018-07-17,817.50,824.00,835.20,813.89
2018-07-18,818.50,817.00,824.10,803.14
2018-07-19,807.00,819.00,822.30,790.50
2018-07-20,829.00,804.00,832.60,800.15
2018-07-21,829.00,804.00,832.60,800.15
2018-07-22,830.55,827.50,830.80,825.95
2018-07-23,833.50,826.00,836.70,821.45
2018-07-24,833.50,834.80,850.90,826.90
2018-07-25,844.00,831.75,848.25,831.25
2018-07-26,828.00,845.00,849.60,823.50
2018-07-27,830.50,826.50,837.30,821.50
2018-07-28,830.50,826.50,837.30,821.50
2018-07-29,829.55,829.00,831.60,827.70
2018-07-30,829.00,831.00,836.50,821.95
2018-07-31,839.50,832.90,848.70,825.00
2018-08-01,817.00,840.00,843.40,815.00
2018-08-02,824.50,815.00,836.70,810.40
2018-08-03,832.00,824.00,846.40,820.63
2018-08-04,832.00,824.00,846.40,820.63
2018-08-05,834.60,831.60,834.80,830.80
2018-08-06,823.50,829.99,839.00,818.50
2018-08-07,829.75,820.75,840.15,820.25
2018-08-08,831.50,834.40,838.30,823.00
2018-08-09,834.00,835.25,843.65,824.91
2018-08-10,830.00,831.00,838.20,824.50
2018-08-11,830.00,831.00,838.20,824.50
2018-08-12,829.50,828.55,830.80,828.25
2018-08-13,803.00,831.00,835.30,796.50
2018-08-14,801.50,802.25,810.86,795.55
2018-08-15,768.00,803.00,806.30,757.25
2018-08-16,779.75,766.00,797.60,753.75
2018-08-17,786.75,779.25,794.90,773.75
2018-08-18,786.75,779.25,794.90,773.75
2018-08-19,788.60,787.40,788.65,786.45
2018-08-20,796.00,785.25,800.90,784.25
2018-08-21,795.50,793.00,805.60,785.00
2018-08-22,794.50,793.50,803.00,786.50
2018-08-23,777.50,795.00,797.60,773.00
2018-08-24,791.00,777.60,794.90,770.20
2018-08-25,791.00,777.60,794.90,770.20
2018-08-26,791.00,777.60,794.90,770.20
2018-08-27,804.50,791.00,810.30,787.05
2018-08-28,790.50,808.90,815.00,788.50
2018-08-29,798.50,791.00,800.60,785.00
2018-08-30,791.00,799.60,800.70,786.00
2018-08-31,787.50,790.50,805.30,785.00
2018-09-01,787.50,790.50,805.30,785.00
2018-09-02,787.50,790.50,805.30,785.00
2018-09-03,788.50,787.00,794.30,783.50
2018-09-04,778.50,786.00,793.10,764.30
2018-09-05,787.50,777.50,790.00,770.50
2018-09-06,791.35,780.55,795.95,776.75
2018-09-07,782.50,789.75,799.25,774.75
2018-09-08,782.50,789.75,799.25,774.75
2018-09-09,782.50,789.75,799.25,774.75
2018-09-10,787.50,784.50,805.30,777.00
2018-09-11,792.50,787.00,798.20,782.00
2018-09-12,801.00,793.60,803.50,781.50
2018-09-13,802.50,799.00,814.80,796.50
2018-09-14,795.50,801.75,815.05,793.75
2018-09-15,795.50,801.75,815.05,793.75
2018-09-16,795.50,801.75,815.05,793.75
2018-09-17,799.00,795.00,810.20,789.50
2018-09-18,813.50,802.25,821.65,792.75
2018-09-19,823.50,810.50,828.90,810.00
2018-09-20,834.50,824.02,837.72,815.92
2018-09-21,829.00,837.10,840.90,820.25
2018-09-22,829.00,837.10,840.90,820.25
2018-09-23,829.00,837.10,840.90,820.25
2018-09-24,829.00,829.50,840.00,823.00
2018-09-25,822.90,823.80,833.50,817.80
2018-09-26,823.50,823.02,832.02,818.92
2018-09-27,811.50,821.02,834.22,805.35
2018-09-28,815.00,812.72,826.62,804.52
2018-09-29,815.00,812.72,826.62,804.52
2018-09-30,815.00,812.72,826.62,804.52
2018-10-01,824.00,817.00,827.90,806.50
2018-10-02,832.00,824.00,839.80,816.50
2018-10-03,827.00,833.00,840.90,826.50
2018-10-04,824.50,825.02,836.12,817.87
2018-10-05,823.50,826.02,833.82,816.02
2018-10-06,823.50,826.02,833.82,816.02
2018-10-07,823.50,826.02,833.82,816.02
2018-10-08,820.00,821.50,826.50,807.55
2018-10-09,826.50,820.50,828.70,809.00
2018-10-10,824.00,828.50,832.70,819.50
2018-10-11,841.50,824.50,846.40,811.75
2018-10-12,839.00,843.10,844.60,832.90
2018-10-13,839.00,843.10,844.60,832.90
2018-10-14,839.00,843.10,844.60,832.90
2018-10-15,842.50,838.25,853.86,837.25
2018-10-16,842.00,844.00,851.40,839.45
2018-10-17,834.00,839.00,845.00,830.00
2018-10-18,828.00,831.00,836.00,823.50
2018-10-19,832.50,830.30,839.30,825.00
2018-10-20,832.50,830.30,839.30,825.00
2018-10-21,832.50,830.30,839.30,825.00
2018-10-22,822.50,830.49,840.40,815.00
2018-10-23,833.00,819.50,837.20,814.50
2018-10-24,832.50,836.00,840.10,825.50
2018-10-25,828.00,831.00,838.10,823.00
2018-10-26,832.50,825.00,837.80,820.50
2018-10-27,832.50,825.00,837.80,820.50
2018-10-28,832.50,825.00,837.80,820.50
2018-10-29,834.50,833.00,844.70,826.50
2018-10-30,837.50,833.00,845.00,831.61
2018-10-31,838.50,834.00,842.90,829.50
2018-11-01,859.00,835.50,863.50,835.00
2018-11-02,869.50,857.50,874.90,857.50
2018-11-03,869.50,857.50,874.90,857.50
2018-11-04,869.50,857.50,874.90,857.50
2018-11-05,864.10,869.90,873.30,857.55
2018-11-06,870.00,866.40,878.20,861.15
2018-11-07,872.95,869.95,877.85,861.85
2018-11-08,864.40,872.90,874.30,857.55
2018-11-09,854.00,869.10,872.00,852.50
2018-11-10,854.00,869.10,872.00,852.50
2018-11-11,854.00,869.10,872.00,852.50
2018-11-12,841.05,847.85,857.55,835.85
2018-11-13,838.50,844.25,854.25,834.36
2018-11-14,835.05,838.55,840.75,822.45
2018-11-15,841.60,835.10,846.20,823.90
2018-11-16,847.00,844.86,851.75,839.25
2018-11-17,847.00,844.86,851.75,839.25
2018-11-18,847.00,844.86,851.75,839.25
2018-11-19,853.50,840.90,855.90,837.90
2018-11-20,841.75,856.75,859.05,837.25
2018-11-21,845.50,846.70,855.20,839.50
2018-11-22,848.70,850.90,854.40,844.00
2018-11-23,843.50,848.00,853.60,838.00
2018-11-24,843.50,848.00,853.60,838.00
2018-11-25,843.50,848.00,853.60,838.00
2018-11-26,843.50,844.36,852.65,838.75
2018-11-27,833.75,846.86,848.96,829.00
2018-11-28,824.75,837.05,837.65,813.25
2018-11-29,819.50,826.90,833.10,813.49
2018-11-30,798.05,819.25,820.75,792.85
2018-12-01,798.05,819.25,820.75,792.85
2018-12-02,798.05,819.25,820.75,792.85
2018-12-03,806.70,801.70,814.60,796.80
2018-12-04,803.90,806.80,808.70,793.40
2018-12-05,800.85,804.05,804.35,785.45
2018-12-06,789.50,802.80,804.70,782.00
2018-12-07,793.50,793.36,799.65,782.75
2018-12-08,793.50,793.36,799.65,782.75
2018-12-09,793.50,793.36,799.65,782.75
2018-12-10,785.55,791.85,795.25,773.85
2018-12-11,785.50,788.96,794.36,778.25
2018-12-12,803.50,790.20,811.20,784.50
2018-12-13,796.75,806.46,811.05,789.50
2018-12-14,787.40,796.70,797.50,776.89
2018-12-15,787.40,796.70,797.50,776.89
2018-12-16,787.40,796.70,797.50,776.89
2018-12-17,794.00,784.00,798.80,778.00
2018-12-18,790.75,797.36,799.15,785.11
2018-12-19,786.50,790.90,799.00,780.65
2018-12-20,794.15,786.65,797.05,780.35
2018-12-21,787.55,794.25,797.75,783.15
2018-12-22,787.55,794.25,797.75,783.15
2018-12-23,787.55,794.25,797.75,783.15
2018-12-24,787.50,792.00,801.40,786.21
2018-12-25,787.50,792.00,801.40,786.21
2018-12-26,796.80,786.70,804.20,784.20
2018-12-27,796.50,795.00,802.00,781.00
2018-12-28,789.85,796.25,801.15,784.45
2018-12-29,789.85,796.25,801.15,784.45
2018-12-30,789.85,796.25,801.15,784.45
2018-12-31,795.50,792.75,800.86,786.75
2019-01-01,796.50,799.90,800.00,796.50
2019-01-02,794.80,791.40,801.50,778.40
2019-01-03,798.80,794.90,799.50,786.00
2019-01-04,823.05,799.05,824.05,792.05
2019-01-05,823.05,799.05,824.05,792.05
2019-01-06,823.05,799.05,824.05,792.05
2019-01-07,822.60,819.40,831.50,814.26
2019-01-08,819.50,827.20,830.70,814.50
2019-01-09,825.10,820.80,825.70,813.90
2019-01-10,820.10,825.00,829.30,814.30
2019-01-11,810.75,820.05,825.05,805.75
2019-01-12,810.75,820.05,825.05,805.75
2019-01-13,810.75,820.05,825.05,805.75
2019-01-14,802.00,810.50,815.80,796.50
2019-01-15,798.50,807.30,809.00,796.50
2019-01-16,807.00,799.00,807.50,794.50
2019-01-17,810.00,806.50,817.50,801.00
2019-01-18,799.50,810.00,815.00,793.00
2019-01-19,799.50,810.00,815.00,793.00
2019-01-20,799.50,810.00,815.00,793.00
2019-01-21,796.00,799.00,815.50,794.00
2019-01-22,790.50,794.00,800.50,784.50
2019-01-23,794.50,786.50,796.50,784.50
2019-01-24,803.50,796.50,805.00,787.50
2019-01-25,818.50,805.50,822.00,802.00
2019-01-26,818.50,805.50,822.00,802.00
2019-01-27,818.50,805.50,822.00,802.00
2019-01-28,812.00,816.00,820.00,806.50
2019-01-29,814.50,813.00,821.73,811.00
2019-01-30,817.50,815.00,821.50,810.00
2019-01-31,822.00,814.50,825.63,814.00
2019-02-01,824.00,821.50,832.56,815.50
2019-02-02,824.00,821.50,832.56,815.50
2019-02-03,824.00,821.50,832.56,815.50
2019-02-04,820.00,823.50,826.50,812.00
2019-02-05,818.50,817.50,825.26,814.50
2019-02-06,805.50,816.50,822.70,802.50
2019-02-07,798.00,803.50,807.94,792.50
2019-02-08,800.50,795.00,800.93,791.50
2019-02-09,800.50,795.00,800.93,791.50
2019-02-10,800.50,795.00,800.93,791.50
2019-02-11,786.50,802.50,804.00,784.50
2019-02-12,791.50,787.00,795.50,784.00
2019-02-13,786.00,789.50,794.00,783.50
2019-02-14,788.00,784.00,789.50,777.00
2019-02-15,807.00,787.50,810.50,783.50
2019-02-16,807.00,787.50,810.50,783.50
2019-02-17,807.00,787.50,810.50,783.50
2019-02-18,807.00,809.50,812.00,802.50
2019-02-19,820.00,805.50,822.00,804.00
2019-02-20,827.50,823.00,835.50,818.50
2019-02-21,824.00,830.00,832.81,819.00
2019-02-22,843.00,821.00,845.50,820.50
2019-02-23,843.00,821.00,845.50,820.50
2019-02-24,843.00,821.00,845.50,820.50
2019-02-25,854.00,845.00,858.50,843.00
2019-02-26,861.00,854.50,863.50,847.50
2019-02-27,869.50,862.00,876.94,860.00
2019-02-28,870.50,864.50,876.50,859.00
2019-03-01,857.57,866.25,874.65,853.00
2019-03-02,857.57,866.25,874.65,853.00
2019-03-03,857.57,866.25,874.65,853.00
2019-03-04,835.50,857.75,864.00,830.75
2019-03-05,837.50,836.00,841.67,828.75
2019-03-06,827.50,838.00,840.46,821.02
2019-03-07,814.00,828.00,830.35,808.75
2019-03-08,817.50,814.50,823.81,809.00
2019-03-09,817.50,814.50,823.81,809.00
2019-03-10,817.50,814.50,823.81,809.00
2019-03-11,825.50,812.75,825.50,804.25
2019-03-12,838.25,813.75,838.40,813.75
2019-03-13,842.50,835.00,848.72,831.50
2019-03-14,823.50,842.00,853.25,822.36
2019-03-15,830.50,824.00,837.71,820.50
2019-03-16,830.50,824.00,837.71,820.50
2019-03-17,830.50,824.00,837.71,820.50
2019-03-18,835.00,829.00,845.99,822.50
2019-03-19,851.00,835.50,860.33,833.00
2019-03-20,861.50,851.00,868.75,847.00
2019-03-21,861.00,860.00,877.65,854.50
2019-03-22,846.50,858.00,869.10,843.00
2019-03-23,846.50,858.00,869.10,843.00
2019-03-24,846.50,858.00,869.10,843.00
2019-03-25,857.50,844.50,863.00,837.50
2019-03-26,857.50,857.00,864.50,846.00
2019-03-27,853.00,857.50,874.99,852.00
2019-03-28,837.00,849.50,866.65,831.55
2019-03-29,845.50,836.50,859.21,836.68
2019-03-30,845.50,836.50,859.21,836.68
2019-03-31,845.50,836.50,859.21,836.68
2019-04-01,847.50,844.50,859.95,841.47
2019-04-02,846.00,848.00,857.38,842.21
2019-04-03,874.78,846.50,881.91,848.38
2019-04-04,897.61,866.00,904.36,868.36
2019-04-05,895.00,894.00,910.82,883.23
2019-04-06,895.00,894.00,910.82,883.23
2019-04-07,895.00,894.00,910.82,883.23
2019-04-08,905.00,897.50,917.61,898.38
2019-04-09,887.00,904.50,912.88,888.88
2019-04-10,901.00,886.00,910.20,883.88
2019-04-11,887.50,897.50,912.61,886.88
2019-04-12,886.00,887.00,905.57,889.16
2019-04-13,886.00,887.00,905.57,889.16
2019-04-14,886.00,887.00,905.57,889.16
2019-04-15,885.00,891.26,895.39,876.91
2019-04-16,876.50,885.50,894.75,874.77
2019-04-17,883.00,878.50,893.45,875.75
2019-04-18,900.50,886.50,904.50,879.75
2019-04-19,900.50,886.50,904.50,879.75
2019-04-20,900.50,886.50,904.50,879.75
2019-04-21,900.50,886.50,904.50,879.75
2019-04-22,895.50,897.00,914.88,891.28
2019-04-23,884.50,896.00,904.13,879.08
2019-04-24,878.50,884.00,895.84,880.89
2019-04-25,882.50,879.00,891.52,876.10
2019-04-26,894.50,885.00,903.13,882.70
2019-04-27,894.50,885.00,903.13,882.70
2019-04-28,894.50,885.00,903.13,882.70
2019-04-29,894.00,894.50,903.88,886.08
2019-04-30,886.00,894.50,903.76,883.13
2019-05-01,864.00,887.67,891.13,863.25
2019-05-02,848.00,863.50,871.00,847.38
2019-05-03,869.00,847.00,874.13,842.20
2019-05-04,869.00,847.00,874.13,842.20
2019-05-05,869.00,847.00,874.13,842.20
2019-05-06,872.50,864.50,880.00,854.36
2019-05-07,868.00,870.50,886.97,865.07
2019-05-08,856.50,869.00,878.34,858.14
2019-05-09,844.00,859.50,865.86,845.72
2019-05-10,861.00,847.00,869.26,845.38
2019-05-11,861.00,847.00,869.26,845.38
2019-05-12,861.00,847.00,869.26,845.38
2019-05-13,853.18,858.50,867.63,847.93
2019-05-14,855.54,848.50,868.39,850.88
2019-05-15,845.66,854.50,861.42,840.55
2019-05-16,829.50,841.50,853.10,829.83
2019-05-17,813.50,830.00,837.38,815.38
2019-05-18,813.50,830.00,837.38,815.38
2019-05-19,813.50,830.00,837.38,815.38
2019-05-20,811.50,816.00,828.95,808.85
2019-05-21,813.50,809.50,822.12,804.70
2019-05-22,799.00,814.00,819.94,801.12
2019-05-23,793.50,801.00,807.11,793.66
2019-05-24,802.00,796.50,811.19,795.86
2019-05-25,802.00,796.50,811.19,795.86
2019-05-26,802.00,796.50,811.19,795.86
2019-05-27,806.00,803.75,813.71,800.34
2019-05-28,795.50,804.00,819.51,794.47
2019-05-29,791.50,795.00,804.13,789.96
2019-05-30,791.50,792.00,801.44,787.23
2019-05-31,791.50,792.00,799.94,788.37
2019-06-01,791.50,792.00,799.94,788.37
2019-06-02,791.50,792.00,799.94,788.37
2019-06-03,820.50,792.50,827.78,791.72
2019-06-04,815.50,818.50,828.64,814.11
2019-06-05,799.00,816.50,835.43,800.26
2019-06-06,803.29,799.50,811.42,797.34
2019-06-07,806.48,803.28,814.55,798.25
2019-06-08,806.48,803.28,814.55,798.25
2019-06-09,806.48,803.28,814.55,798.25
2019-06-10,802.00,804.50,813.63,796.08
2019-06-11,813.00,806.29,819.27,799.87
2019-06-12,808.50,813.89,823.13,806.50
2019-06-13,807.50,807.00,817.50,804.04
2019-06-14,799.00,807.00,821.67,799.88
2019-06-15,799.00,807.00,821.67,799.88
2019-06-16,799.00,807.00,821.67,799.88
2019-06-17,792.00,800.00,808.13,790.03
2019-06-18,799.50,790.00,808.68,788.83
2019-06-19,810.50,799.00,814.75,795.98
2019-06-20,802.50,810.00,826.89,803.48
2019-06-21,805.50,803.00,817.41,797.68
2019-06-22,805.50,803.00,817.41,797.68
2019-06-23,805.50,803.00,817.41,797.68
2019-06-24,810.00,807.50,818.44,806.31
2019-06-25,806.00,809.50,823.50,805.63
2019-06-26,814.00,805.50,822.75,802.64
2019-06-27,811.50,810.00,820.25,805.83
2019-06-28,833.00,809.50,842.88,811.41
2019-06-29,833.00,809.50,842.88,811.41
2019-06-30,833.00,809.50,842.88,811.41
2019-07-01,830.00,830.50,849.31,827.71
2019-07-02,827.50,830.00,841.39,822.25
2019-07-03,836.50,825.50,845.85,826.35
2019-07-04,832.50,833.50,844.06,831.00
2019-07-05,804.50,829.50,840.92,802.63
2019-07-06,804.50,829.50,840.92,802.63
2019-07-07,804.50,829.50,840.92,802.63
2019-07-08,813.50,807.50,822.93,805.13
2019-07-09,806.00,815.25,818.63,803.76
2019-07-10,824.50,806.50,830.69,805.48
2019-07-11,820.50,821.50,834.90,819.88
2019-07-12,827.50,820.50,833.64,814.38
2019-07-13,827.50,820.50,833.64,814.38
2019-07-14,827.50,820.50,833.64,814.38
2019-07-15,839.50,824.00,849.38,826.64
2019-07-16,838.00,837.50,853.56,834.84
2019-07-17,843.00,836.00,852.89,832.60
2019-07-18,849.00,841.00,855.94,841.22
2019-07-19,843.50,852.00,863.81,843.47
2019-07-20,843.50,852.00,863.81,843.47
2019-07-21,843.50,852.00,863.81,843.47
2019-07-22,844.00,841.50,855.60,843.15
2019-07-23,854.00,843.00,860.63,841.29
2019-07-24,875.50,852.00,880.61,853.23
2019-07-25,865.00,872.50,887.72,863.96
2019-07-26,860.00,867.50,872.60,857.95
2019-07-27,860.00,867.50,872.60,857.95
2019-07-28,860.00,867.50,872.60,857.95
2019-07-29,879.00,861.00,884.81,862.73
2019-07-30,865.85,878.50,884.79,865.58
2019-07-31,859.50,865.85,881.48,860.32
2019-08-01,848.50,861.50,868.27,840.90
2019-08-02,842.50,847.00,860.40,840.03
2019-08-03,842.50,847.00,860.40,840.03
2019-08-04,842.50,847.00,860.40,840.03
2019-08-05,853.00,845.50,861.98,840.56
2019-08-06,847.50,852.50,861.40,842.01
2019-08-07,862.00,848.00,872.26,844.23
2019-08-08,860.50,861.50,871.87,849.82
2019-08-09,859.00,864.50,871.13,856.12
2019-08-10,859.00,864.50,871.13,856.12
2019-08-11,859.00,864.50,871.13,856.12
2019-08-12,852.50,856.00,865.09,851.54
2019-08-13,852.00,853.00,869.18,835.15
2019-08-14,840.50,847.50,857.60,841.53
2019-08-15,838.50,839.50,850.56,831.27
2019-08-16,844.50,837.90,853.34,830.86
2019-08-17,844.50,837.90,853.34,830.86
2019-08-18,844.50,837.90,853.34,830.86
2019-08-19,850.00,846.30,860.69,840.99
2019-08-20,848.56,849.60,858.27,842.63
2019-08-21,852.75,848.75,858.87,838.42
2019-08-22,857.26,850.30,865.50,843.30
2019-08-23,853.60,857.76,872.10,848.41
2019-08-24,853.60,857.76,872.10,848.41
2019-08-25,853.60,857.76,872.10,848.41
2019-08-26,855.00,855.40,869.13,850.91
2019-08-27,865.51,855.75,871.62,853.00
2019-08-28,900.00,863.50,911.12,863.59
2019-08-29,916.17,900.60,938.19,892.80
2019-08-30,930.75,915.25,942.40,911.13
2019-08-31,930.75,915.25,942.40,911.13
2019-09-01,930.75,915.25,942.40,911.13
2019-09-02,929.75,931.50,941.39,922.87
2019-09-03,957.75,927.65,962.91,924.77
2019-09-04,985.25,957.52,993.75,954.20
2019-09-05,958.37,986.04,999.85,943.25
2019-09-06,949.77,961.25,967.45,924.69
2019-09-07,949.77,961.25,967.45,924.69
2019-09-08,949.77,961.25,967.45,924.69
2019-09-09,946.25,946.75,964.19,941.22
2019-09-10,930.25,944.50,949.99,926.57
2019-09-11,944.16,927.90,948.62,927.88
2019-09-12,950.86,942.75,962.87,939.00
2019-09-13,948.15,948.50,966.62,945.30
2019-09-14,948.15,948.50,966.62,945.30
2019-09-15,948.15,948.50,966.62,945.30
2019-09-16,936.84,948.80,962.41,925.45
2019-09-17,943.00,934.70,947.73,928.04
2019-09-18,930.25,943.50,948.00,920.05
2019-09-19,937.00,930.75,945.31,921.60
2019-09-20,945.75,937.00,951.50,934.82
2019-09-21,945.75,937.00,951.50,934.82
2019-09-22,945.75,937.00,951.50,934.82
2019-09-23,957.00,940.00,965.27,942.25
2019-09-24,953.00,957.00,965.25,946.25
2019-09-25,925.26,953.75,960.83,922.35
2019-09-26,930.00,922.00,942.02,924.14
2019-09-27,930.61,930.25,938.88,918.76
2019-09-28,930.61,930.25,938.88,918.76
2019-09-29,930.61,930.25,938.88,918.76
2019-09-30,882.00,927.00,937.20,873.36
2019-10-01,876.00,878.50,890.85,872.66
2019-10-02,886.50,873.00,894.99,868.68
2019-10-03,890.25,885.00,900.89,883.65
2019-10-04,876.50,890.24,893.38,870.28
2019-10-05,876.50,890.24,893.38,870.28
2019-10-06,876.50,890.24,893.38,870.28
2019-10-07,876.50,877.50,890.90,872.63
2019-10-08,889.75,877.75,894.43,874.55
2019-10-09,891.75,884.50,898.87,880.58
2019-10-10,899.25,889.80,905.63,880.95
2019-10-11,889.50,898.50,907.64,881.84
2019-10-12,889.50,898.50,907.64,881.84
2019-10-13,889.50,898.50,907.64,881.84
2019-10-14,893.00,893.50,903.25,887.84
2019-10-15,888.50,892.50,904.10,880.56
2019-10-16,883.00,884.25,892.65,873.99
2019-10-17,887.25,881.00,892.34,878.09
2019-10-18,889.00,887.00,896.05,880.98
2019-10-19,889.00,887.00,896.05,880.98
2019-10-20,889.00,887.00,896.05,880.98
2019-10-21,887.75,889.00,900.57,883.36
2019-10-22,891.00,887.00,895.10,883.06
2019-10-23,915.00,888.00,922.17,888.28
2019-10-24,923.75,912.00,935.16,914.88
2019-10-25,926.26,919.00,941.83,920.49
2019-10-26,926.26,919.00,941.83,920.49
2019-10-27,926.26,919.00,941.83,920.49
2019-10-28,918.72,922.50,936.47,911.72
2019-10-29,920.00,914.50,924.75,906.96
2019-10-30,925.63,920.25,930.00,912.47
2019-10-31,932.00,925.62,941.75,920.90
2019-11-01,946.00,932.26,957.06,927.48
2019-11-02,946.00,932.26,957.06,927.48
2019-11-03,946.00,932.26,957.06,927.48
2019-11-04,935.66,949.00,958.63,930.06
2019-11-05,928.79,936.00,943.63,922.38
2019-11-06,929.16,928.00,935.25,920.00
2019-11-07,908.49,928.92,936.90,901.89
2019-11-08,886.64,908.50,912.88,885.17
2019-11-09,886.64,908.50,912.88,885.17
2019-11-10,886.64,908.50,912.88,885.17
2019-11-11,875.60,882.50,894.54,871.89
2019-11-12,868.66,875.60,883.82,863.92
2019-11-13,873.83,868.66,880.10,865.63
2019-11-14,880.29,873.78,887.04,868.42
2019-11-15,889.38,880.29,899.19,873.24
2019-11-16,889.38,880.29,899.19,873.24
2019-11-17,889.38,880.29,899.19,873.24
2019-11-18,893.83,888.00,901.96,877.28
2019-11-19,910.24,893.83,914.34,891.38
2019-11-20,916.83,910.25,921.71,904.76
2019-11-21,914.86,916.83,929.55,908.22
2019-11-22,891.09,914.85,918.56,883.84
2019-11-23,891.09,914.85,918.56,883.84
2019-11-24,891.09,914.85,918.56,883.84
2019-11-25,897.02,889.50,902.75,887.47
2019-11-26,907.40,897.00,918.41,891.83
2019-11-27,893.94,907.41,911.03,887.14
2019-11-28,892.50,892.60,901.27,886.88
2019-11-29,900.02,891.75,904.16,889.41
2019-11-30,900.02,891.75,904.16,889.41
2019-12-01,900.02,891.75,904.16,889.41
2019-12-02,897.58,890.00,906.66,889.11
2019-12-03,909.70,898.00,914.11,893.89
2019-12-04,894.77,909.70,918.22,892.80
2019-12-05,897.00,894.78,904.50,882.47
2019-12-06,895.83,897.12,904.14,889.39
2019-12-07,895.83,897.12,904.14,889.39
2019-12-08,895.83,897.12,904.14,889.39
2019-12-09,894.78,895.00,903.23,886.38
2019-12-10,921.71,895.00,926.65,892.09
2019-12-11,938.88,921.72,946.99,911.95
2019-12-12,943.88,939.00,950.83,933.25
2019-12-13,927.88,943.85,949.75,920.71
2019-12-14,927.88,943.85,949.75,920.71
2019-12-15,927.88,943.85,949.75,920.71
2019-12-16,929.14,925.50,938.46,924.09
2019-12-17,927.52,929.11,937.28,917.62
2019-12-18,935.39,927.52,938.61,921.95
2019-12-19,933.70,935.39,941.38,924.24
2019-12-20,908.77,933.73,940.09,907.13
2019-12-21,908.77,933.73,940.09,907.13
2019-12-22,908.77,933.73,940.09,907.13
2019-12-23,936.23,908.00,942.21,907.37
2019-12-24,938.96,936.24,949.64,927.80
2019-12-25,938.96,936.24,949.64,927.80
2019-12-26,947.12,944.00,963.69,937.76
2019-12-27,944.75,947.03,956.71,941.30
2019-12-28,944.75,947.03,956.71,941.30
2019-12-29,944.75,947.03,956.71,941.30
2019-12-30,957.76,942.50,964.42,943.34
2019-12-31,962.50,957.76,986.89,954.74
2020-01-01,963.00,960.50,967.00,964.25
2020-01-02,978.51,960.00,993.87,962.13
2020-01-03,980.47,978.49,997.80,976.25
2020-01-04,980.47,978.49,997.80,976.25
2020-01-05,980.47,978.49,997.80,976.25
2020-01-06,963.00,979.50,995.55,953.17
2020-01-07,970.91,962.87,978.75,954.00
2020-01-08,953.66,970.94,979.05,950.41
2020-01-09,966.22,953.66,974.00,945.75
2020-01-10,978.04,967.00,985.91,960.42
2020-01-11,978.04,967.00,985.91,960.42
2020-01-12,978.04,967.00,985.91,960.42
2020-01-13,973.96,975.50,982.63,962.63
2020-01-14,983.35,973.96,987.22,963.64
2020-01-15,"1,020.20",983.38,"1,027.19",981.11
2020-01-16,"1,004.09","1,019.30","1,043.78",993.35
2020-01-17,"1,018.00","1,004.03","1,031.52","1,001.36"
2020-01-18,"1,018.00","1,004.03","1,031.52","1,001.36"
2020-01-19,"1,018.00","1,004.03","1,031.52","1,001.36"
2020-01-20,"1,015.50","1,022.50","1,032.86","1,008.84"
2020-01-21,998.94,"1,016.00","1,028.57",989.78
2020-01-22,"1,011.86",998.87,"1,021.67",991.50
2020-01-23,"1,002.10","1,011.88","1,023.57",997.45
2020-01-24,"1,001.50","1,002.12","1,020.03",999.93
2020-01-25,"1,001.50","1,002.12","1,020.03",999.93
2020-01-26,"1,001.50","1,002.12","1,020.03",999.93
2020-01-27,983.39,"1,000.93","1,014.75",983.43
2020-01-28,985.59,983.40,995.48,979.52
2020-01-29,974.14,985.57,999.10,970.26
2020-01-30,977.54,974.14,983.75,962.02
2020-01-31,956.50,977.43,985.77,955.88
2020-02-01,956.50,977.43,985.77,955.88
2020-02-02,956.50,977.43,985.77,955.88
2020-02-03,966.25,957.50,975.12,950.75
2020-02-04,963.07,966.24,984.24,957.44
2020-02-05,981.74,963.02,988.83,960.01
2020-02-06,961.52,981.72,991.05,960.02
2020-02-07,964.79,961.53,977.89,958.20
2020-02-08,964.79,961.53,977.89,958.20
2020-02-09,964.79,961.53,977.89,958.20
2020-02-10,960.39,965.50,977.54,953.26
2020-02-11,968.83,960.36,976.32,959.67
2020-02-12,960.91,968.89,974.71,954.11
2020-02-13,967.71,960.90,977.09,960.25
2020-02-14,963.11,967.66,978.78,962.47
2020-02-15,963.11,967.66,978.78,962.47
2020-02-16,963.11,967.66,978.78,962.47
2020-02-17,968.70,963.00,975.58,962.87
2020-02-18,991.64,965.50,996.19,967.45
2020-02-19,"1,005.39",991.66,"1,020.34",988.88
2020-02-20,977.88,"1,005.36","1,013.28",971.67
2020-02-21,973.40,977.89,991.02,970.42
2020-02-22,973.40,977.89,991.02,970.42
2020-02-23,973.40,977.89,991.02,970.42
2020-02-24,963.37,973.00,980.66,959.18
2020-02-25,925.86,963.38,972.82,921.69
2020-02-26,910.82,926.12,939.31,907.91
2020-02-27,898.85,910.76,926.28,897.25
2020-02-28,863.59,898.83,907.50,848.47
2020-02-29,863.59,898.83,907.50,848.47
2020-03-01,863.59,898.83,907.50,848.47
2020-03-02,860.33,865.00,887.33,851.25
2020-03-03,874.76,860.42,885.00,859.55
2020-03-04,872.44,874.77,892.38,867.01
2020-03-05,864.28,872.66,879.00,856.75
2020-03-06,900.80,864.27,907.50,855.60
2020-03-07,900.80,864.27,907.50,855.60
2020-03-08,900.80,864.27,907.50,855.60
2020-03-09,862.55,900.50,914.51,860.74
2020-03-10,868.87,862.53,895.38,863.00
2020-03-11,859.98,871.19,888.96,862.51
2020-03-12,763.02,859.99,870.81,752.59
2020-03-13,761.50,760.50,820.38,738.25
2020-03-14,761.50,760.50,820.38,738.25
2020-03-15,761.50,760.50,820.38,738.25
2020-03-16,662.83,761.50,773.50,562.25
2020-03-17,661.24,661.50,718.01,624.75
2020-03-18,624.50,663.00,683.16,603.04
2020-03-19,591.01,622.49,649.32,583.70
2020-03-20,611.00,586.52,640.54,587.81
2020-03-21,611.00,586.52,640.54,587.81
2020-03-22,611.00,586.52,640.54,587.81
2020-03-23,642.50,605.50,651.11,594.05
2020-03-24,708.00,641.00,715.90,643.49
2020-03-25,737.98,707.50,750.42,708.50
2020-03-26,735.79,737.99,750.23,704.59
2020-03-27,741.39,735.15,760.68,727.21
2020-03-28,741.39,735.15,760.68,727.21
2020-03-29,741.39,735.15,760.68,727.21
2020-03-30,723.19,740.00,751.13,713.31
2020-03-31,722.17,723.15,742.75,717.37
2020-04-01,717.55,722.00,733.75,702.64
2020-04-02,727.10,718.76,740.75,714.44
2020-04-03,720.50,726.42,733.25,711.71
2020-04-04,720.50,726.42,733.25,711.71
2020-04-05,720.50,726.42,733.25,711.71
2020-04-06,735.31,715.50,745.28,716.75
2020-04-07,733.80,734.95,753.05,732.74
2020-04-08,729.54,738.00,760.72,725.56
2020-04-09,745.75,730.50,758.00,730.31
2020-04-10,750.80,748.03,750.80,750.80
2020-04-11,750.80,748.03,750.80,750.80
2020-04-12,750.80,748.03,750.80,750.80
2020-04-13,748.25,748.50,756.25,738.86
2020-04-14,774.88,748.00,794.61,748.37
2020-04-15,779.68,774.88,795.62,767.84
2020-04-16,783.84,777.76,800.26,761.25
2020-04-17,775.25,783.39,794.54,767.50
2020-04-18,775.25,783.39,794.54,767.50
2020-04-19,775.25,783.39,794.54,767.50
2020-04-20,770.53,774.75,789.93,769.00
2020-04-21,746.49,769.75,780.38,714.25
2020-04-22,757.46,744.25,765.50,739.26
2020-04-23,755.07,756.81,784.20,752.00
2020-04-24,759.75,753.75,774.88,746.50
2020-04-25,759.75,753.75,774.88,746.50
2020-04-26,759.75,753.75,774.88,746.50
2020-04-27,757.76,764.57,774.88,751.81
2020-04-28,771.81,757.79,783.00,755.34
2020-04-29,774.64,771.80,795.33,764.28
2020-04-30,772.19,773.25,794.67,757.80
2020-05-01,760.25,772.75,786.65,751.75
2020-05-02,760.25,772.75,786.65,751.75
2020-05-03,760.25,772.75,786.65,751.75
2020-05-04,765.96,756.25,779.10,746.75
2020-05-05,764.41,765.95,776.12,756.75
2020-05-06,748.67,764.75,776.17,746.48
2020-05-07,763.52,750.25,774.07,750.50
2020-05-08,765.25,763.50,781.25,762.43
2020-05-09,765.25,763.50,781.25,762.43
2020-05-10,765.25,763.50,781.25,762.43
2020-05-11,756.89,766.50,782.18,756.00
2020-05-12,753.64,758.50,777.24,752.00
2020-05-13,756.66,753.75,773.40,751.13
2020-05-14,768.03,756.41,774.88,756.75
2020-05-15,798.00,766.00,803.60,766.82
2020-05-16,798.00,766.00,803.60,766.82
2020-05-17,798.00,766.00,803.60,766.82
2020-05-18,818.17,799.50,832.82,800.69
2020-05-19,832.41,817.50,844.47,804.50
2020-05-20,850.75,832.41,866.63,829.00
2020-05-21,832.42,849.25,867.13,822.78
2020-05-22,839.75,825.75,848.42,820.18
2020-05-23,839.75,825.75,848.42,820.18
2020-05-24,839.75,825.75,848.42,820.18
2020-05-25,838.25,830.75,849.50,822.50
2020-05-26,829.68,839.25,861.87,823.03
2020-05-27,818.99,832.86,842.46,819.57
2020-05-28,838.25,819.25,848.25,823.25
2020-05-29,838.25,837.58,849.75,818.50
2020-05-30,838.25,837.58,849.75,818.50
2020-05-31,838.25,837.58,849.75,818.50
2020-06-01,847.65,834.43,860.00,831.58
2020-06-02,838.88,847.64,860.32,827.13
2020-06-03,826.09,839.25,850.50,827.75
2020-06-04,836.92,824.50,848.63,822.64
2020-06-05,836.00,836.89,848.43,807.97
2020-06-06,836.00,836.89,848.43,807.97
2020-06-07,836.00,836.89,848.43,807.97
2020-06-08,832.66,811.50,845.69,812.50
2020-06-09,837.16,833.00,846.00,820.50
2020-06-10,832.66,836.65,850.60,820.25
2020-06-11,811.08,834.50,846.22,806.79
2020-06-12,805.50,811.07,837.50,803.75
2020-06-13,805.50,811.07,837.50,803.75
2020-06-14,805.50,811.07,837.50,803.75
2020-06-15,811.50,803.50,826.92,784.50
2020-06-16,820.30,812.50,835.75,810.02
2020-06-17,818.77,820.30,835.04,807.50
2020-06-18,804.25,817.52,829.59,801.28
2020-06-19,805.50,804.82,834.30,806.25
2020-06-20,805.50,804.82,834.30,806.25
2020-06-21,805.50,804.82,834.30,806.25
2020-06-22,822.00,808.50,837.84,807.75
2020-06-23,829.14,821.00,837.00,812.64
2020-06-24,799.91,829.50,839.00,800.40
2020-06-25,803.58,800.39,813.75,794.91
2020-06-26,805.41,804.00,816.43,791.30
2020-06-27,805.41,804.00,816.43,791.30
2020-06-28,805.41,804.00,816.43,791.30
2020-06-29,815.50,796.50,823.85,796.66
2020-06-30,824.00,807.08,834.88,805.45
2020-07-01,824.05,818.50,840.40,805.35
2020-07-02,812.37,810.00,832.03,806.04
2020-07-03,809.85,802.86,823.43,804.50
2020-07-04,809.85,802.86,823.43,804.50
2020-07-05,809.85,802.86,823.43,804.50
2020-07-06,822.24,808.50,838.02,807.55
2020-07-07,843.50,812.56,847.70,812.76
2020-07-08,852.01,839.00,859.95,833.27
2020-07-09,843.00,843.60,864.76,822.96
2020-07-10,826.99,837.00,848.52,821.00
2020-07-11,826.99,837.00,848.52,821.00
2020-07-12,826.99,837.00,848.52,821.00
2020-07-13,828.34,825.00,854.81,826.25
2020-07-14,826.13,826.00,840.26,816.90
2020-07-15,832.05,826.56,841.59,824.00
2020-07-16,824.17,832.05,839.82,819.88
2020-07-17,838.00,824.50,844.23,820.80
2020-07-18,838.00,824.50,844.23,820.80
2020-07-19,838.00,824.50,844.23,820.80
2020-07-20,843.55,838.00,855.50,832.35
2020-07-21,881.80,845.00,892.04,842.57
2020-07-22,921.45,885.50,926.02,872.16
2020-07-23,905.33,921.00,934.57,903.73
2020-07-24,914.24,905.00,933.13,899.06
2020-07-25,914.24,905.00,933.13,899.06
2020-07-26,914.24,905.00,933.13,899.06
2020-07-27,945.34,913.00,952.02,915.00
2020-07-28,948.14,938.95,965.20,910.40
2020-07-29,924.26,948.10,960.29,921.76
2020-07-30,902.73,931.50,943.00,882.56
2020-07-31,907.00,902.76,921.00,897.27
2020-08-01,907.00,902.76,921.00,897.27
2020-08-02,907.00,902.76,921.00,897.27
2020-08-03,916.33,908.50,926.25,898.14
2020-08-04,937.65,916.50,942.70,912.04
2020-08-05,967.13,938.25,981.68,925.39
2020-08-06,997.91,966.25,"1,002.43",962.00
2020-08-07,961.72,997.00,"1,005.81",946.06
2020-08-08,961.72,997.00,"1,005.81",946.06
2020-08-09,961.72,997.00,"1,005.81",946.06
2020-08-10,986.54,959.50,"1,005.46",961.75
2020-08-11,930.08,986.34,995.00,930.57
2020-08-12,931.24,930.02,965.50,914.82
2020-08-13,957.25,931.82,968.94,923.25
2020-08-14,936.00,953.13,967.14,934.50
2020-08-15,936.00,953.13,967.14,934.50
2020-08-16,936.00,953.13,967.14,934.50
2020-08-17,949.55,944.59,963.01,938.00
2020-08-18,956.23,949.55,975.75,943.68
2020-08-19,931.76,956.54,966.28,929.02
2020-08-20,917.77,931.76,950.25,906.71
2020-08-21,918.50,918.50,934.75,897.51
2020-08-22,918.50,918.50,934.75,897.51
2020-08-23,918.50,918.50,934.75,897.51
2020-08-24,915.80,917.00,942.00,914.45
2020-08-25,927.00,915.80,936.76,915.25
2020-08-26,928.83,926.25,937.57,911.48
2020-08-27,928.75,927.00,949.81,910.99
2020-08-28,931.00,931.00,943.72,920.14
2020-08-29,931.00,931.00,943.72,920.14
2020-08-30,931.00,931.00,943.72,920.14
2020-08-31,929.59,924.00,943.63,927.54
2020-09-01,940.75,929.65,963.51,929.52
2020-09-02,905.61,947.50,956.50,898.25
2020-09-03,889.29,904.25,923.00,886.28
2020-09-04,894.50,887.37,914.80,888.72
2020-09-05,894.50,887.37,914.80,888.72
2020-09-06,894.50,887.37,914.80,888.72
2020-09-07,908.02,904.50,914.09,898.74
2020-09-08,901.47,907.14,922.75,892.85
2020-09-09,915.93,902.88,925.66,898.93
2020-09-10,926.10,917.10,943.72,915.75
2020-09-11,925.00,925.00,945.44,924.25
2020-09-12,925.00,925.00,945.44,924.25
2020-09-13,925.00,925.00,945.44,924.25
2020-09-14,954.15,929.00,962.50,929.50
2020-09-15,978.20,953.50,983.25,956.44
2020-09-16,968.73,978.50,988.50,963.76
2020-09-17,940.27,967.67,978.00,925.98
2020-09-18,927.80,942.50,950.42,929.27
2020-09-19,927.80,942.50,950.42,929.27
2020-09-20,927.80,942.50,950.42,929.27
2020-09-21,881.30,926.00,945.75,856.80
2020-09-22,866.72,881.32,898.27,862.80
2020-09-23,838.25,863.50,882.50,837.50
2020-09-24,848.91,837.49,856.00,828.98
2020-09-25,847.00,849.32,867.50,834.95
2020-09-26,847.00,849.32,867.50,834.95
2020-09-27,847.00,849.32,867.50,834.95
2020-09-28,879.00,847.00,889.79,848.00
2020-09-29,884.32,878.50,895.75,873.75
2020-09-30,888.32,884.50,907.76,867.61
2020-10-01,896.17,888.00,912.00,887.71
2020-10-02,882.00,896.18,903.25,879.82
2020-10-03,882.00,896.18,903.25,879.82
2020-10-04,882.00,896.18,903.25,879.82
2020-10-05,896.93,876.00,904.00,873.83
2020-10-06,848.30,895.93,908.62,850.00
2020-10-07,864.15,850.00,874.70,849.50
2020-10-08,862.17,863.53,877.89,858.25
2020-10-09,886.00,863.50,899.25,865.95
2020-10-10,886.00,863.50,899.25,865.95
2020-10-11,886.00,863.50,899.25,865.95
2020-10-12,873.25,886.50,895.31,867.50
2020-10-13,865.00,867.50,882.58,861.75
2020-10-14,857.05,864.53,881.64,857.00
2020-10-15,863.95,855.00,870.75,841.50
2020-10-16,860.13,866.50,881.75,858.25
2020-10-17,860.13,866.50,881.75,858.25
2020-10-18,860.13,866.50,881.75,858.25
2020-10-19,856.46,863.00,881.80,853.64
2020-10-20,871.01,856.86,884.75,852.25
2020-10-21,886.25,873.50,898.00,873.75
2020-10-22,884.67,884.00,895.26,861.50
2020-10-23,901.50,880.00,921.09,881.75
2020-10-24,901.50,880.00,921.09,881.75
2020-10-25,901.50,880.00,921.09,881.75
2020-10-26,869.69,905.20,909.35,870.25
2020-10-27,878.73,871.87,893.11,871.71
2020-10-28,867.50,879.08,891.03,857.17
2020-10-29,847.45,865.50,879.14,845.54
2020-10-30,849.00,847.22,863.69,844.05
2020-10-31,849.00,847.22,863.69,844.05
2020-11-01,849.00,847.22,863.69,844.05
2020-11-02,858.49,842.00,866.95,839.25
2020-11-03,866.61,857.00,887.08,857.50
2020-11-04,869.37,867.50,882.50,850.69
2020-11-05,892.73,871.00,908.67,867.04
2020-11-06,889.00,892.00,915.52,888.00
2020-11-07,889.00,892.00,915.52,888.00
2020-11-08,889.00,892.00,915.52,888.00
2020-11-09,866.41,890.42,908.90,852.14
2020-11-10,883.04,866.00,896.00,866.52
2020-11-11,865.13,882.87,895.75,859.50
2020-11-12,879.67,866.00,888.75,865.25
2020-11-13,888.79,881.00,900.50,880.50
2020-11-14,888.79,881.00,900.50,880.50
2020-11-15,888.79,881.00,900.50,880.50
2020-11-16,925.36,888.29,930.75,889.19
2020-11-17,925.32,927.00,939.75,919.54
2020-11-18,942.40,925.50,956.90,915.35
2020-11-19,951.37,941.82,955.75,931.25
2020-11-20,945.83,949.50,965.65,945.75
2020-11-21,945.83,949.50,965.65,945.75
2020-11-22,945.83,949.50,965.65,945.75
2020-11-23,926.21,948.02,954.38,917.45
2020-11-24,961.12,925.74,966.75,923.25
2020-11-25,963.50,962.50,972.25,950.33
2020-11-26,961.74,964.11,973.46,952.25
2020-11-27,963.57,960.50,973.01,945.50
2020-11-28,963.57,960.50,973.01,945.50
2020-11-29,963.57,960.50,973.01,945.50
2020-11-30,964.89,961.40,981.75,953.50
2020-12-01,999.99,962.50,"1,004.78",965.25
2020-12-02,"1,014.46",999.76,"1,021.50",981.29
2020-12-03,"1,029.42","1,011.50","1,038.75","1,000.91"
2020-12-04,"1,054.51","1,032.00","1,083.19","1,027.00"
2020-12-05,"1,054.51","1,032.00","1,083.19","1,027.00"
2020-12-06,"1,054.51","1,032.00","1,083.19","1,027.00"
2020-12-07,"1,021.26","1,054.22","1,069.00","1,007.60"
2020-12-08,"1,022.50","1,023.50","1,037.21","1,015.22"
2020-12-09,"1,000.71","1,023.00","1,035.18",992.50
2020-12-10,"1,026.46","1,000.29","1,041.78",999.89
2020-12-11,"1,008.89","1,026.90","1,038.75","1,002.90"
2020-12-12,"1,008.89","1,026.90","1,038.75","1,002.90"
2020-12-13,"1,008.89","1,026.90","1,038.75","1,002.90"
2020-12-14,"1,007.36","1,008.86","1,030.50",999.07
2020-12-15,"1,036.50","1,004.50","1,041.95","1,003.46"
2020-12-16,"1,034.37","1,038.00","1,054.25","1,020.72"
2020-12-17,"1,044.21","1,033.69","1,061.90","1,032.27"
2020-12-18,"1,036.07","1,045.00","1,055.30","1,026.50"
2020-12-19,"1,036.07","1,045.00","1,055.30","1,026.50"
2020-12-20,"1,036.07","1,045.00","1,055.30","1,026.50"
2020-12-21,"1,009.26","1,034.90","1,057.75",972.20
2020-12-22,"1,002.00","1,008.83","1,023.25",989.25
2020-12-23,"1,014.62",999.50,"1,023.50","1,000.75"
2020-12-24,"1,023.89","1,015.50","1,032.25","1,014.75"
2020-12-25,"1,023.52","1,023.50","1,032.00","1,021.35"
2020-12-26,"1,023.52","1,023.50","1,032.00","1,021.35"
2020-12-27,"1,023.52","1,023.50","1,032.00","1,021.35"
2020-12-28,"1,031.00","1,025.50","1,057.00","1,021.00"
2020-12-29,"1,049.35","1,029.16","1,066.00","1,032.81"
2020-12-30,"1,065.84","1,049.07","1,077.25","1,050.45"
2020-12-31,"1,065.95","1,069.50","1,086.00","1,061.14"
2021-01-01,"1,068.40","1,068.00","1,075.75","1,069.06"
2021-01-02,"1,068.40","1,068.00","1,075.75","1,069.06"
2021-01-03,"1,068.40","1,068.00","1,075.75","1,069.06"
2021-01-04,"1,069.93","1,072.00","1,132.66","1,048.50"
2021-01-05,"1,111.50","1,069.79","1,119.50","1,058.50"
2021-01-06,"1,101.48","1,112.00","1,118.82","1,079.85"
2021-01-07,"1,116.64","1,099.50","1,125.25","1,091.04"
2021-01-08,"1,064.60","1,115.50","1,132.75","1,052.32"
2021-01-09,"1,064.60","1,115.50","1,132.75","1,052.32"
2021-01-10,"1,064.60","1,115.50","1,132.75","1,052.32"
2021-01-11,"1,031.40","1,066.50","1,072.50","1,010.47"
2021-01-12,"1,075.82","1,031.59","1,080.17","1,033.75"
2021-01-13,"1,093.94","1,075.79","1,109.50","1,062.47"
2021-01-14,"1,118.25","1,093.00","1,125.09","1,096.00"
2021-01-15,"1,073.43","1,118.50","1,125.33","1,072.33"
2021-01-16,"1,073.43","1,118.50","1,125.33","1,072.33"
2021-01-17,"1,073.43","1,118.50","1,125.33","1,072.33"
2021-01-18,"1,079.14","1,071.50","1,090.48","1,066.75"
2021-01-19,"1,083.08","1,079.00","1,106.00","1,076.84"
2021-01-20,"1,109.52","1,085.00","1,120.29","1,080.97"
2021-01-21,"1,126.58","1,110.00","1,156.00","1,100.69"
2021-01-22,"1,098.50","1,125.00","1,134.00","1,087.00"
2021-01-23,"1,098.50","1,125.00","1,134.00","1,087.00"
2021-01-24,"1,098.50","1,125.00","1,134.00","1,087.00"
2021-01-25,"1,098.29","1,101.80","1,119.41","1,081.36"
2021-01-26,"1,098.18","1,097.57","1,110.25","1,080.60"
2021-01-27,"1,065.55","1,098.50","1,106.50","1,060.60"
2021-01-28,"1,070.81","1,065.47","1,101.00","1,052.25"
2021-01-29,"1,072.68","1,070.56","1,115.75","1,065.50"
2021-01-30,"1,072.68","1,070.56","1,115.75","1,065.50"
2021-01-31,"1,072.68","1,070.56","1,115.75","1,065.50"
2021-02-01,"1,127.51","1,090.48","1,136.50","1,090.31"
2021-02-02,"1,094.40","1,128.05","1,135.79","1,086.00"
2021-02-03,"1,100.94","1,093.39","1,113.25","1,092.00"
2021-02-04,"1,097.38","1,100.50","1,108.75","1,077.89"
2021-02-05,"1,123.58","1,097.00","1,130.67","1,096.25"
2021-02-06,"1,123.58","1,097.00","1,130.67","1,096.25"
2021-02-07,"1,123.58","1,097.00","1,130.67","1,096.25"
2021-02-08,"1,156.87","1,123.00","1,177.41","1,127.50"
2021-02-09,"1,175.00","1,156.50","1,194.20","1,159.50"
2021-02-10,"1,241.54","1,175.50","1,253.75","1,178.75"
2021-02-11,"1,234.61","1,239.50","1,273.44","1,225.50"
2021-02-12,"1,252.55","1,237.50","1,258.60","1,211.26"
2021-02-13,"1,252.55","1,237.50","1,258.60","1,211.26"
2021-02-14,"1,252.55","1,237.50","1,258.60","1,211.26"
2021-02-15,"1,302.79","1,254.35","1,310.61","1,255.45"
2021-02-16,"1,261.42","1,301.50","1,341.00","1,258.50"
2021-02-17,"1,253.10","1,261.89","1,267.41","1,224.64"
2021-02-18,"1,274.48","1,253.72","1,290.05","1,244.63"
2021-02-19,"1,274.06","1,271.50","1,302.75","1,233.25"
2021-02-20,"1,274.06","1,271.50","1,302.75","1,233.25"
2021-02-21,"1,274.06","1,271.50","1,302.75","1,233.25"
2021-02-22,"1,272.42","1,270.50","1,305.70","1,263.15"
2021-02-23,"1,237.07","1,271.50","1,280.87","1,212.18"
2021-02-24,"1,268.50","1,238.00","1,274.25","1,236.50"
2021-02-25,"1,216.28","1,268.00","1,272.88","1,217.75"
2021-02-26,"1,188.72","1,214.50","1,236.44","1,168.62"
2021-02-27,"1,188.72","1,214.50","1,236.44","1,168.62"
2021-02-28,"1,188.72","1,214.50","1,236.44","1,168.62"
2021-03-01,"1,184.18","1,184.00","1,230.92","1,184.50"
2021-03-02,"1,204.62","1,185.00","1,217.00","1,171.25"
2021-03-03,"1,167.00","1,203.50","1,215.25","1,170.25"
2021-03-04,"1,126.00","1,166.50","1,183.25","1,120.25"
2021-03-05,"1,129.75","1,123.50","1,135.94","1,110.25"
2021-03-06,"1,129.75","1,123.50","1,135.94","1,110.25"
2021-03-07,"1,129.75","1,123.50","1,135.94","1,110.25"
2021-03-08,"1,135.38","1,129.50","1,158.53","1,119.88"
2021-03-09,"1,168.75","1,134.00","1,181.69","1,136.00"
2021-03-10,"1,202.73","1,170.00","1,209.75","1,154.09"
2021-03-11,"1,195.05","1,202.00","1,230.25","1,193.86"
2021-03-12,"1,204.81","1,196.50","1,214.75","1,170.75"
2021-03-13,"1,204.81","1,196.50","1,214.75","1,170.75"
2021-03-14,"1,204.81","1,196.50","1,214.75","1,170.75"
2021-03-15,"1,212.61","1,204.50","1,225.39","1,200.20"
2021-03-16,"1,212.00","1,215.50","1,237.76","1,204.09"
2021-03-17,"1,213.16","1,208.00","1,222.25","1,187.49"
2021-03-18,"1,207.00","1,214.43","1,234.06","1,206.00"
2021-03-19,"1,196.50","1,208.00","1,215.53","1,171.59"
2021-03-20,"1,196.50","1,208.00","1,215.53","1,171.59"
2021-03-21,"1,196.50","1,208.00","1,215.53","1,171.59"
2021-03-22,"1,182.92","1,192.50","1,198.73","1,163.04"
2021-03-23,"1,163.96","1,182.50","1,196.57","1,166.30"
2021-03-24,"1,167.50","1,168.00","1,190.90","1,160.25"
2021-03-25,"1,147.21","1,170.00","1,183.25","1,143.50"
2021-03-26,"1,184.50","1,148.50","1,190.00","1,148.50"
2021-03-27,"1,184.50","1,148.50","1,190.00","1,148.50"
2021-03-28,"1,184.50","1,148.50","1,190.00","1,148.50"
2021-03-29,"1,175.50","1,184.93","1,201.50","1,162.61"
2021-03-30,"1,154.56","1,170.50","1,188.30","1,152.50"
2021-03-31,"1,187.30","1,153.50","1,197.25","1,156.34"
2021-04-01,"1,210.57","1,186.92","1,216.50","1,173.93"
2021-04-02,"1,209.50","1,210.79","1,215.40","1,211.01"
2021-04-03,"1,209.50","1,210.79","1,215.40","1,211.01"
2021-04-04,"1,209.50","1,210.79","1,215.40","1,211.01"
2021-04-05,"1,208.70","1,211.50","1,223.00","1,193.19"
2021-04-06,"1,232.54","1,210.00","1,246.04","1,200.41"
2021-04-07,"1,225.32","1,237.50","1,249.46","1,223.00"
2021-04-08,"1,229.69","1,224.00","1,241.69","1,218.35"
2021-04-09,"1,198.50","1,228.50","1,235.51","1,190.72"
2021-04-10,"1,198.50","1,228.50","1,235.51","1,190.72"
2021-04-11,"1,198.50","1,228.50","1,235.51","1,190.72"
2021-04-12,"1,170.00","1,199.50","1,207.08","1,168.02"
2021-04-13,"1,157.27","1,169.00","1,187.80","1,155.49"
2021-04-14,"1,170.50","1,155.49","1,188.25","1,158.07"
2021-04-15,"1,192.90","1,170.50","1,207.47","1,171.28"
2021-04-16,"1,203.00","1,193.61","1,213.60","1,191.90"
2021-04-17,"1,203.00","1,193.61","1,213.60","1,191.90"
2021-04-18,"1,203.00","1,193.61","1,213.60","1,191.90"
2021-04-19,"1,206.27","1,199.50","1,231.19","1,201.75"
2021-04-20,"1,187.27","1,206.00","1,216.59","1,184.00"
2021-04-21,"1,213.81","1,185.00","1,223.75","1,184.00"
2021-04-22,"1,203.25","1,211.50","1,222.21","1,198.93"
2021-04-23,"1,229.50","1,203.00","1,254.50","1,203.72"
2021-04-24,"1,229.50","1,203.00","1,254.50","1,203.72"
2021-04-25,"1,229.50","1,203.00","1,254.50","1,203.72"
2021-04-26,"1,243.86","1,229.00","1,251.01","1,226.50"
2021-04-27,"1,228.66","1,242.00","1,259.85","1,229.75"
2021-04-28,"1,219.17","1,228.28","1,232.50","1,206.63"
2021-04-29,"1,198.01","1,216.50","1,236.04","1,178.00"
2021-04-30,"1,198.50","1,197.00","1,227.63","1,197.25"
2021-05-01,"1,198.50","1,197.00","1,227.63","1,197.25"
2021-05-02,"1,198.50","1,197.00","1,227.63","1,197.25"
2021-05-03,"1,230.03","1,201.50","1,247.75","1,193.91"
2021-05-04,"1,235.78","1,229.00","1,270.50","1,217.59"
2021-05-05,"1,224.99","1,235.43","1,245.90","1,213.50"
2021-05-06,"1,252.66","1,223.00","1,258.25","1,216.13"
2021-05-07,"1,249.00","1,250.62","1,271.79","1,239.37"
2021-05-08,"1,249.00","1,250.62","1,271.79","1,239.37"
2021-05-09,"1,249.00","1,250.62","1,271.79","1,239.37"
2021-05-10,"1,246.92","1,250.50","1,279.49","1,248.26"
2021-05-11,"1,235.40","1,246.50","1,255.71","1,216.40"
2021-05-12,"1,209.58","1,235.50","1,250.75","1,212.00"
2021-05-13,"1,206.05","1,211.50","1,225.11","1,199.75"
2021-05-14,"1,225.00","1,204.50","1,236.25","1,206.00"
2021-05-15,"1,225.00","1,204.50","1,236.25","1,206.00"
2021-05-16,"1,225.00","1,204.50","1,236.25","1,206.00"
2021-05-17,"1,239.50","1,227.50","1,248.50","1,223.24"
2021-05-18,"1,218.00","1,239.50","1,252.75","1,213.84"
2021-05-19,"1,190.93","1,219.93","1,229.73","1,185.89"
2021-05-20,"1,196.00","1,191.03","1,214.50","1,189.25"
2021-05-21,"1,166.50","1,198.00","1,209.99","1,167.25"
2021-05-22,"1,166.50","1,198.00","1,209.99","1,167.25"
2021-05-23,"1,166.50","1,198.00","1,209.99","1,167.25"
2021-05-24,"1,174.21","1,167.50","1,184.75","1,162.75"
2021-05-25,"1,191.78","1,175.00","1,201.08","1,168.00"
2021-05-26,"1,191.28","1,193.00","1,217.50","1,189.95"
2021-05-27,"1,179.49","1,191.50","1,201.57","1,171.47"
2021-05-28,"1,177.50","1,178.00","1,188.28","1,169.59"
2021-05-29,"1,177.50","1,178.00","1,188.28","1,169.59"
2021-05-30,"1,177.50","1,178.00","1,188.28","1,169.59"
2021-05-31,"1,186.63","1,179.00","1,194.34","1,182.75"
2021-06-01,"1,192.01","1,185.00","1,210.10","1,176.78"
2021-06-02,"1,189.45","1,192.00","1,199.25","1,178.52"
2021-06-03,"1,157.00","1,188.50","1,199.46","1,148.92"
2021-06-04,"1,162.00","1,161.50","1,171.92","1,143.49"
2021-06-05,"1,162.00","1,161.50","1,171.92","1,143.49"
2021-06-06,"1,162.00","1,161.50","1,171.92","1,143.49"
2021-06-07,"1,172.75","1,164.50","1,179.34","1,160.99"
2021-06-08,"1,161.38","1,172.50","1,181.24","1,155.81"
2021-06-09,"1,149.16","1,159.50","1,169.72","1,149.80"
2021-06-10,"1,150.96","1,149.01","1,157.75","1,130.49"
2021-06-11,"1,150.00","1,151.51","1,165.01","1,145.75"
2021-06-12,"1,150.00","1,151.51","1,165.01","1,145.75"
2021-06-13,"1,150.00","1,151.51","1,165.01","1,145.75"
2021-06-14,"1,165.00","1,148.00","1,176.75","1,139.79"
2021-06-15,"1,153.34","1,163.00","1,172.76","1,147.00"
2021-06-16,"1,122.11","1,149.00","1,158.56","1,117.25"
2021-06-17,"1,058.08","1,117.50","1,136.69","1,045.25"
2021-06-18,"1,034.00","1,057.09","1,088.89","1,036.75"
2021-06-19,"1,034.00","1,057.09","1,088.89","1,036.75"
2021-06-20,"1,034.00","1,057.09","1,088.89","1,036.75"
2021-06-21,"1,053.21","1,036.00","1,065.28","1,022.75"
2021-06-22,"1,078.99","1,050.50","1,086.44","1,051.25"
2021-06-23,"1,084.13","1,080.50","1,103.74","1,077.07"
2021-06-24,"1,092.17","1,083.50","1,104.67","1,073.40"
2021-06-25,"1,111.00","1,094.50","1,119.02","1,094.56"
2021-06-26,"1,111.00","1,094.50","1,119.02","1,094.56"
2021-06-27,"1,111.00","1,094.50","1,119.02","1,094.56"
2021-06-28,"1,090.38","1,112.50","1,121.25","1,093.02"
2021-06-29,"1,067.00","1,091.03","1,099.57","1,063.81"
2021-06-30,"1,071.83","1,069.50","1,081.74","1,053.27"
2021-07-01,"1,082.56","1,072.36","1,099.00","1,063.23"
2021-07-02,"1,090.00","1,083.12","1,099.63","1,081.12"
2021-07-03,"1,090.00","1,083.12","1,099.63","1,081.12"
2021-07-04,"1,090.00","1,083.12","1,099.63","1,081.12"
2021-07-05,"1,097.23","1,093.00","1,109.75","1,088.71"
2021-07-06,"1,091.75","1,097.24","1,122.62","1,078.87"
2021-07-07,"1,084.99","1,091.80","1,105.62","1,078.71"
2021-07-08,"1,075.55","1,085.57","1,092.25","1,068.78"
2021-07-09,"1,104.00","1,074.76","1,109.25","1,072.56"
2021-07-10,"1,104.00","1,074.76","1,109.25","1,072.56"
2021-07-11,"1,104.00","1,074.76","1,109.25","1,072.56"
2021-07-12,"1,121.35","1,103.50","1,130.25","1,091.28"
2021-07-13,"1,104.72","1,117.36","1,128.75","1,105.35"
2021-07-14,"1,128.88","1,105.16","1,139.25","1,105.18"
2021-07-15,"1,138.40","1,125.50","1,149.75","1,125.31"
2021-07-16,"1,102.50","1,138.39","1,144.68","1,099.69"
2021-07-17,"1,102.50","1,138.39","1,144.68","1,099.69"
2021-07-18,"1,102.50","1,138.39","1,144.68","1,099.69"
2021-07-19,"1,074.96","1,100.50","1,112.35","1,067.19"
2021-07-20,"1,066.10","1,074.98","1,089.84","1,058.56"
2021-07-21,"1,079.94","1,068.00","1,087.50","1,065.50"
2021-07-22,"1,091.69","1,078.50","1,098.75","1,075.44"
2021-07-23,"1,061.50","1,092.44","1,102.25","1,045.96"
2021-07-24,"1,061.50","1,092.44","1,102.25","1,045.96"
2021-07-25,"1,061.50","1,092.44","1,102.25","1,045.96"
2021-07-26,"1,064.21","1,058.50","1,079.25","1,058.00"
2021-07-27,"1,050.66","1,064.22","1,074.99","1,045.63"
2021-07-28,"1,066.50","1,051.19","1,073.50","1,048.00"
2021-07-29,"1,060.47","1,064.57","1,085.50","1,062.49"
2021-07-30,"1,049.00","1,060.56","1,067.00","1,037.94"
2021-07-31,"1,049.00","1,060.56","1,067.00","1,037.94"
2021-08-01,"1,049.00","1,060.56","1,067.00","1,037.94"
2021-08-02,"1,059.01","1,050.00","1,072.13","1,050.78"
2021-08-03,"1,049.29","1,054.50","1,063.00","1,043.25"
2021-08-04,"1,025.49","1,047.50","1,059.50","1,022.75"
2021-08-05,"1,003.69","1,025.64","1,029.79","1,006.50"
2021-08-06,980.00,"1,005.18","1,013.53",977.63
2021-08-07,980.00,"1,005.18","1,013.53",977.63
2021-08-08,980.00,"1,005.18","1,013.53",977.63
2021-08-09,980.25,980.00,992.22,963.66
2021-08-10,995.20,980.28,"1,007.75",978.75
2021-08-11,"1,017.51",997.00,"1,027.85",998.50
2021-08-12,"1,021.41","1,017.40","1,030.50","1,010.82"
2021-08-13,"1,026.50","1,018.19","1,036.28","1,016.94"
2021-08-14,"1,026.50","1,018.19","1,036.28","1,016.94"
2021-08-15,"1,026.50","1,018.19","1,036.28","1,016.94"
2021-08-16,"1,023.49","1,028.66","1,034.00","1,006.07"
2021-08-17,997.21,"1,022.50","1,034.19",992.50
2021-08-18,994.38,996.21,"1,018.32",990.25
2021-08-19,973.30,994.38,"1,003.25",961.78
2021-08-20,996.00,973.39,"1,005.75",974.32
2021-08-21,996.00,973.39,"1,005.75",974.32
2021-08-22,996.00,973.39,"1,005.75",974.32
2021-08-23,"1,013.26",998.00,"1,028.00",994.34
2021-08-24,"1,011.40","1,013.25","1,029.01","1,007.31"
2021-08-25,996.39,"1,011.26","1,017.15",990.66
2021-08-26,979.00,995.85,"1,003.47",978.25
2021-08-27,"1,007.76",979.37,"1,018.25",980.25
2021-08-28,"1,007.76",979.37,"1,018.25",980.25
2021-08-29,"1,007.76",979.37,"1,018.25",980.25
2021-08-30,"1,006.60","1,010.50","1,023.25","1,000.48"
2021-08-31,"1,012.44","1,004.50","1,025.13",999.00
2021-09-01,"1,002.48","1,013.00","1,023.00",999.88
2021-09-02,998.94,"1,002.53","1,015.16",991.84
2021-09-03,"1,025.50",996.00,"1,033.06",998.75
2021-09-04,"1,025.50",996.00,"1,033.06",998.75
2021-09-05,"1,025.50",996.00,"1,033.06",998.75
2021-09-06,"1,019.00","1,023.50","1,032.45","1,018.71"
2021-09-07,998.60,"1,019.05","1,030.16",996.54
2021-09-08,979.85,999.20,"1,012.53",978.66
2021-09-09,977.02,979.75,994.67,974.50
2021-09-10,955.50,977.66,991.90,954.75
2021-09-11,955.50,977.66,991.90,954.75
2021-09-12,955.50,977.66,991.90,954.75
2021-09-13,960.87,954.10,968.71,951.25
2021-09-14,939.17,960.85,967.84,938.19
2021-09-15,946.82,939.15,952.34,921.46
2021-09-16,932.95,947.16,962.49,932.25
2021-09-17,941.00,933.49,963.36,934.25
2021-09-18,941.00,933.49,963.36,934.25
2021-09-19,941.00,933.49,963.36,934.25
2021-09-20,910.73,941.00,947.75,904.78
2021-09-21,953.69,911.29,963.75,912.75
2021-09-22,996.86,953.76,"1,015.75",951.20
2021-09-23,988.90,996.84,"1,015.89",984.40
2021-09-24,982.00,988.85,997.25,968.50
2021-09-25,982.00,988.85,997.25,968.50
2021-09-26,982.00,988.85,997.25,968.50
2021-09-27,980.56,982.20,"1,004.75",979.61
2021-09-28,967.04,980.50,991.47,962.76
2021-09-29,950.54,967.78,978.13,946.02
2021-09-30,963.40,950.62,974.14,953.00
2021-10-01,972.00,963.40,984.04,956.55
2021-10-02,972.00,963.40,984.04,956.55
2021-10-03,972.00,963.40,984.04,956.55
2021-10-04,967.08,971.50,985.29,947.26
2021-10-05,961.86,966.13,971.75,949.03
2021-10-06,984.27,961.85,995.90,944.25
2021-10-07,979.34,983.79,"1,001.00",977.80
2021-10-08,"1,026.11",978.72,"1,043.11",981.00
2021-10-09,"1,026.11",978.72,"1,043.11",981.00
2021-10-10,"1,026.11",978.72,"1,043.11",981.00
2021-10-11,"1,008.37","1,030.13","1,043.25","1,008.40"
2021-10-12,"1,007.29","1,008.43","1,025.74","1,005.40"
2021-10-13,"1,020.10","1,006.83","1,037.16","1,005.75"
2021-10-14,"1,055.16","1,019.27","1,065.83","1,015.99"
2021-10-15,"1,054.50","1,054.54","1,064.50","1,043.89"
2021-10-16,"1,054.50","1,054.54","1,064.50","1,043.89"
2021-10-17,"1,054.50","1,054.54","1,064.50","1,043.89"
2021-10-18,"1,034.78","1,058.38","1,063.35","1,035.00"
2021-10-19,"1,039.42","1,035.53","1,060.82","1,036.25"
2021-10-20,"1,050.32","1,039.57","1,058.87","1,035.75"
2021-10-21,"1,048.53","1,050.42","1,067.67","1,036.83"
2021-10-22,"1,040.50","1,048.49","1,080.75","1,041.14"
2021-10-23,"1,040.50","1,048.49","1,080.75","1,041.14"
2021-10-24,"1,040.50","1,048.49","1,080.75","1,041.14"
2021-10-25,"1,059.49","1,039.00","1,067.25","1,039.38"
2021-10-26,"1,028.80","1,058.24","1,064.75","1,025.99"
2021-10-27,"1,010.47","1,027.53","1,035.25","1,010.75"
2021-10-28,"1,019.23","1,010.49","1,036.86","1,009.75"
2021-10-29,"1,017.92","1,018.21","1,028.48","1,006.01"
2021-10-30,"1,017.92","1,018.21","1,028.48","1,006.01"
2021-10-31,"1,017.92","1,018.21","1,028.48","1,006.01"
2021-11-01,"1,064.04","1,020.50","1,070.25","1,019.62"
2021-11-02,"1,037.95","1,063.50","1,069.75","1,039.23"
2021-11-03,"1,029.02","1,037.96","1,051.76","1,021.97"
2021-11-04,"1,025.55","1,028.81","1,053.00","1,026.00"
2021-11-05,"1,034.50","1,025.61","1,044.96","1,024.18"
2021-11-06,"1,034.50","1,025.61","1,044.96","1,024.18"
2021-11-07,"1,034.50","1,025.61","1,044.96","1,024.18"
2021-11-08,"1,055.97","1,034.50","1,067.44","1,033.63"
2021-11-09,"1,059.08","1,055.97","1,067.75","1,045.78"
2021-11-10,"1,067.15","1,058.00","1,096.49","1,051.74"
2021-11-11,"1,085.81","1,068.00","1,096.27","1,066.25"
2021-11-12,"1,082.50","1,083.00","1,094.44","1,068.25"
2021-11-13,"1,082.50","1,083.00","1,094.44","1,068.25"
2021-11-14,"1,082.50","1,083.00","1,094.44","1,068.25"
2021-11-15,"1,086.90","1,082.95","1,098.64","1,071.39"
2021-11-16,"1,061.26","1,085.50","1,107.50","1,062.25"
2021-11-17,"1,057.34","1,061.91","1,078.22","1,055.57"
2021-11-18,"1,048.06","1,058.50","1,076.98","1,044.50"
2021-11-19,"1,031.25","1,048.00","1,066.17","1,031.00"
2021-11-20,"1,031.25","1,048.00","1,066.17","1,031.00"
2021-11-21,"1,031.25","1,048.00","1,066.17","1,031.00"
2021-11-22,"1,011.50","1,031.00","1,044.69","1,012.50"
2021-11-23,969.06,"1,012.00","1,025.52",958.55
2021-11-24,974.50,967.00,988.75,968.63
2021-11-25,995.25,975.30,"1,004.03",977.00
2021-11-26,953.68,995.50,"1,001.47",949.99
2021-11-27,953.68,995.50,"1,001.47",949.99
2021-11-28,953.68,995.50,"1,001.47",949.99
2021-11-29,963.20,955.28,985.68,954.00
2021-11-30,934.30,964.50,975.63,930.30
2021-12-01,933.38,935.50,963.00,932.50
2021-12-02,937.39,933.59,955.48,933.72
2021-12-03,932.25,938.00,960.30,925.80
2021-12-04,932.25,938.00,960.30,925.80
2021-12-05,932.25,938.00,960.30,925.80
2021-12-06,937.61,930.00,949.65,925.00
2021-12-07,951.48,939.00,967.35,937.58
2021-12-08,956.42,952.00,970.89,948.50
2021-12-09,934.56,955.00,964.17,935.70
2021-12-10,942.15,935.23,950.99,933.56
2021-12-11,942.15,935.23,950.99,933.56
2021-12-12,942.15,935.23,950.99,933.56
2021-12-13,929.60,943.79,959.51,928.79
2021-12-14,919.98,929.85,938.83,911.25
2021-12-15,918.50,918.50,928.29,896.49
2021-12-16,936.30,918.36,943.75,914.35
2021-12-17,930.02,937.00,954.01,933.66
2021-12-18,930.02,937.00,954.01,933.66
2021-12-19,930.02,937.00,954.01,933.66
2021-12-20,932.19,937.50,943.00,919.47
2021-12-21,934.46,933.02,949.25,928.58
2021-12-22,964.81,934.46,978.75,930.53
2021-12-23,972.68,963.81,980.00,958.25
2021-12-24,974.60,971.50,977.98,971.56
2021-12-25,974.60,971.50,977.98,971.56
2021-12-26,974.60,971.50,977.98,971.56
2021-12-27,970.50,968.50,980.06,955.10
2021-12-28,975.81,970.28,993.21,968.24
2021-12-29,968.07,975.50,983.75,961.25
2021-12-30,961.08,969.50,977.00,959.70
2021-12-31,962.54,961.36,973.51,951.59
