Date,Price,Open,High,Low,Vol.,Change %
2018-01-01,"1,705.00","1,705.00","1,705.00","1,705.00",-,0.00%
2018-01-02,"1,705.00","1,705.00","1,705.00","1,705.00",-,0.00%
2018-01-03,"1,705.00","1,705.00","1,705.00","1,705.00",-,0.00%
2018-01-04,"1,690.00","1,690.00","1,690.00","1,690.00",-,-0.88%
2018-01-05,"1,690.00","1,690.00","1,690.00","1,690.00",-,0.00%
2018-01-06,"1,690.00","1,690.00","1,690.00","1,690.00",-,0.00%
2018-01-07,"1,690.00","1,690.00","1,690.00","1,690.00",-,0.00%
2018-01-08,"1,690.00","1,690.00","1,690.00","1,690.00",-,0.00%
2018-01-09,"1,690.00","1,690.00","1,690.00","1,690.00",-,0.00%
2018-01-10,"1,690.00","1,690.00","1,690.00","1,690.00",-,0.00%
2018-01-11,"1,690.00","1,690.00","1,690.00","1,690.00",-,0.00%
2018-01-12,"1,680.00","1,680.00","1,680.00","1,680.00",-,-0.59%
2018-01-13,"1,680.00","1,680.00","1,680.00","1,680.00",-,-0.59%
2018-01-14,"1,680.00","1,680.00","1,680.00","1,680.00",-,-0.59%
2018-01-15,"1,680.00","1,680.00","1,680.00","1,680.00",-,0.00%
2018-01-16,"1,680.00","1,680.00","1,680.00","1,680.00",-,0.00%
2018-01-17,"1,680.00","1,680.00","1,680.00","1,680.00",-,0.00%
2018-01-18,"1,680.00","1,680.00","1,680.00","1,680.00",-,0.00%
2018-01-19,"1,680.00","1,680.00","1,680.00","1,680.00",-,0.00%
2018-01-20,"1,680.00","1,680.00","1,680.00","1,680.00",-,0.00%
2018-01-21,"1,680.00","1,680.00","1,680.00","1,680.00",-,0.00%
2018-01-22,"1,680.00","1,680.00","1,680.00","1,680.00",-,0.00%
2018-01-23,"1,680.00","1,680.00","1,680.00","1,680.00",-,0.00%
2018-01-24,"1,680.00","1,680.00","1,680.00","1,680.00",-,0.00%
2018-01-25,"1,680.00","1,680.00","1,680.00","1,680.00",-,0.00%
2018-01-26,"1,700.00","1,700.00","1,700.00","1,700.00",-,1.19%
2018-01-27,"1,700.00","1,700.00","1,700.00","1,700.00",-,1.19%
2018-01-28,"1,700.00","1,700.00","1,700.00","1,700.00",-,1.19%
2018-01-29,"1,715.00","1,715.00","1,715.00","1,715.00",-,0.88%
2018-01-30,"1,765.00","1,765.00","1,765.00","1,765.00",-,2.92%
2018-01-31,"1,790.00","1,790.00","1,790.00","1,790.00",-,1.42%
2018-02-01,"1,815.00","1,815.00","1,815.00","1,815.00",-,1.40%
2018-02-02,"1,850.00","1,850.00","1,850.00","1,850.00",-,1.93%
2018-02-03,"1,850.00","1,850.00","1,850.00","1,850.00",-,1.93%
2018-02-04,"1,850.00","1,850.00","1,850.00","1,850.00",-,1.93%
2018-02-05,"1,850.00","1,850.00","1,850.00","1,850.00",-,0.00%
2018-02-06,"1,850.00","1,850.00","1,850.00","1,850.00",-,0.00%
2018-02-07,"1,850.00","1,850.00","1,850.00","1,850.00",-,0.00%
2018-02-08,"1,840.00","1,840.00","1,840.00","1,840.00",-,-0.54%
2018-02-09,"1,830.00","1,830.00","1,830.00","1,830.00",-,-0.54%
2018-02-10,"1,830.00","1,830.00","1,830.00","1,830.00",-,-0.54%
2018-02-11,"1,830.00","1,830.00","1,830.00","1,830.00",-,-0.54%
2018-02-12,"1,830.00","1,830.00","1,830.00","1,830.00",-,0.00%
2018-02-13,"1,820.00","1,820.00","1,820.00","1,820.00",-,-0.55%
2018-02-14,"1,820.00","1,820.00","1,820.00","1,820.00",-,0.00%
2018-02-15,"1,820.00","1,820.00","1,820.00","1,820.00",-,0.00%
2018-02-16,"1,830.00","1,830.00","1,830.00","1,830.00",-,0.55%
2018-02-17,"1,830.00","1,830.00","1,830.00","1,830.00",-,0.55%
2018-02-18,"1,830.00","1,830.00","1,830.00","1,830.00",-,0.55%
2018-02-19,"1,830.00","1,830.00","1,830.00","1,830.00",-,0.00%
2018-02-20,"1,840.00","1,840.00","1,840.00","1,840.00",-,0.55%
2018-02-21,"1,840.00","1,840.00","1,840.00","1,840.00",-,0.00%
2018-02-22,"1,840.00","1,840.00","1,840.00","1,840.00",-,0.00%
2018-02-23,"1,840.00","1,840.00","1,840.00","1,840.00",-,0.00%
2018-02-24,"1,840.00","1,840.00","1,840.00","1,840.00",-,0.00%
2018-02-25,"1,840.00","1,840.00","1,840.00","1,840.00",-,0.00%
2018-02-26,"1,850.00","1,850.00","1,850.00","1,850.00",-,0.54%
2018-02-27,"1,850.00","1,850.00","1,850.00","1,850.00",-,0.00%
2018-02-28,"1,860.00","1,860.00","1,860.00","1,860.00",-,0.54%
2018-03-01,"1,860.00","1,860.00","1,860.00","1,860.00",-,0.00%
2018-03-02,"1,860.00","1,860.00","1,860.00","1,860.00",-,0.00%
2018-03-03,"1,860.00","1,860.00","1,860.00","1,860.00",-,0.00%
2018-03-04,"1,860.00","1,860.00","1,860.00","1,860.00",-,0.00%
2018-03-05,"1,860.00","1,860.00","1,860.00","1,860.00",-,0.00%
2018-03-06,"1,860.00","1,860.00","1,860.00","1,860.00",-,0.00%
2018-03-07,"1,850.00","1,850.00","1,850.00","1,850.00",-,-0.54%
2018-03-08,"1,850.00","1,850.00","1,850.00","1,850.00",-,0.00%
2018-03-09,"1,850.00","1,850.00","1,850.00","1,850.00",-,0.00%
2018-03-10,"1,850.00","1,850.00","1,850.00","1,850.00",-,0.00%
2018-03-11,"1,850.00","1,850.00","1,850.00","1,850.00",-,0.00%
2018-03-12,"1,850.00","1,850.00","1,850.00","1,850.00",-,0.00%
2018-03-13,"1,850.00","1,850.00","1,850.00","1,850.00",-,0.00%
2018-03-14,"1,865.00","1,865.00","1,865.00","1,865.00",-,0.81%
2018-03-15,"1,880.00","1,880.00","1,880.00","1,880.00",-,0.80%
2018-03-16,"1,910.00","1,910.00","1,910.00","1,910.00",-,1.60%
2018-03-17,"1,910.00","1,910.00","1,910.00","1,910.00",-,1.60%
2018-03-18,"1,910.00","1,910.00","1,910.00","1,910.00",-,1.60%
2018-03-19,"1,935.00","1,935.00","1,935.00","1,935.00",-,1.31%
2018-03-20,"1,935.00","1,935.00","1,935.00","1,935.00",-,0.00%
2018-03-21,"1,975.00","1,975.00","1,975.00","1,975.00",-,2.07%
2018-03-22,"1,985.00","1,985.00","1,985.00","1,985.00",-,0.51%
2018-03-23,"1,985.00","1,985.00","1,985.00","1,985.00",-,0.00%
2018-03-24,"1,985.00","1,985.00","1,985.00","1,985.00",-,0.00%
2018-03-25,"1,985.00","1,985.00","1,985.00","1,985.00",-,0.00%
2018-03-26,"1,985.00","1,985.00","1,985.00","1,985.00",-,0.00%
2018-03-27,"2,000.00","2,000.00","2,000.00","2,000.00",-,0.76%
2018-03-28,"2,030.00","2,030.00","2,030.00","2,030.00",-,1.50%
2018-03-29,"2,030.00","2,030.00","2,030.00","2,030.00",-,0.00%
2018-03-30,"2,030.00","2,030.00","2,030.00","2,030.00",-,0.00%
2018-03-31,"2,030.00","2,030.00","2,030.00","2,030.00",-,0.00%
2018-04-01,"2,030.00","2,030.00","2,030.00","2,030.00",-,0.00%
2018-04-02,"2,030.00","2,030.00","2,030.00","2,030.00",-,0.00%
2018-04-03,"2,030.00","2,030.00","2,030.00","2,030.00",-,0.00%
2018-04-04,"2,030.00","2,030.00","2,030.00","2,030.00",-,0.00%
2018-04-05,"2,030.00","2,030.00","2,030.00","2,030.00",-,0.00%
2018-04-06,"2,030.00","2,030.00","2,030.00","2,030.00",-,0.00%
2018-04-07,"2,030.00","2,030.00","2,030.00","2,030.00",-,0.00%
2018-04-08,"2,030.00","2,030.00","2,030.00","2,030.00",-,0.00%
2018-04-09,"2,030.00","2,030.00","2,030.00","2,030.00",-,0.00%
2018-04-10,"2,040.00","2,040.00","2,040.00","2,040.00",-,0.49%
2018-04-11,"2,040.00","2,040.00","2,040.00","2,040.00",-,0.00%
2018-04-12,"2,060.00","2,060.00","2,060.00","2,060.00",-,0.98%
2018-04-13,"2,085.00","2,085.00","2,085.00","2,085.00",-,1.21%
2018-04-14,"2,085.00","2,085.00","2,085.00","2,085.00",-,1.21%
2018-04-15,"2,085.00","2,085.00","2,085.00","2,085.00",-,1.21%
2018-04-16,"2,085.00","2,085.00","2,085.00","2,085.00",-,0.00%
2018-04-17,"2,085.00","2,085.00","2,085.00","2,085.00",-,0.00%
2018-04-18,"2,085.00","2,085.00","2,085.00","2,085.00",-,0.00%
2018-04-19,"2,090.00","2,090.00","2,090.00","2,090.00",-,0.24%
2018-04-20,"2,110.00","2,110.00","2,110.00","2,110.00",-,0.96%
2018-04-21,"2,110.00","2,110.00","2,110.00","2,110.00",-,0.96%
2018-04-22,"2,110.00","2,110.00","2,110.00","2,110.00",-,0.96%
2018-04-23,"2,110.00","2,110.00","2,110.00","2,110.00",-,0.00%
2018-04-24,"2,100.00","2,100.00","2,100.00","2,100.00",-,-0.47%
2018-04-25,"2,080.00","2,080.00","2,080.00","2,080.00",-,-0.95%
2018-04-26,"2,050.00","2,050.00","2,050.00","2,050.00",-,-1.44%
2018-04-27,"2,050.00","2,050.00","2,050.00","2,050.00",-,0.00%
2018-04-28,"2,050.00","2,050.00","2,050.00","2,050.00",-,0.00%
2018-04-29,"2,050.00","2,050.00","2,050.00","2,050.00",-,0.00%
2018-04-30,"2,050.00","2,050.00","2,050.00","2,050.00",-,0.00%
2018-05-01,"2,035.00","2,035.00","2,035.00","2,035.00",-,-0.73%
2018-05-02,"2,020.00","2,020.00","2,020.00","2,020.00",-,-0.74%
2018-05-03,"2,020.00","2,020.00","2,020.00","2,020.00",-,0.00%
2018-05-04,"2,020.00","2,020.00","2,020.00","2,020.00",-,0.00%
2018-05-05,"2,020.00","2,020.00","2,020.00","2,020.00",-,0.00%
2018-05-06,"2,020.00","2,020.00","2,020.00","2,020.00",-,0.00%
2018-05-07,"2,020.00","2,020.00","2,020.00","2,020.00",-,0.00%
2018-05-08,"2,020.00","2,020.00","2,020.00","2,020.00",-,0.00%
2018-05-09,"2,020.00","2,020.00","2,020.00","2,020.00",-,0.00%
2018-05-10,"2,020.00","2,020.00","2,020.00","2,020.00",-,0.00%
2018-05-11,"2,045.00","2,045.00","2,045.00","2,045.00",-,1.24%
2018-05-12,"2,045.00","2,045.00","2,045.00","2,045.00",-,1.24%
2018-05-13,"2,045.00","2,045.00","2,045.00","2,045.00",-,1.24%
2018-05-14,"2,080.00","2,080.00","2,080.00","2,080.00",-,1.71%
2018-05-15,"2,090.00","2,090.00","2,090.00","2,090.00",-,0.48%
2018-05-16,"2,090.00","2,090.00","2,090.00","2,090.00",-,0.00%
2018-05-17,"2,150.00","2,150.00","2,150.00","2,150.00",-,2.87%
2018-05-18,"2,165.00","2,165.00","2,165.00","2,165.00",-,0.70%
2018-05-19,"2,165.00","2,165.00","2,165.00","2,165.00",-,0.70%
2018-05-20,"2,165.00","2,165.00","2,165.00","2,165.00",-,0.70%
2018-05-21,"2,215.00","2,215.00","2,215.00","2,215.00",-,2.31%
2018-05-22,"2,230.00","2,230.00","2,230.00","2,230.00",-,0.68%
2018-05-23,"2,230.00","2,230.00","2,230.00","2,230.00",-,0.00%
2018-05-24,"2,230.00","2,230.00","2,230.00","2,230.00",-,0.00%
2018-05-25,"2,230.00","2,230.00","2,230.00","2,230.00",-,0.00%
2018-05-26,"2,230.00","2,230.00","2,230.00","2,230.00",-,0.00%
2018-05-27,"2,230.00","2,230.00","2,230.00","2,230.00",-,0.00%
2018-05-28,"2,230.00","2,230.00","2,230.00","2,230.00",-,0.00%
2018-05-29,"2,230.00","2,230.00","2,230.00","2,230.00",-,0.00%
2018-05-30,"2,230.00","2,230.00","2,230.00","2,230.00",-,0.00%
2018-05-31,"2,230.00","2,230.00","2,230.00","2,230.00",-,0.00%
2018-06-01,"2,230.00","2,230.00","2,230.00","2,230.00",-,0.00%
2018-06-02,"2,230.00","2,230.00","2,230.00","2,230.00",-,0.00%
2018-06-03,"2,230.00","2,230.00","2,230.00","2,230.00",-,0.00%
2018-06-04,"2,240.00","2,240.00","2,240.00","2,240.00",-,0.45%
2018-06-05,"2,240.00","2,240.00","2,240.00","2,240.00",-,0.00%
2018-06-06,"2,240.00","2,240.00","2,240.00","2,240.00",-,0.00%
2018-06-07,"2,240.00","2,240.00","2,240.00","2,240.00",-,0.00%
2018-06-08,"2,240.00","2,240.00","2,240.00","2,240.00",-,0.00%
2018-06-09,"2,240.00","2,240.00","2,240.00","2,240.00",-,0.00%
2018-06-10,"2,240.00","2,240.00","2,240.00","2,240.00",-,0.00%
2018-06-11,"2,240.00","2,240.00","2,240.00","2,240.00",-,0.00%
2018-06-12,"2,240.00","2,240.00","2,240.00","2,240.00",-,0.00%
2018-06-13,"2,240.00","2,240.00","2,240.00","2,240.00",-,0.00%
2018-06-14,"2,240.00","2,240.00","2,240.00","2,240.00",-,0.00%
2018-06-15,"2,250.00","2,250.00","2,250.00","2,250.00",-,0.45%
2018-06-16,"2,250.00","2,250.00","2,250.00","2,250.00",-,0.45%
2018-06-17,"2,250.00","2,250.00","2,250.00","2,250.00",-,0.45%
2018-06-18,"2,250.00","2,250.00","2,250.00","2,250.00",-,0.00%
2018-06-19,"2,250.00","2,250.00","2,250.00","2,250.00",-,0.00%
2018-06-20,"2,250.00","2,250.00","2,250.00","2,250.00",-,0.00%
2018-06-21,"2,250.00","2,250.00","2,250.00","2,250.00",-,0.00%
2018-06-22,"2,250.00","2,250.00","2,250.00","2,250.00",-,0.00%
2018-06-23,"2,250.00","2,250.00","2,250.00","2,250.00",-,0.00%
2018-06-24,"2,250.00","2,250.00","2,250.00","2,250.00",-,0.00%
2018-06-25,"2,250.00","2,250.00","2,250.00","2,250.00",-,0.00%
2018-06-26,"2,250.00","2,250.00","2,250.00","2,250.00",-,0.00%
2018-06-27,"2,250.00","2,250.00","2,250.00","2,250.00",-,0.00%
2018-06-28,"2,250.00","2,250.00","2,250.00","2,250.00",-,0.00%
2018-06-29,"2,250.00","2,250.00","2,250.00","2,250.00",-,0.00%
2018-06-30,"2,250.00","2,250.00","2,250.00","2,250.00",-,0.00%
2018-07-01,"2,250.00","2,250.00","2,250.00","2,250.00",-,0.00%
2018-07-02,"2,250.00","2,250.00","2,250.00","2,250.00",-,0.00%
2018-07-03,"2,250.00","2,250.00","2,250.00","2,250.00",-,0.00%
2018-07-04,"2,250.00","2,250.00","2,250.00","2,250.00",-,0.00%
2018-07-05,"2,250.00","2,250.00","2,250.00","2,250.00",-,0.00%
2018-07-06,"2,250.00","2,250.00","2,250.00","2,250.00",-,0.00%
2018-07-07,"2,250.00","2,250.00","2,250.00","2,250.00",-,0.00%
2018-07-08,"2,250.00","2,250.00","2,250.00","2,250.00",-,0.00%
2018-07-09,"2,250.00","2,250.00","2,250.00","2,250.00",-,0.00%
2018-07-10,"2,250.00","2,250.00","2,250.00","2,250.00",-,0.00%
2018-07-11,"2,250.00","2,250.00","2,250.00","2,250.00",-,0.00%
2018-07-12,"2,260.00","2,260.00","2,260.00","2,260.00",-,0.44%
2018-07-13,"2,260.00","2,260.00","2,260.00","2,260.00",-,0.00%
2018-07-14,"2,260.00","2,260.00","2,260.00","2,260.00",-,0.00%
2018-07-15,"2,260.00","2,260.00","2,260.00","2,260.00",-,0.00%
2018-07-16,"2,260.00","2,260.00","2,260.00","2,260.00",-,0.00%
2018-07-17,"2,275.00","2,275.00","2,275.00","2,275.00",-,0.66%
2018-07-18,"2,275.00","2,275.00","2,275.00","2,275.00",-,0.00%
2018-07-19,"2,305.00","2,305.00","2,305.00","2,305.00",-,1.32%
2018-07-20,"2,320.00","2,320.00","2,320.00","2,320.00",-,0.65%
2018-07-21,"2,320.00","2,320.00","2,320.00","2,320.00",-,0.65%
2018-07-22,"2,320.00","2,320.00","2,320.00","2,320.00",-,0.65%
2018-07-23,"2,330.00","2,330.00","2,330.00","2,330.00",-,0.43%
2018-07-24,"2,340.00","2,340.00","2,340.00","2,340.00",-,0.43%
2018-07-25,"2,340.00","2,340.00","2,340.00","2,340.00",-,0.00%
2018-07-26,"2,340.00","2,340.00","2,340.00","2,340.00",-,0.00%
2018-07-27,"2,340.00","2,340.00","2,340.00","2,340.00",-,0.00%
2018-07-28,"2,340.00","2,340.00","2,340.00","2,340.00",-,0.00%
2018-07-29,"2,340.00","2,340.00","2,340.00","2,340.00",-,0.00%
2018-07-30,"2,330.00","2,330.00","2,330.00","2,330.00",-,-0.43%
2018-07-31,"2,330.00","2,330.00","2,330.00","2,330.00",-,0.00%
2018-08-01,"2,315.00","2,315.00","2,315.00","2,315.00",-,-0.64%
2018-08-02,"2,315.00","2,315.00","2,315.00","2,315.00",-,0.00%
2018-08-03,"2,325.00","2,325.00","2,325.00","2,325.00",-,0.43%
2018-08-04,"2,325.00","2,325.00","2,325.00","2,325.00",-,0.43%
2018-08-05,"2,325.00","2,325.00","2,325.00","2,325.00",-,0.43%
2018-08-06,"2,325.00","2,325.00","2,325.00","2,325.00",-,0.00%
2018-08-07,"2,325.00","2,325.00","2,325.00","2,325.00",-,0.00%
2018-08-08,"2,325.00","2,325.00","2,325.00","2,325.00",-,0.00%
2018-08-09,"2,325.00","2,325.00","2,325.00","2,325.00",-,0.00%
2018-08-10,"2,335.00","2,335.00","2,335.00","2,335.00",-,0.43%
2018-08-11,"2,335.00","2,335.00","2,335.00","2,335.00",-,0.43%
2018-08-12,"2,335.00","2,335.00","2,335.00","2,335.00",-,0.43%
2018-08-13,"2,335.00","2,335.00","2,335.00","2,335.00",-,0.00%
2018-08-14,"2,335.00","2,335.00","2,335.00","2,335.00",-,0.00%
2018-08-15,"2,340.00","2,340.00","2,340.00","2,340.00",-,0.21%
2018-08-16,"2,350.00","2,350.00","2,350.00","2,350.00",-,0.43%
2018-08-17,"2,350.00","2,350.00","2,350.00","2,350.00",-,0.43%
2018-08-18,"2,350.00","2,350.00","2,350.00","2,350.00",-,0.43%
2018-08-19,"2,350.00","2,350.00","2,350.00","2,350.00",-,0.43%
2018-08-20,"2,360.00","2,360.00","2,360.00","2,360.00",-,0.43%
2018-08-21,"2,370.00","2,370.00","2,370.00","2,370.00",-,0.42%
2018-08-22,"2,370.00","2,370.00","2,370.00","2,370.00",-,0.00%
2018-08-23,"2,370.00","2,370.00","2,370.00","2,370.00",-,0.00%
2018-08-24,"2,370.00","2,370.00","2,370.00","2,370.00",-,0.00%
2018-08-25,"2,370.00","2,370.00","2,370.00","2,370.00",-,0.00%
2018-08-26,"2,370.00","2,370.00","2,370.00","2,370.00",-,0.00%
2018-08-27,"2,370.00","2,370.00","2,370.00","2,370.00",-,0.00%
2018-08-28,"2,370.00","2,370.00","2,370.00","2,370.00",-,0.00%
2018-08-29,"2,380.00","2,380.00","2,380.00","2,380.00",-,0.42%
2018-08-30,"2,380.00","2,380.00","2,380.00","2,380.00",-,0.00%
2018-08-31,"2,380.00","2,380.00","2,380.00","2,380.00",-,0.00%
2018-09-01,"2,380.00","2,380.00","2,380.00","2,380.00",-,0.00%
2018-09-02,"2,380.00","2,380.00","2,380.00","2,380.00",-,0.00%
2018-09-03,"2,380.00","2,380.00","2,380.00","2,380.00",-,0.00%
2018-09-04,"2,380.00","2,380.00","2,380.00","2,380.00",-,0.00%
2018-09-05,"2,380.00","2,380.00","2,380.00","2,380.00",-,0.00%
2018-09-06,"2,380.00","2,380.00","2,380.00","2,380.00",-,0.00%
2018-09-07,"2,390.00","2,390.00","2,390.00","2,390.00",-,0.42%
2018-09-08,"2,390.00","2,390.00","2,390.00","2,390.00",-,0.42%
2018-09-09,"2,390.00","2,390.00","2,390.00","2,390.00",-,0.42%
2018-09-10,"2,390.00","2,390.00","2,390.00","2,390.00",-,0.00%
2018-09-11,"2,390.00","2,390.00","2,390.00","2,390.00",-,0.00%
2018-09-12,"2,400.00","2,400.00","2,400.00","2,400.00",-,0.42%
2018-09-13,"2,410.00","2,410.00","2,410.00","2,410.00",-,0.42%
2018-09-14,"2,410.00","2,410.00","2,410.00","2,410.00",-,0.00%
2018-09-15,"2,410.00","2,410.00","2,410.00","2,410.00",-,0.00%
2018-09-16,"2,410.00","2,410.00","2,410.00","2,410.00",-,0.00%
2018-09-17,"2,410.00","2,410.00","2,410.00","2,410.00",-,0.00%
2018-09-18,"2,430.00","2,430.00","2,430.00","2,430.00",-,0.83%
2018-09-19,"2,450.00","2,450.00","2,450.00","2,450.00",-,0.82%
2018-09-20,"2,520.00","2,520.00","2,520.00","2,520.00",-,2.86%
2018-09-21,"2,555.00","2,555.00","2,555.00","2,555.00",-,1.39%
2018-09-22,"2,555.00","2,555.00","2,555.00","2,555.00",-,1.39%
2018-09-23,"2,555.00","2,555.00","2,555.00","2,555.00",-,1.39%
2018-09-24,"2,565.00","2,565.00","2,565.00","2,565.00",-,0.39%
2018-09-25,"2,565.00","2,565.00","2,565.00","2,565.00",-,0.00%
2018-09-26,"2,570.00","2,570.00","2,570.00","2,570.00",-,0.19%
2018-09-27,"2,570.00","2,570.00","2,570.00","2,570.00",-,0.00%
2018-09-28,"2,570.00","2,570.00","2,570.00","2,570.00",-,0.00%
2018-09-29,"2,570.00","2,570.00","2,570.00","2,570.00",-,0.00%
2018-09-30,"2,570.00","2,570.00","2,570.00","2,570.00",-,0.00%
2018-10-01,"2,570.00","2,570.00","2,570.00","2,570.00",-,0.00%
2018-10-02,"2,570.00","2,570.00","2,570.00","2,570.00",-,0.00%
2018-10-03,"2,570.00","2,570.00","2,570.00","2,570.00",-,0.00%
2018-10-04,"2,570.00","2,570.00","2,570.00","2,570.00",-,0.00%
2018-10-05,"2,570.00","2,570.00","2,570.00","2,570.00",-,0.00%
2018-10-06,"2,570.00","2,570.00","2,570.00","2,570.00",-,0.00%
2018-10-07,"2,570.00","2,570.00","2,570.00","2,570.00",-,0.00%
2018-10-08,"2,565.00","2,565.00","2,565.00","2,565.00",-,-0.19%
2018-10-09,"2,560.00","2,560.00","2,560.00","2,560.00",-,-0.19%
2018-10-10,"2,560.00","2,560.00","2,560.00","2,560.00",-,0.00%
2018-10-11,"2,545.00","2,545.00","2,545.00","2,545.00",-,-0.59%
2018-10-12,"2,505.00","2,505.00","2,505.00","2,505.00",-,-1.57%
2018-10-13,"2,505.00","2,505.00","2,505.00","2,505.00",-,-1.57%
2018-10-14,"2,505.00","2,505.00","2,505.00","2,505.00",-,-1.57%
2018-10-15,"2,505.00","2,505.00","2,505.00","2,505.00",-,0.00%
2018-10-16,"2,490.00","2,490.00","2,490.00","2,490.00",-,-0.60%
2018-10-17,"2,480.00","2,480.00","2,480.00","2,480.00",-,-0.40%
2018-10-18,"2,480.00","2,480.00","2,480.00","2,480.00",-,0.00%
2018-10-19,"2,480.00","2,480.00","2,480.00","2,480.00",-,0.00%
2018-10-20,"2,480.00","2,480.00","2,480.00","2,480.00",-,0.00%
2018-10-21,"2,480.00","2,480.00","2,480.00","2,480.00",-,0.00%
2018-10-22,"2,480.00","2,480.00","2,480.00","2,480.00",-,0.00%
2018-10-23,"2,470.00","2,470.00","2,470.00","2,470.00",-,-0.40%
2018-10-24,"2,470.00","2,470.00","2,470.00","2,470.00",-,0.00%
2018-10-25,"2,460.00","2,460.00","2,460.00","2,460.00",-,-0.40%
2018-10-26,"2,440.00","2,440.00","2,440.00","2,440.00",-,-0.81%
2018-10-27,"2,440.00","2,440.00","2,440.00","2,440.00",-,-0.81%
2018-10-28,"2,440.00","2,440.00","2,440.00","2,440.00",-,-0.81%
2018-10-29,"2,440.00","2,440.00","2,440.00","2,440.00",-,0.00%
2018-10-30,"2,415.00","2,415.00","2,415.00","2,415.00",-,-1.02%
2018-10-31,"2,415.00","2,415.00","2,415.00","2,415.00",-,0.00%
2018-11-01,"2,415.00","2,415.00","2,415.00","2,415.00",-,0.00%
2018-11-02,"2,415.00","2,415.00","2,415.00","2,415.00",-,0.00%
2018-11-03,"2,415.00","2,415.00","2,415.00","2,415.00",-,0.00%
2018-11-04,"2,415.00","2,415.00","2,415.00","2,415.00",-,0.00%
2018-11-05,"2,415.00","2,415.00","2,415.00","2,415.00",-,0.00%
2018-11-06,"2,415.00","2,415.00","2,415.00","2,415.00",-,0.00%
2018-11-07,"2,430.00","2,430.00","2,430.00","2,430.00",-,0.62%
2018-11-08,"2,430.00","2,430.00","2,430.00","2,430.00",-,0.00%
2018-11-09,"2,450.00","2,450.00","2,450.00","2,450.00",-,0.82%
2018-11-10,"2,450.00","2,450.00","2,450.00","2,450.00",-,0.82%
2018-11-11,"2,450.00","2,450.00","2,450.00","2,450.00",-,0.82%
2018-11-12,"2,475.00","2,475.00","2,475.00","2,475.00",-,1.02%
2018-11-13,"2,490.00","2,490.00","2,490.00","2,490.00",-,0.61%
2018-11-14,"2,505.00","2,505.00","2,505.00","2,505.00",-,0.60%
2018-11-15,"2,505.00","2,505.00","2,505.00","2,505.00",-,0.00%
2018-11-16,"2,505.00","2,505.00","2,505.00","2,505.00",-,0.00%
2018-11-17,"2,505.00","2,505.00","2,505.00","2,505.00",-,0.00%
2018-11-18,"2,505.00","2,505.00","2,505.00","2,505.00",-,0.00%
2018-11-19,"2,530.00","2,530.00","2,530.00","2,530.00",-,1.00%
2018-11-20,"2,540.00","2,540.00","2,540.00","2,540.00",-,0.40%
2018-11-21,"2,550.00","2,550.00","2,550.00","2,550.00",-,0.39%
2018-11-22,"2,560.00","2,560.00","2,560.00","2,560.00",-,0.39%
2018-11-23,"2,565.00","2,565.00","2,565.00","2,565.00",-,0.20%
2018-11-24,"2,565.00","2,565.00","2,565.00","2,565.00",-,0.20%
2018-11-25,"2,565.00","2,565.00","2,565.00","2,565.00",-,0.20%
2018-11-26,"2,565.00","2,565.00","2,565.00","2,565.00",-,0.00%
2018-11-27,"2,565.00","2,565.00","2,565.00","2,565.00",-,0.00%
2018-11-28,"2,575.00","2,575.00","2,575.00","2,575.00",-,0.39%
2018-11-29,"2,580.00","2,580.00","2,580.00","2,580.00",-,0.19%
2018-11-30,"2,590.00","2,590.00","2,590.00","2,590.00",-,0.39%
2018-12-01,"2,590.00","2,590.00","2,590.00","2,590.00",-,0.39%
2018-12-02,"2,590.00","2,590.00","2,590.00","2,590.00",-,0.39%
2018-12-03,"2,590.00","2,590.00","2,590.00","2,590.00",-,0.00%
2018-12-04,"2,590.00","2,590.00","2,590.00","2,590.00",-,0.00%
2018-12-05,"2,590.00","2,590.00","2,590.00","2,590.00",-,0.00%
2018-12-06,"2,590.00","2,590.00","2,590.00","2,590.00",-,0.00%
2018-12-07,"2,590.00","2,590.00","2,590.00","2,590.00",-,0.00%
2018-12-08,"2,590.00","2,590.00","2,590.00","2,590.00",-,0.00%
2018-12-09,"2,590.00","2,590.00","2,590.00","2,590.00",-,0.00%
2018-12-10,"2,590.00","2,590.00","2,590.00","2,590.00",-,0.00%
2018-12-11,"2,570.00","2,570.00","2,570.00","2,570.00",-,-0.77%
2018-12-12,"2,560.00","2,560.00","2,560.00","2,560.00",-,-0.39%
2018-12-13,"2,560.00","2,560.00","2,560.00","2,560.00",-,0.00%
2018-12-14,"2,535.00","2,535.00","2,535.00","2,535.00",-,-0.98%
2018-12-15,"2,535.00","2,535.00","2,535.00","2,535.00",-,-0.98%
2018-12-16,"2,535.00","2,535.00","2,535.00","2,535.00",-,-0.98%
2018-12-17,"2,535.00","2,535.00","2,535.00","2,535.00",-,0.00%
2018-12-18,"2,505.00","2,505.00","2,505.00","2,505.00",-,-1.18%
2018-12-19,"2,500.00","2,500.00","2,500.00","2,500.00",-,-0.20%
2018-12-20,"2,490.00","2,490.00","2,490.00","2,490.00",-,-0.40%
2018-12-21,"2,480.00","2,480.00","2,480.00","2,480.00",-,-0.40%
2018-12-22,"2,480.00","2,480.00","2,480.00","2,480.00",-,-0.40%
2018-12-23,"2,480.00","2,480.00","2,480.00","2,480.00",-,-0.40%
2018-12-24,"2,470.00","2,470.00","2,470.00","2,470.00",-,-0.40%
2018-12-25,"2,470.00","2,470.00","2,470.00","2,470.00",-,-0.40%
2018-12-26,"2,470.00","2,470.00","2,470.00","2,470.00",-,0.00%
2018-12-27,"2,560.00","2,560.00","2,560.00","2,560.00",-,3.64%
2018-12-28,"2,450.00","2,450.00","2,450.00","2,450.00",-,-4.30%
2018-12-29,"2,450.00","2,450.00","2,450.00","2,450.00",-,-4.30%
2018-12-30,"2,450.00","2,450.00","2,450.00","2,450.00",-,-4.30%
2018-12-31,"2,450.00","2,450.00","2,450.00","2,450.00",-,0.00%
2019-01-01,"2,450.00","2,450.00","2,450.00","2,450.00",-,0.00%
2019-01-02,"2,450.00","2,450.00","2,450.00","2,450.00",-,0.00%
2019-01-03,"2,450.00","2,450.00","2,450.00","2,450.00",-,0.00%
2019-01-04,"2,450.00","2,450.00","2,450.00","2,450.00",-,0.00%
2019-01-05,"2,450.00","2,450.00","2,450.00","2,450.00",-,0.00%
2019-01-06,"2,450.00","2,450.00","2,450.00","2,450.00",-,0.00%
2019-01-07,"2,450.00","2,450.00","2,450.00","2,450.00",-,0.00%
2019-01-08,"2,450.00","2,450.00","2,450.00","2,450.00",-,0.00%
2019-01-09,"2,450.00","2,450.00","2,450.00","2,450.00",-,0.00%
2019-01-10,"2,450.00","2,450.00","2,450.00","2,450.00",-,0.00%
2019-01-11,"2,450.00","2,450.00","2,450.00","2,450.00",-,0.00%
2019-01-12,"2,450.00","2,450.00","2,450.00","2,450.00",-,0.00%
2019-01-13,"2,450.00","2,450.00","2,450.00","2,450.00",-,0.00%
2019-01-14,"2,450.00","2,450.00","2,450.00","2,450.00",-,0.00%
2019-01-15,"2,450.00","2,450.00","2,450.00","2,450.00",-,0.00%
2019-01-16,"2,450.00","2,450.00","2,450.00","2,450.00",-,0.00%
2019-01-17,"2,450.00","2,450.00","2,450.00","2,450.00",-,0.00%
2019-01-18,"2,460.00","2,460.00","2,460.00","2,460.00",-,0.41%
2019-01-19,"2,460.00","2,460.00","2,460.00","2,460.00",-,0.41%
2019-01-20,"2,460.00","2,460.00","2,460.00","2,460.00",-,0.41%
2019-01-21,"2,470.00","2,470.00","2,470.00","2,470.00",-,0.41%
2019-01-22,"2,475.00","2,475.00","2,475.00","2,475.00",-,0.20%
2019-01-23,"2,475.00","2,475.00","2,475.00","2,475.00",-,0.00%
2019-01-24,"2,485.00","2,485.00","2,485.00","2,485.00",-,0.40%
2019-01-25,"2,485.00","2,485.00","2,485.00","2,485.00",-,0.00%
2019-01-26,"2,485.00","2,485.00","2,485.00","2,485.00",-,0.00%
2019-01-27,"2,485.00","2,485.00","2,485.00","2,485.00",-,0.00%
2019-01-28,"2,485.00","2,485.00","2,485.00","2,485.00",-,0.00%
2019-01-29,"2,485.00","2,485.00","2,485.00","2,485.00",-,0.00%
2019-01-30,"2,485.00","2,485.00","2,485.00","2,485.00",-,0.00%
2019-01-31,"2,490.00","2,490.00","2,490.00","2,490.00",-,0.20%
2019-02-01,"2,500.00","2,500.00","2,500.00","2,500.00",-,0.40%
2019-02-02,"2,500.00","2,500.00","2,500.00","2,500.00",-,0.40%
2019-02-03,"2,500.00","2,500.00","2,500.00","2,500.00",-,0.40%
2019-02-04,"2,500.00","2,500.00","2,500.00","2,500.00",-,0.00%
2019-02-05,"2,510.00","2,510.00","2,510.00","2,510.00",-,0.40%
2019-02-06,"2,510.00","2,510.00","2,510.00","2,510.00",-,0.00%
2019-02-07,"2,510.00","2,510.00","2,510.00","2,510.00",-,0.00%
2019-02-08,"2,515.00","2,515.00","2,515.00","2,515.00",-,0.20%
2019-02-09,"2,515.00","2,515.00","2,515.00","2,515.00",-,0.20%
2019-02-10,"2,515.00","2,515.00","2,515.00","2,515.00",-,0.20%
2019-02-11,"2,515.00","2,515.00","2,515.00","2,515.00",-,0.00%
2019-02-12,"2,540.00","2,540.00","2,540.00","2,540.00",-,0.99%
2019-02-13,"2,555.00","2,555.00","2,555.00","2,555.00",-,0.59%
2019-02-14,"2,565.00","2,565.00","2,565.00","2,565.00",-,0.39%
2019-02-15,"2,590.00","2,590.00","2,590.00","2,590.00",-,0.97%
2019-02-16,"2,590.00","2,590.00","2,590.00","2,590.00",-,0.97%
2019-02-17,"2,590.00","2,590.00","2,590.00","2,590.00",-,0.97%
2019-02-18,"2,645.00","2,645.00","2,645.00","2,645.00",-,2.12%
2019-02-19,"2,655.00","2,655.00","2,655.00","2,655.00",-,0.38%
2019-02-20,"2,700.00","2,700.00","2,700.00","2,700.00",-,1.69%
2019-02-21,"2,715.00","2,715.00","2,715.00","2,715.00",-,0.56%
2019-02-22,"2,715.00","2,715.00","2,715.00","2,715.00",-,0.00%
2019-02-23,"2,715.00","2,715.00","2,715.00","2,715.00",-,0.00%
2019-02-24,"2,715.00","2,715.00","2,715.00","2,715.00",-,0.00%
2019-02-25,"2,715.00","2,715.00","2,715.00","2,715.00",-,0.00%
2019-02-26,"2,715.00","2,715.00","2,715.00","2,715.00",-,0.00%
2019-02-27,"2,730.00","2,730.00","2,730.00","2,730.00",-,0.55%
2019-02-28,"2,750.00","2,750.00","2,750.00","2,750.00",-,0.73%
2019-03-01,"2,815.00","2,815.00","2,815.00","2,815.00",-,2.36%
2019-03-02,"2,815.00","2,815.00","2,815.00","2,815.00",-,2.36%
2019-03-03,"2,815.00","2,815.00","2,815.00","2,815.00",-,2.36%
2019-03-04,"2,820.00","2,820.00","2,820.00","2,820.00",-,0.18%
2019-03-05,"2,860.00","2,860.00","2,860.00","2,860.00",-,1.42%
2019-03-06,"2,940.00","2,940.00","2,940.00","2,940.00",-,2.80%
2019-03-07,"2,965.00","2,965.00","2,965.00","2,965.00",-,0.85%
2019-03-08,"3,000.00","3,000.00","3,000.00","3,000.00",-,1.18%
2019-03-09,"3,000.00","3,000.00","3,000.00","3,000.00",-,1.18%
2019-03-10,"3,000.00","3,000.00","3,000.00","3,000.00",-,1.18%
2019-03-11,"3,090.00","3,090.00","3,090.00","3,090.00",-,3.00%
2019-03-12,"3,140.00","3,140.00","3,140.00","3,140.00",-,1.62%
2019-03-13,"3,150.00","3,150.00","3,150.00","3,150.00",-,0.32%
2019-03-14,"3,160.00","3,160.00","3,160.00","3,160.00",-,0.32%
2019-03-15,"3,180.00","3,180.00","3,180.00","3,180.00",-,0.63%
2019-03-16,"3,180.00","3,180.00","3,180.00","3,180.00",-,0.63%
2019-03-17,"3,180.00","3,180.00","3,180.00","3,180.00",-,0.63%
2019-03-18,"3,200.00","3,200.00","3,200.00","3,200.00",-,0.63%
2019-03-19,"3,220.00","3,220.00","3,220.00","3,220.00",-,0.63%
2019-03-20,"3,240.00","3,240.00","3,240.00","3,240.00",-,0.62%
2019-03-21,"3,270.00","3,270.00","3,270.00","3,270.00",-,0.93%
2019-03-22,"3,290.00","3,290.00","3,290.00","3,290.00",-,0.61%
2019-03-23,"3,290.00","3,290.00","3,290.00","3,290.00",-,0.61%
2019-03-24,"3,290.00","3,290.00","3,290.00","3,290.00",-,0.61%
2019-03-25,"3,335.00","3,335.00","3,335.00","3,335.00",-,1.37%
2019-03-26,"3,335.00","3,335.00","3,335.00","3,335.00",-,0.00%
2019-03-27,"3,335.00","3,335.00","3,335.00","3,335.00",-,0.00%
2019-03-28,"3,335.00","3,335.00","3,335.00","3,335.00",-,0.00%
2019-03-29,"3,240.00","3,240.00","3,240.00","3,240.00",-,-2.85%
2019-03-30,"3,240.00","3,240.00","3,240.00","3,240.00",-,-2.85%
2019-03-31,"3,240.00","3,240.00","3,240.00","3,240.00",-,-2.85%
2019-04-01,"3,130.00","3,130.00","3,130.00","3,130.00",-,-3.40%
2019-04-02,"3,060.00","3,060.00","3,060.00","3,060.00",-,-2.24%
2019-04-03,"3,040.00","3,040.00","3,040.00","3,040.00",-,-0.65%
2019-04-04,"3,040.00","3,040.00","3,040.00","3,040.00",-,0.00%
2019-04-05,"3,040.00","3,040.00","3,040.00","3,040.00",-,0.00%
2019-04-06,"3,040.00","3,040.00","3,040.00","3,040.00",-,0.00%
2019-04-07,"3,040.00","3,040.00","3,040.00","3,040.00",-,0.00%
2019-04-08,"3,040.00","3,040.00","3,040.00","3,040.00",-,0.00%
2019-04-09,"3,040.00","3,040.00","3,040.00","3,040.00",-,0.00%
2019-04-10,"3,020.00","3,020.00","3,020.00","3,020.00",-,-0.66%
2019-04-11,"3,005.00","3,005.00","3,005.00","3,005.00",-,-0.50%
2019-04-12,"2,990.00","2,990.00","2,990.00","2,990.00",-,-0.50%
2019-04-13,"2,990.00","2,990.00","2,990.00","2,990.00",-,-0.50%
2019-04-14,"2,990.00","2,990.00","2,990.00","2,990.00",-,-0.50%
2019-04-15,"2,970.00","2,970.00","2,970.00","2,970.00",-,-0.67%
2019-04-16,"2,940.00","2,940.00","2,940.00","2,940.00",-,-1.01%
2019-04-17,"2,920.00","2,920.00","2,920.00","2,920.00",-,-0.68%
2019-04-18,"2,930.00","2,930.00","2,930.00","2,930.00",-,0.34%
2019-04-19,"2,930.00","2,930.00","2,930.00","2,930.00",-,0.34%
2019-04-20,"2,930.00","2,930.00","2,930.00","2,930.00",-,0.34%
2019-04-21,"2,930.00","2,930.00","2,930.00","2,930.00",-,0.34%
2019-04-22,"2,930.00","2,930.00","2,930.00","2,930.00",-,0.34%
2019-04-23,"2,940.00","2,940.00","2,940.00","2,940.00",-,0.34%
2019-04-24,"2,940.00","2,940.00","2,940.00","2,940.00",-,0.00%
2019-04-25,"2,940.00","2,940.00","2,940.00","2,940.00",-,0.00%
2019-04-26,"2,940.00","2,940.00","2,940.00","2,940.00",-,0.00%
2019-04-27,"2,940.00","2,940.00","2,940.00","2,940.00",-,0.00%
2019-04-28,"2,940.00","2,940.00","2,940.00","2,940.00",-,0.00%
2019-04-29,"2,940.00","2,940.00","2,940.00","2,940.00",-,0.00%
2019-04-30,"2,940.00","2,940.00","2,940.00","2,940.00",-,0.00%
2019-05-01,"2,940.00","2,940.00","2,940.00","2,940.00",-,0.00%
2019-05-02,"2,940.00","2,940.00","2,940.00","2,940.00",-,0.00%
2019-05-03,"2,940.00","2,940.00","2,940.00","2,940.00",-,0.00%
2019-05-04,"2,940.00","2,940.00","2,940.00","2,940.00",-,0.00%
2019-05-05,"2,940.00","2,940.00","2,940.00","2,940.00",-,0.00%
2019-05-06,"2,940.00","2,940.00","2,940.00","2,940.00",-,0.00%
2019-05-07,"2,940.00","2,940.00","2,940.00","2,940.00",-,0.00%
2019-05-08,"2,940.00","2,940.00","2,940.00","2,940.00",-,0.00%
2019-05-09,"2,940.00","2,940.00","2,940.00","2,940.00",-,0.00%
2019-05-10,"2,925.00","2,925.00","2,925.00","2,925.00",-,-0.51%
2019-05-11,"2,925.00","2,925.00","2,925.00","2,925.00",-,-0.51%
2019-05-12,"2,925.00","2,925.00","2,925.00","2,925.00",-,-0.51%
2019-05-13,"2,925.00","2,925.00","2,925.00","2,925.00",-,0.00%
2019-05-14,"2,915.00","2,915.00","2,915.00","2,915.00",-,-0.34%
2019-05-15,"2,895.00","2,895.00","2,895.00","2,895.00",-,-0.69%
2019-05-16,"2,895.00","2,895.00","2,895.00","2,895.00",-,0.00%
2019-05-17,"2,880.00","2,880.00","2,880.00","2,880.00",-,-0.52%
2019-05-18,"2,880.00","2,880.00","2,880.00","2,880.00",-,-0.52%
2019-05-19,"2,880.00","2,880.00","2,880.00","2,880.00",-,-0.52%
2019-05-20,"2,880.00","2,880.00","2,880.00","2,880.00",-,0.00%
2019-05-21,"2,865.00","2,865.00","2,865.00","2,865.00",-,-0.52%
2019-05-22,"2,865.00","2,865.00","2,865.00","2,865.00",-,0.00%
2019-05-23,"2,865.00","2,865.00","2,865.00","2,865.00",-,0.00%
2019-05-24,"2,850.00","2,850.00","2,850.00","2,850.00",-,-0.52%
2019-05-25,"2,850.00","2,850.00","2,850.00","2,850.00",-,-0.52%
2019-05-26,"2,850.00","2,850.00","2,850.00","2,850.00",-,-0.52%
2019-05-27,"2,850.00","2,850.00","2,850.00","2,850.00",-,0.00%
2019-05-28,"2,830.00","2,830.00","2,830.00","2,830.00",-,-0.70%
2019-05-29,"2,830.00","2,830.00","2,830.00","2,830.00",-,0.00%
2019-05-30,"2,830.00","2,830.00","2,830.00","2,830.00",-,0.00%
2019-05-31,"2,830.00","2,830.00","2,830.00","2,830.00",-,0.00%
2019-06-01,"2,830.00","2,830.00","2,830.00","2,830.00",-,0.00%
2019-06-02,"2,830.00","2,830.00","2,830.00","2,830.00",-,0.00%
2019-06-03,"2,830.00","2,830.00","2,830.00","2,830.00",-,0.00%
2019-06-04,"2,830.00","2,830.00","2,830.00","2,830.00",-,0.00%
2019-06-05,"2,840.00","2,840.00","2,840.00","2,840.00",-,0.35%
2019-06-06,"2,880.00","2,880.00","2,880.00","2,880.00",-,1.41%
2019-06-07,"2,900.00","2,900.00","2,900.00","2,900.00",-,0.69%
2019-06-08,"2,900.00","2,900.00","2,900.00","2,900.00",-,0.69%
2019-06-09,"2,900.00","2,900.00","2,900.00","2,900.00",-,0.69%
2019-06-10,"2,920.00","2,920.00","2,920.00","2,920.00",-,0.69%
2019-06-11,"2,970.00","2,970.00","2,970.00","2,970.00",-,1.71%
2019-06-12,"3,160.00","3,160.00","3,160.00","3,160.00",-,6.40%
2019-06-13,"3,340.00","3,340.00","3,340.00","3,340.00",-,5.70%
2019-06-14,"3,490.00","3,490.00","3,490.00","3,490.00",-,4.49%
2019-06-15,"3,490.00","3,490.00","3,490.00","3,490.00",-,4.49%
2019-06-16,"3,490.00","3,490.00","3,490.00","3,490.00",-,4.49%
2019-06-17,"3,490.00","3,490.00","3,490.00","3,490.00",-,0.00%
2019-06-18,"3,420.00","3,420.00","3,420.00","3,420.00",-,-2.01%
2019-06-19,"3,380.00","3,380.00","3,380.00","3,380.00",-,-1.17%
2019-06-20,"3,310.00","3,310.00","3,310.00","3,310.00",-,-2.07%
2019-06-21,"3,270.00","3,270.00","3,270.00","3,270.00",-,-1.21%
2019-06-22,"3,270.00","3,270.00","3,270.00","3,270.00",-,-1.21%
2019-06-23,"3,270.00","3,270.00","3,270.00","3,270.00",-,-1.21%
2019-06-24,"3,205.00","3,205.00","3,205.00","3,205.00",-,-1.99%
2019-06-25,"3,175.00","3,175.00","3,175.00","3,175.00",-,-0.94%
2019-06-26,"3,160.00","3,160.00","3,160.00","3,160.00",-,-0.47%
2019-06-27,"3,160.00","3,160.00","3,160.00","3,160.00",-,0.00%
2019-06-28,"3,290.00","3,290.00","3,290.00","3,290.00",-,4.11%
2019-06-29,"3,290.00","3,290.00","3,290.00","3,290.00",-,4.11%
2019-06-30,"3,290.00","3,290.00","3,290.00","3,290.00",-,4.11%
2019-07-01,"3,340.00","3,340.00","3,340.00","3,340.00",-,1.52%
2019-07-02,"3,340.00","3,340.00","3,340.00","3,340.00",-,0.00%
2019-07-03,"3,340.00","3,340.00","3,340.00","3,340.00",-,0.00%
2019-07-04,"3,340.00","3,340.00","3,340.00","3,340.00",-,0.00%
2019-07-05,"3,340.00","3,340.00","3,340.00","3,340.00",-,0.00%
2019-07-06,"3,340.00","3,340.00","3,340.00","3,340.00",-,0.00%
2019-07-07,"3,340.00","3,340.00","3,340.00","3,340.00",-,0.00%
2019-07-08,"3,380.00","3,380.00","3,380.00","3,380.00",-,1.20%
2019-07-09,"3,420.00","3,420.00","3,420.00","3,420.00",-,1.18%
2019-07-10,"3,490.00","3,490.00","3,490.00","3,490.00",-,2.05%
2019-07-11,"3,555.00","3,555.00","3,555.00","3,555.00",-,1.86%
2019-07-12,"3,565.00","3,565.00","3,565.00","3,565.00",-,0.28%
2019-07-13,"3,565.00","3,565.00","3,565.00","3,565.00",-,0.28%
2019-07-14,"3,565.00","3,565.00","3,565.00","3,565.00",-,0.28%
2019-07-15,"3,565.00","3,565.00","3,565.00","3,565.00",-,0.00%
2019-07-16,"3,550.00","3,550.00","3,550.00","3,550.00",-,-0.42%
2019-07-17,"3,550.00","3,550.00","3,550.00","3,550.00",-,0.00%
2019-07-18,"3,540.00","3,540.00","3,540.00","3,540.00",-,-0.28%
2019-07-19,"3,530.00","3,530.00","3,530.00","3,530.00",-,-0.28%
2019-07-20,"3,530.00","3,530.00","3,530.00","3,530.00",-,-0.28%
2019-07-21,"3,530.00","3,530.00","3,530.00","3,530.00",-,-0.28%
2019-07-22,"3,520.00","3,520.00","3,520.00","3,520.00",-,-0.28%
2019-07-23,"3,505.00","3,505.00","3,505.00","3,505.00",-,-0.43%
2019-07-24,"3,505.00","3,505.00","3,505.00","3,505.00",-,0.00%
2019-07-25,"3,505.00","3,505.00","3,505.00","3,505.00",-,0.00%
2019-07-26,"3,505.00","3,505.00","3,505.00","3,505.00",-,0.00%
2019-07-27,"3,505.00","3,505.00","3,505.00","3,505.00",-,0.00%
2019-07-28,"3,505.00","3,505.00","3,505.00","3,505.00",-,0.00%
2019-07-29,"3,505.00","3,505.00","3,505.00","3,505.00",-,0.00%
2019-07-30,"3,550.00","3,550.00","3,550.00","3,550.00",-,1.28%
2019-07-31,"3,600.00","3,600.00","3,600.00","3,600.00",-,1.41%
2019-08-01,"3,650.00","3,650.00","3,650.00","3,650.00",-,1.39%
2019-08-02,"3,650.00","3,650.00","3,650.00","3,650.00",-,0.00%
2019-08-03,"3,650.00","3,650.00","3,650.00","3,650.00",-,0.00%
2019-08-04,"3,650.00","3,650.00","3,650.00","3,650.00",-,0.00%
2019-08-05,"3,650.00","3,650.00","3,650.00","3,650.00",-,0.00%
2019-08-06,"3,620.00","3,620.00","3,620.00","3,620.00",-,-0.82%
2019-08-07,"3,620.00","3,620.00","3,620.00","3,620.00",-,0.00%
2019-08-08,"3,680.00","3,680.00","3,680.00","3,680.00",-,1.66%
2019-08-09,"3,710.00","3,710.00","3,710.00","3,710.00",-,0.82%
2019-08-10,"3,710.00","3,710.00","3,710.00","3,710.00",-,0.82%
2019-08-11,"3,710.00","3,710.00","3,710.00","3,710.00",-,0.82%
2019-08-12,"3,740.00","3,740.00","3,740.00","3,740.00",-,0.81%
2019-08-13,"3,750.00","3,750.00","3,750.00","3,750.00",-,0.27%
2019-08-14,"3,800.00","3,800.00","3,800.00","3,800.00",-,1.33%
2019-08-15,"3,830.00","3,830.00","3,830.00","3,830.00",-,0.79%
2019-08-16,"3,875.00","3,875.00","3,875.00","3,875.00",-,1.17%
2019-08-17,"3,875.00","3,875.00","3,875.00","3,875.00",-,1.17%
2019-08-18,"3,875.00","3,875.00","3,875.00","3,875.00",-,1.17%
2019-08-19,"3,900.00","3,900.00","3,900.00","3,900.00",-,0.65%
2019-08-20,"3,920.00","3,920.00","3,920.00","3,920.00",-,0.51%
2019-08-21,"3,945.00","3,945.00","3,945.00","3,945.00",-,0.64%
2019-08-22,"3,945.00","3,945.00","3,945.00","3,945.00",-,0.00%
2019-08-23,"4,015.00","4,015.00","4,015.00","4,015.00",-,1.77%
2019-08-24,"4,015.00","4,015.00","4,015.00","4,015.00",-,1.77%
2019-08-25,"4,015.00","4,015.00","4,015.00","4,015.00",-,1.77%
2019-08-26,"4,015.00","4,015.00","4,015.00","4,015.00",-,1.77%
2019-08-27,"4,130.00","4,130.00","4,130.00","4,130.00",-,2.86%
2019-08-28,"4,350.00","4,350.00","4,350.00","4,350.00",-,5.33%
2019-08-29,"4,520.00","4,520.00","4,520.00","4,520.00",-,3.91%
2019-08-30,"4,890.00","4,890.00","4,890.00","4,890.00",-,8.19%
2019-08-31,"4,890.00","4,890.00","4,890.00","4,890.00",-,8.19%
2019-09-01,"4,890.00","4,890.00","4,890.00","4,890.00",-,8.19%
2019-09-02,"5,040.00","5,040.00","5,040.00","5,040.00",-,3.07%
2019-09-03,"5,040.00","5,040.00","5,040.00","5,040.00",-,0.00%
2019-09-04,"5,040.00","5,040.00","5,040.00","5,040.00",-,0.00%
2019-09-05,"4,890.00","4,890.00","4,890.00","4,890.00",-,-2.98%
2019-09-06,"4,615.00","4,615.00","4,615.00","4,615.00",-,-5.62%
2019-09-07,"4,615.00","4,615.00","4,615.00","4,615.00",-,-5.62%
2019-09-08,"4,615.00","4,615.00","4,615.00","4,615.00",-,-5.62%
2019-09-09,"4,390.00","4,390.00","4,390.00","4,390.00",-,-4.88%
2019-09-10,"4,390.00","4,390.00","4,390.00","4,390.00",-,0.00%
2019-09-11,"4,465.00","4,465.00","4,465.00","4,465.00",-,1.71%
2019-09-12,"4,790.00","4,790.00","4,790.00","4,790.00",-,7.28%
2019-09-13,"4,990.00","4,990.00","4,990.00","4,990.00",-,4.18%
2019-09-14,"4,990.00","4,990.00","4,990.00","4,990.00",-,4.18%
2019-09-15,"4,990.00","4,990.00","4,990.00","4,990.00",-,4.18%
2019-09-16,"4,990.00","4,990.00","4,990.00","4,990.00",-,0.00%
2019-09-17,"4,990.00","4,990.00","4,990.00","4,990.00",-,0.00%
2019-09-18,"4,890.00","4,890.00","4,890.00","4,890.00",-,-2.00%
2019-09-19,"4,890.00","4,890.00","4,890.00","4,890.00",-,0.00%
2019-09-20,"5,315.00","5,315.00","5,315.00","5,315.00",-,8.69%
2019-09-21,"5,315.00","5,315.00","5,315.00","5,315.00",-,8.69%
2019-09-22,"5,315.00","5,315.00","5,315.00","5,315.00",-,8.69%
2019-09-23,"5,390.00","5,390.00","5,390.00","5,390.00",-,1.41%
2019-09-24,"5,390.00","5,390.00","5,390.00","5,390.00",-,0.00%
2019-09-25,"5,390.00","5,390.00","5,390.00","5,390.00",-,0.00%
2019-09-26,"5,360.00","5,360.00","5,360.00","5,360.00",-,-0.56%
2019-09-27,"5,340.00","5,340.00","5,340.00","5,340.00",-,-0.37%
2019-09-28,"5,340.00","5,340.00","5,340.00","5,340.00",-,-0.37%
2019-09-29,"5,340.00","5,340.00","5,340.00","5,340.00",-,-0.37%
2019-09-30,"5,290.00","5,290.00","5,290.00","5,290.00",-,-0.94%
2019-10-01,"5,290.00","5,290.00","5,290.00","5,290.00",-,0.00%
2019-10-02,"5,240.00","5,240.00","5,240.00","5,240.00",-,-0.95%
2019-10-03,"5,240.00","5,240.00","5,240.00","5,240.00",-,0.00%
2019-10-04,"5,190.00","5,190.00","5,190.00","5,190.00",-,-0.95%
2019-10-05,"5,190.00","5,190.00","5,190.00","5,190.00",-,-0.95%
2019-10-06,"5,190.00","5,190.00","5,190.00","5,190.00",-,-0.95%
2019-10-07,"5,190.00","5,190.00","5,190.00","5,190.00",-,0.00%
2019-10-08,"5,140.00","5,140.00","5,140.00","5,140.00",-,-0.96%
2019-10-09,"5,140.00","5,140.00","5,140.00","5,140.00",-,0.00%
2019-10-10,"5,140.00","5,140.00","5,140.00","5,140.00",-,0.00%
2019-10-11,"5,290.00","5,290.00","5,290.00","5,290.00",-,2.92%
2019-10-12,"5,290.00","5,290.00","5,290.00","5,290.00",-,2.92%
2019-10-13,"5,290.00","5,290.00","5,290.00","5,290.00",-,2.92%
2019-10-14,"5,290.00","5,290.00","5,290.00","5,290.00",-,0.00%
2019-10-15,"5,330.00","5,330.00","5,330.00","5,330.00",-,0.76%
2019-10-16,"5,440.00","5,440.00","5,440.00","5,440.00",-,2.06%
2019-10-17,"5,540.00","5,540.00","5,540.00","5,540.00",-,1.84%
2019-10-18,"5,540.00","5,540.00","5,540.00","5,540.00",-,0.00%
2019-10-19,"5,540.00","5,540.00","5,540.00","5,540.00",-,0.00%
2019-10-20,"5,540.00","5,540.00","5,540.00","5,540.00",-,0.00%
2019-10-21,"5,540.00","5,540.00","5,540.00","5,540.00",-,0.00%
2019-10-22,"5,540.00","5,540.00","5,540.00","5,540.00",-,0.00%
2019-10-23,"5,515.00","5,515.00","5,515.00","5,515.00",-,-0.45%
2019-10-24,"5,490.00","5,490.00","5,490.00","5,490.00",-,-0.45%
2019-10-25,"5,480.00","5,480.00","5,480.00","5,480.00",-,-0.18%
2019-10-26,"5,480.00","5,480.00","5,480.00","5,480.00",-,-0.18%
2019-10-27,"5,480.00","5,480.00","5,480.00","5,480.00",-,-0.18%
2019-10-28,"5,440.00","5,440.00","5,440.00","5,440.00",-,-0.73%
2019-10-29,"5,415.00","5,415.00","5,415.00","5,415.00",-,-0.46%
2019-10-30,"5,400.00","5,400.00","5,400.00","5,400.00",-,-0.28%
2019-10-31,"5,380.00","5,380.00","5,380.00","5,380.00",-,-0.37%
2019-11-01,"5,365.00","5,365.00","5,365.00","5,365.00",-,-0.28%
2019-11-02,"5,365.00","5,365.00","5,365.00","5,365.00",-,-0.28%
2019-11-03,"5,365.00","5,365.00","5,365.00","5,365.00",-,-0.28%
2019-11-04,"5,365.00","5,365.00","5,365.00","5,365.00",-,0.00%
2019-11-05,"5,365.00","5,365.00","5,365.00","5,365.00",-,0.00%
2019-11-06,"5,365.00","5,365.00","5,365.00","5,365.00",-,0.00%
2019-11-07,"5,390.00","5,390.00","5,390.00","5,390.00",-,0.47%
2019-11-08,"5,490.00","5,490.00","5,490.00","5,490.00",-,1.86%
2019-11-09,"5,490.00","5,490.00","5,490.00","5,490.00",-,1.86%
2019-11-10,"5,490.00","5,490.00","5,490.00","5,490.00",-,1.86%
2019-11-11,"5,515.00","5,515.00","5,515.00","5,515.00",-,0.46%
2019-11-12,"5,540.00","5,540.00","5,540.00","5,540.00",-,0.45%
2019-11-13,"5,540.00","5,540.00","5,540.00","5,540.00",-,0.00%
2019-11-14,"5,590.00","5,590.00","5,590.00","5,590.00",-,0.90%
2019-11-15,"5,815.00","5,815.00","5,815.00","5,815.00",-,4.03%
2019-11-16,"5,815.00","5,815.00","5,815.00","5,815.00",-,4.03%
2019-11-17,"5,815.00","5,815.00","5,815.00","5,815.00",-,4.03%
2019-11-18,"5,940.00","5,940.00","5,940.00","5,940.00",-,2.15%
2019-11-19,"5,990.00","5,990.00","5,990.00","5,990.00",-,0.84%
2019-11-20,"5,990.00","5,990.00","5,990.00","5,990.00",-,0.00%
2019-11-21,"5,990.00","5,990.00","5,990.00","5,990.00",-,0.00%
2019-11-22,"5,990.00","5,990.00","5,990.00","5,990.00",-,0.00%
2019-11-23,"5,990.00","5,990.00","5,990.00","5,990.00",-,0.00%
2019-11-24,"5,990.00","5,990.00","5,990.00","5,990.00",-,0.00%
2019-11-25,"5,990.00","5,990.00","5,990.00","5,990.00",-,0.00%
2019-11-26,"5,990.00","5,990.00","5,990.00","5,990.00",-,0.00%
2019-11-27,"5,965.00","5,965.00","5,965.00","5,965.00",-,-0.42%
2019-11-28,"5,940.00","5,940.00","5,940.00","5,940.00",-,-0.42%
2019-11-29,"5,890.00","5,890.00","5,890.00","5,890.00",-,-0.84%
2019-11-30,"5,890.00","5,890.00","5,890.00","5,890.00",-,-0.84%
2019-12-01,"5,890.00","5,890.00","5,890.00","5,890.00",-,-0.84%
2019-12-02,"5,890.00","5,890.00","5,890.00","5,890.00",-,0.00%
2019-12-03,"5,890.00","5,890.00","5,890.00","5,890.00",-,0.00%
2019-12-04,"5,890.00","5,890.00","5,890.00","5,890.00",-,0.00%
2019-12-05,"5,915.00","5,915.00","5,915.00","5,915.00",-,0.42%
2019-12-06,"5,940.00","5,940.00","5,940.00","5,940.00",-,0.42%
2019-12-07,"5,940.00","5,940.00","5,940.00","5,940.00",-,0.42%
2019-12-08,"5,940.00","5,940.00","5,940.00","5,940.00",-,0.42%
2019-12-09,"6,020.00","6,020.00","6,020.00","6,020.00",-,1.35%
2019-12-10,"6,040.00","6,040.00","6,040.00","6,040.00",-,0.33%
2019-12-11,"6,040.00","6,040.00","6,040.00","6,040.00",-,0.00%
2019-12-12,"6,040.00","6,040.00","6,040.00","6,040.00",-,0.00%
2019-12-13,"6,140.00","6,140.00","6,140.00","6,140.00",-,1.66%
2019-12-14,"6,140.00","6,140.00","6,140.00","6,140.00",-,1.66%
2019-12-15,"6,140.00","6,140.00","6,140.00","6,140.00",-,1.66%
2019-12-16,"6,140.00","6,140.00","6,140.00","6,140.00",-,0.00%
2019-12-17,"6,140.00","6,140.00","6,140.00","6,140.00",-,0.00%
2019-12-18,"6,140.00","6,140.00","6,140.00","6,140.00",-,0.00%
2019-12-19,"6,090.00","6,090.00","6,090.00","6,090.00",-,-0.81%
2019-12-20,"6,065.00","6,065.00","6,065.00","6,065.00",-,-0.41%
2019-12-21,"6,065.00","6,065.00","6,065.00","6,065.00",-,-0.41%
2019-12-22,"6,065.00","6,065.00","6,065.00","6,065.00",-,-0.41%
2019-12-23,"6,065.00","6,065.00","6,065.00","6,065.00",-,0.00%
2019-12-24,"6,065.00","6,065.00","6,065.00","6,065.00",-,0.00%
2019-12-25,"6,065.00","6,065.00","6,065.00","6,065.00",-,0.00%
2019-12-26,"6,065.00","6,065.00","6,065.00","6,065.00",-,0.00%
2019-12-27,"6,065.00","6,065.00","6,065.00","6,065.00",-,0.00%
2019-12-28,"6,065.00","6,065.00","6,065.00","6,065.00",-,0.00%
2019-12-29,"6,065.00","6,065.00","6,065.00","6,065.00",-,0.00%
2019-12-30,"6,050.00","6,050.00","6,050.00","6,050.00",-,-0.25%
2019-12-31,"6,040.00","6,040.00","6,040.00","6,040.00",-,-0.17%
2020-01-01,"6,040.00","6,040.00","6,040.00","6,040.00",-,-0.17%
2020-01-02,"6,040.00","6,040.00","6,040.00","6,040.00",-,0.00%
2020-01-03,"6,140.00","6,140.00","6,140.00","6,140.00",-,1.66%
2020-01-04,"6,140.00","6,140.00","6,140.00","6,140.00",-,1.66%
2020-01-05,"6,140.00","6,140.00","6,140.00","6,140.00",-,1.66%
2020-01-06,"6,340.00","6,340.00","6,340.00","6,340.00",-,3.26%
2020-01-07,"6,915.00","6,915.00","6,915.00","6,915.00",-,9.07%
2020-01-08,"7,940.00","7,940.00","7,940.00","7,940.00",-,14.82%
2020-01-09,"8,190.00","8,190.00","8,190.00","8,190.00",-,3.15%
2020-01-10,"7,990.00","7,990.00","7,990.00","7,990.00",-,-2.44%
2020-01-11,"7,990.00","7,990.00","7,990.00","7,990.00",-,-2.44%
2020-01-12,"7,990.00","7,990.00","7,990.00","7,990.00",-,-2.44%
2020-01-13,"7,965.00","7,965.00","7,965.00","7,965.00",-,-0.31%
2020-01-14,"7,915.00","7,915.00","7,915.00","7,915.00",-,-0.63%
2020-01-15,"7,940.00","7,940.00","7,940.00","7,940.00",-,0.32%
2020-01-16,"8,090.00","8,090.00","8,090.00","8,090.00",-,1.89%
2020-01-17,"8,740.00","8,740.00","8,740.00","8,740.00",-,8.03%
2020-01-18,"8,740.00","8,740.00","8,740.00","8,740.00",-,8.03%
2020-01-19,"8,740.00","8,740.00","8,740.00","8,740.00",-,8.03%
2020-01-20,"9,090.00","9,090.00","9,090.00","9,090.00",-,4.00%
2020-01-21,"9,790.00","9,790.00","9,790.00","9,790.00",-,7.70%
2020-01-22,"9,975.00","9,975.00","9,975.00","9,975.00",-,1.89%
2020-01-23,"9,975.00","9,975.00","9,975.00","9,975.00",-,0.00%
2020-01-24,"9,975.00","9,975.00","9,975.00","9,975.00",-,0.00%
2020-01-25,"9,975.00","9,975.00","9,975.00","9,975.00",-,0.00%
2020-01-26,"9,975.00","9,975.00","9,975.00","9,975.00",-,0.00%
2020-01-27,"9,975.00","9,975.00","9,975.00","9,975.00",-,0.00%
2020-01-28,"9,975.00","9,975.00","9,975.00","9,975.00",-,0.00%
2020-01-29,"9,975.00","9,975.00","9,975.00","9,975.00",-,0.00%
2020-01-30,"10,015.00","10,015.00","10,015.00","10,015.00",-,0.40%
2020-01-31,"10,165.00","10,165.00","10,165.00","10,165.00",-,1.50%
2020-02-01,"10,165.00","10,165.00","10,165.00","10,165.00",-,1.50%
2020-02-02,"10,165.00","10,165.00","10,165.00","10,165.00",-,1.50%
2020-02-03,"10,340.00","10,340.00","10,340.00","10,340.00",-,1.72%
2020-02-04,"10,515.00","10,515.00","10,515.00","10,515.00",-,1.69%
2020-02-05,"10,765.00","10,765.00","10,765.00","10,765.00",-,2.38%
2020-02-06,"10,765.00","10,765.00","10,765.00","10,765.00",-,0.00%
2020-02-07,"10,765.00","10,765.00","10,765.00","10,765.00",-,0.00%
2020-02-08,"10,765.00","10,765.00","10,765.00","10,765.00",-,0.00%
2020-02-09,"10,765.00","10,765.00","10,765.00","10,765.00",-,0.00%
2020-02-10,"10,765.00","10,765.00","10,765.00","10,765.00",-,0.00%
2020-02-11,"10,765.00","10,765.00","10,765.00","10,765.00",-,0.00%
2020-02-12,"10,840.00","10,840.00","10,840.00","10,840.00",-,0.70%
2020-02-13,"10,965.00","10,965.00","10,965.00","10,965.00",-,1.15%
2020-02-14,"11,065.00","11,065.00","11,065.00","11,065.00",-,0.91%
2020-02-15,"11,065.00","11,065.00","11,065.00","11,065.00",-,0.91%
2020-02-16,"11,065.00","11,065.00","11,065.00","11,065.00",-,0.91%
2020-02-17,"11,590.00","11,590.00","11,590.00","11,590.00",-,4.74%
2020-02-18,"11,790.00","11,790.00","11,790.00","11,790.00",-,1.73%
2020-02-19,"12,290.00","12,290.00","12,290.00","12,290.00",-,4.24%
2020-02-20,"12,690.00","12,690.00","12,690.00","12,690.00",-,3.25%
2020-02-21,"12,690.00","12,690.00","12,690.00","12,690.00",-,0.00%
2020-02-22,"12,690.00","12,690.00","12,690.00","12,690.00",-,0.00%
2020-02-23,"12,690.00","12,690.00","12,690.00","12,690.00",-,0.00%
2020-02-24,"12,790.00","12,790.00","12,790.00","12,790.00",-,0.79%
2020-02-25,"12,890.00","12,890.00","12,890.00","12,890.00",-,0.78%
2020-02-26,"12,940.00","12,940.00","12,940.00","12,940.00",-,0.39%
2020-02-27,"12,940.00","12,940.00","12,940.00","12,940.00",-,0.00%
2020-02-28,"12,940.00","12,940.00","12,940.00","12,940.00",-,0.00%
2020-02-29,"12,940.00","12,940.00","12,940.00","12,940.00",-,0.00%
2020-03-01,"12,940.00","12,940.00","12,940.00","12,940.00",-,0.00%
2020-03-02,"12,590.00","12,590.00","12,590.00","12,590.00",-,-2.70%
2020-03-03,"12,290.00","12,290.00","12,290.00","12,290.00",-,-2.38%
2020-03-04,"12,290.00","12,290.00","12,290.00","12,290.00",-,0.00%
2020-03-05,"12,190.00","12,190.00","12,190.00","12,190.00",-,-0.81%
2020-03-06,"12,190.00","12,190.00","12,190.00","12,190.00",-,0.00%
2020-03-07,"12,190.00","12,190.00","12,190.00","12,190.00",-,0.00%
2020-03-08,"12,190.00","12,190.00","12,190.00","12,190.00",-,0.00%
2020-03-09,"13,290.00","13,290.00","13,290.00","13,290.00",-,9.02%
2020-03-10,"13,790.00","13,790.00","13,790.00","13,790.00",-,3.76%
2020-03-11,"13,790.00","13,790.00","13,790.00","13,790.00",-,0.00%
2020-03-12,"13,790.00","13,790.00","13,790.00","13,790.00",-,0.00%
2020-03-13,"13,190.00","13,190.00","13,190.00","13,190.00",-,-4.35%
2020-03-14,"13,190.00","13,190.00","13,190.00","13,190.00",-,-4.35%
2020-03-15,"13,190.00","13,190.00","13,190.00","13,190.00",-,-4.35%
2020-03-16,"12,390.00","12,390.00","12,390.00","12,390.00",-,-6.07%
2020-03-17,"10,740.00","10,740.00","10,740.00","10,740.00",-,-13.32%
2020-03-18,"8,990.00","8,990.00","8,990.00","8,990.00",-,-16.29%
2020-03-19,"6,990.00","6,990.00","6,990.00","6,990.00",-,-22.25%
2020-03-20,"6,490.00","6,490.00","6,490.00","6,490.00",-,-7.15%
2020-03-21,"6,490.00","6,490.00","6,490.00","6,490.00",-,-7.15%
2020-03-22,"6,490.00","6,490.00","6,490.00","6,490.00",-,-7.15%
2020-03-23,"5,990.00","5,990.00","5,990.00","5,990.00",-,-7.70%
2020-03-24,"5,490.00","5,490.00","5,490.00","5,490.00",-,-8.35%
2020-03-25,"6,690.00","6,690.00","6,690.00","6,690.00",-,21.86%
2020-03-26,"8,490.00","8,490.00","8,490.00","8,490.00",-,26.91%
2020-03-27,"10,490.00","10,490.00","10,490.00","10,490.00",-,23.56%
2020-03-28,"10,490.00","10,490.00","10,490.00","10,490.00",-,23.56%
2020-03-29,"10,490.00","10,490.00","10,490.00","10,490.00",-,23.56%
2020-03-30,"10,690.00","10,690.00","10,690.00","10,690.00",-,1.91%
2020-03-31,"10,690.00","10,690.00","10,690.00","10,690.00",-,0.00%
2020-04-01,"10,690.00","10,690.00","10,690.00","10,690.00",-,0.00%
2020-04-02,"10,190.00","10,190.00","10,190.00","10,190.00",-,-4.68%
2020-04-03,"9,890.00","9,890.00","9,890.00","9,890.00",-,-2.94%
2020-04-04,"9,890.00","9,890.00","9,890.00","9,890.00",-,-2.94%
2020-04-05,"9,890.00","9,890.00","9,890.00","9,890.00",-,-2.94%
2020-04-06,"8,890.00","8,890.00","8,890.00","8,890.00",-,-10.11%
2020-04-07,"8,290.00","8,290.00","8,290.00","8,290.00",-,-6.75%
2020-04-08,"7,690.00","7,690.00","7,690.00","7,690.00",-,-7.24%
2020-04-09,"7,190.00","7,190.00","7,190.00","7,190.00",-,-6.50%
2020-04-10,"7,190.00","7,190.00","7,190.00","7,190.00",-,-6.50%
2020-04-11,"7,190.00","7,190.00","7,190.00","7,190.00",-,-6.50%
2020-04-12,"7,190.00","7,190.00","7,190.00","7,190.00",-,-6.50%
2020-04-13,"7,190.00","7,190.00","7,190.00","7,190.00",-,-6.50%
2020-04-14,"7,190.00","7,190.00","7,190.00","7,190.00",-,0.00%
2020-04-15,"7,990.00","7,990.00","7,990.00","7,990.00",-,11.13%
2020-04-16,"9,390.00","9,390.00","9,390.00","9,390.00",-,17.52%
2020-04-17,"9,390.00","9,390.00","9,390.00","9,390.00",-,0.00%
2020-04-18,"9,390.00","9,390.00","9,390.00","9,390.00",-,0.00%
2020-04-19,"9,390.00","9,390.00","9,390.00","9,390.00",-,0.00%
2020-04-20,"9,390.00","9,390.00","9,390.00","9,390.00",-,0.00%
2020-04-21,"9,190.00","9,190.00","9,190.00","9,190.00",-,-2.13%
2020-04-22,"8,090.00","8,090.00","8,090.00","8,090.00",-,-11.97%
2020-04-23,"8,190.00","8,190.00","8,190.00","8,190.00",-,1.24%
2020-04-24,"8,190.00","8,190.00","8,190.00","8,190.00",-,0.00%
2020-04-25,"8,190.00","8,190.00","8,190.00","8,190.00",-,0.00%
2020-04-26,"8,190.00","8,190.00","8,190.00","8,190.00",-,0.00%
2020-04-27,"8,190.00","8,190.00","8,190.00","8,190.00",-,0.00%
2020-04-28,"8,190.00","8,190.00","8,190.00","8,190.00",-,0.00%
2020-04-29,"8,290.00","8,290.00","8,290.00","8,290.00",-,1.22%
2020-04-30,"7,890.00","7,890.00","7,890.00","7,890.00",-,-4.83%
2020-05-01,"7,490.00","7,490.00","7,490.00","7,490.00",-,-5.07%
2020-05-02,"7,490.00","7,490.00","7,490.00","7,490.00",-,-5.07%
2020-05-03,"7,490.00","7,490.00","7,490.00","7,490.00",-,-5.07%
2020-05-04,"7,490.00","7,490.00","7,490.00","7,490.00",-,0.00%
2020-05-05,"7,290.00","7,290.00","7,290.00","7,290.00",-,-2.67%
2020-05-06,"6,990.00","6,990.00","6,990.00","6,990.00",-,-4.12%
2020-05-07,"6,990.00","6,990.00","6,990.00","6,990.00",-,0.00%
2020-05-08,"6,990.00","6,990.00","6,990.00","6,990.00",-,0.00%
2020-05-09,"6,990.00","6,990.00","6,990.00","6,990.00",-,0.00%
2020-05-10,"6,990.00","6,990.00","6,990.00","6,990.00",-,0.00%
2020-05-11,"6,990.00","6,990.00","6,990.00","6,990.00",-,0.00%
2020-05-12,"7,240.00","7,240.00","7,240.00","7,240.00",-,3.58%
2020-05-13,"7,240.00","7,240.00","7,240.00","7,240.00",-,0.00%
2020-05-14,"7,240.00","7,240.00","7,240.00","7,240.00",-,0.00%
2020-05-15,"7,240.00","7,240.00","7,240.00","7,240.00",-,0.00%
2020-05-16,"7,240.00","7,240.00","7,240.00","7,240.00",-,0.00%
2020-05-17,"7,240.00","7,240.00","7,240.00","7,240.00",-,0.00%
2020-05-18,"7,240.00","7,240.00","7,240.00","7,240.00",-,0.00%
2020-05-19,"7,390.00","7,390.00","7,390.00","7,390.00",-,2.07%
2020-05-20,"8,565.00","8,565.00","8,565.00","8,565.00",-,15.90%
2020-05-21,"8,690.00","8,690.00","8,690.00","8,690.00",-,1.46%
2020-05-22,"8,590.00","8,590.00","8,590.00","8,590.00",-,-1.15%
2020-05-23,"8,590.00","8,590.00","8,590.00","8,590.00",-,-1.15%
2020-05-24,"8,590.00","8,590.00","8,590.00","8,590.00",-,-1.15%
2020-05-25,"8,590.00","8,590.00","8,590.00","8,590.00",-,-1.15%
2020-05-26,"8,590.00","8,590.00","8,590.00","8,590.00",-,0.00%
2020-05-27,"8,690.00","8,690.00","8,690.00","8,690.00",-,1.16%
2020-05-28,"8,940.00","8,940.00","8,940.00","8,940.00",-,2.88%
2020-05-29,"8,990.00","8,990.00","8,990.00","8,990.00",-,0.56%
2020-05-30,"8,990.00","8,990.00","8,990.00","8,990.00",-,0.56%
2020-05-31,"8,990.00","8,990.00","8,990.00","8,990.00",-,0.56%
2020-06-01,"8,990.00","8,990.00","8,990.00","8,990.00",-,0.00%
2020-06-02,"8,890.00","8,890.00","8,890.00","8,890.00",-,-1.11%
2020-06-03,"8,590.00","8,590.00","8,590.00","8,590.00",-,-3.37%
2020-06-04,"8,490.00","8,490.00","8,490.00","8,490.00",-,-1.16%
2020-06-05,"8,490.00","8,490.00","8,490.00","8,490.00",-,0.00%
2020-06-06,"8,490.00","8,490.00","8,490.00","8,490.00",-,0.00%
2020-06-07,"8,490.00","8,490.00","8,490.00","8,490.00",-,0.00%
2020-06-08,"8,490.00","8,490.00","8,490.00","8,490.00",-,0.00%
2020-06-09,"8,740.00","8,740.00","8,740.00","8,740.00",-,2.94%
2020-06-10,"8,740.00","8,740.00","8,740.00","8,740.00",-,0.00%
2020-06-11,"8,840.00","8,840.00","8,840.00","8,840.00",-,1.14%
2020-06-12,"8,840.00","8,840.00","8,840.00","8,840.00",-,0.00%
2020-06-13,"8,840.00","8,840.00","8,840.00","8,840.00",-,0.00%
2020-06-14,"8,840.00","8,840.00","8,840.00","8,840.00",-,0.00%
2020-06-15,"8,840.00","8,840.00","8,840.00","8,840.00",-,0.00%
2020-06-16,"8,840.00","8,840.00","8,840.00","8,840.00",-,0.00%
2020-06-17,"8,640.00","8,640.00","8,640.00","8,640.00",-,-2.26%
2020-06-18,"8,490.00","8,490.00","8,490.00","8,490.00",-,-1.74%
2020-06-19,"8,190.00","8,190.00","8,190.00","8,190.00",-,-3.53%
2020-06-20,"8,190.00","8,190.00","8,190.00","8,190.00",-,-3.53%
2020-06-21,"8,190.00","8,190.00","8,190.00","8,190.00",-,-3.53%
2020-06-22,"8,190.00","8,190.00","8,190.00","8,190.00",-,0.00%
2020-06-23,"7,990.00","7,990.00","7,990.00","7,990.00",-,-2.44%
2020-06-24,"7,990.00","7,990.00","7,990.00","7,990.00",-,0.00%
2020-06-25,"7,990.00","7,990.00","7,990.00","7,990.00",-,0.00%
2020-06-26,"7,990.00","7,990.00","7,990.00","7,990.00",-,0.00%
2020-06-27,"7,990.00","7,990.00","7,990.00","7,990.00",-,0.00%
2020-06-28,"7,990.00","7,990.00","7,990.00","7,990.00",-,0.00%
2020-06-29,"7,990.00","7,990.00","7,990.00","7,990.00",-,0.00%
2020-06-30,"7,990.00","7,990.00","7,990.00","7,990.00",-,0.00%
2020-07-01,"7,990.00","7,990.00","7,990.00","7,990.00",-,0.00%
2020-07-02,"7,990.00","7,990.00","7,990.00","7,990.00",-,0.00%
2020-07-03,"7,990.00","7,990.00","7,990.00","7,990.00",-,0.00%
2020-07-04,"7,990.00","7,990.00","7,990.00","7,990.00",-,0.00%
2020-07-05,"7,990.00","7,990.00","7,990.00","7,990.00",-,0.00%
2020-07-06,"8,140.00","8,140.00","8,140.00","8,140.00",-,1.88%
2020-07-07,"8,440.00","8,440.00","8,440.00","8,440.00",-,3.69%
2020-07-08,"8,590.00","8,590.00","8,590.00","8,590.00",-,1.78%
2020-07-09,"8,740.00","8,740.00","8,740.00","8,740.00",-,1.75%
2020-07-10,"8,740.00","8,740.00","8,740.00","8,740.00",-,0.00%
2020-07-11,"8,740.00","8,740.00","8,740.00","8,740.00",-,0.00%
2020-07-12,"8,740.00","8,740.00","8,740.00","8,740.00",-,0.00%
2020-07-13,"8,740.00","8,740.00","8,740.00","8,740.00",-,0.00%
2020-07-14,"8,390.00","8,390.00","8,390.00","8,390.00",-,-4.00%
2020-07-15,"8,440.00","8,440.00","8,440.00","8,440.00",-,0.60%
2020-07-16,"8,515.00","8,515.00","8,515.00","8,515.00",-,0.89%
2020-07-17,"8,690.00","8,690.00","8,690.00","8,690.00",-,2.06%
2020-07-18,"8,690.00","8,690.00","8,690.00","8,690.00",-,2.06%
2020-07-19,"8,690.00","8,690.00","8,690.00","8,690.00",-,2.06%
2020-07-20,"8,790.00","8,790.00","8,790.00","8,790.00",-,1.15%
2020-07-21,"8,890.00","8,890.00","8,890.00","8,890.00",-,1.14%
2020-07-22,"8,890.00","8,890.00","8,890.00","8,890.00",-,0.00%
2020-07-23,"8,840.00","8,840.00","8,840.00","8,840.00",-,-0.56%
2020-07-24,"8,715.00","8,715.00","8,715.00","8,715.00",-,-1.41%
2020-07-25,"8,715.00","8,715.00","8,715.00","8,715.00",-,-1.41%
2020-07-26,"8,715.00","8,715.00","8,715.00","8,715.00",-,-1.41%
2020-07-27,"8,665.00","8,665.00","8,665.00","8,665.00",-,-0.57%
2020-07-28,"8,740.00","8,740.00","8,740.00","8,740.00",-,0.87%
2020-07-29,"8,840.00","8,840.00","8,840.00","8,840.00",-,1.14%
2020-07-30,"8,915.00","8,915.00","8,915.00","8,915.00",-,0.85%
2020-07-31,"8,890.00","8,890.00","8,890.00","8,890.00",-,-0.28%
2020-08-01,"8,890.00","8,890.00","8,890.00","8,890.00",-,-0.28%
2020-08-02,"8,890.00","8,890.00","8,890.00","8,890.00",-,-0.28%
2020-08-03,"8,890.00","8,890.00","8,890.00","8,890.00",-,0.00%
2020-08-04,"8,890.00","8,890.00","8,890.00","8,890.00",-,0.00%
2020-08-05,"8,940.00","8,940.00","8,940.00","8,940.00",-,0.56%
2020-08-06,"9,190.00","9,190.00","9,190.00","9,190.00",-,2.80%
2020-08-07,"9,740.00","9,740.00","9,740.00","9,740.00",-,5.98%
2020-08-08,"9,740.00","9,740.00","9,740.00","9,740.00",-,5.98%
2020-08-09,"9,740.00","9,740.00","9,740.00","9,740.00",-,5.98%
2020-08-10,"10,190.00","10,190.00","10,190.00","10,190.00",-,4.62%
2020-08-11,"10,965.00","10,965.00","10,965.00","10,965.00",-,7.61%
2020-08-12,"10,965.00","10,965.00","10,965.00","10,965.00",-,0.00%
2020-08-13,"10,965.00","10,965.00","10,965.00","10,965.00",-,0.00%
2020-08-14,"11,190.00","11,190.00","11,190.00","11,190.00",-,2.05%
2020-08-15,"11,190.00","11,190.00","11,190.00","11,190.00",-,2.05%
2020-08-16,"11,190.00","11,190.00","11,190.00","11,190.00",-,2.05%
2020-08-17,"11,440.00","11,440.00","11,440.00","11,440.00",-,2.23%
2020-08-18,"11,990.00","11,990.00","11,990.00","11,990.00",-,4.81%
2020-08-19,"12,190.00","12,190.00","12,190.00","12,190.00",-,1.67%
2020-08-20,"12,490.00","12,490.00","12,490.00","12,490.00",-,2.46%
2020-08-21,"12,490.00","12,490.00","12,490.00","12,490.00",-,0.00%
2020-08-22,"12,490.00","12,490.00","12,490.00","12,490.00",-,0.00%
2020-08-23,"12,490.00","12,490.00","12,490.00","12,490.00",-,0.00%
2020-08-24,"12,490.00","12,490.00","12,490.00","12,490.00",-,0.00%
2020-08-25,"12,390.00","12,390.00","12,390.00","12,390.00",-,-0.80%
2020-08-26,"12,290.00","12,290.00","12,290.00","12,290.00",-,-0.81%
2020-08-27,"12,190.00","12,190.00","12,190.00","12,190.00",-,-0.81%
2020-08-28,"12,190.00","12,190.00","12,190.00","12,190.00",-,0.00%
2020-08-29,"12,190.00","12,190.00","12,190.00","12,190.00",-,0.00%
2020-08-30,"12,190.00","12,190.00","12,190.00","12,190.00",-,0.00%
2020-08-31,"12,190.00","12,190.00","12,190.00","12,190.00",-,0.00%
2020-09-01,"12,190.00","12,190.00","12,190.00","12,190.00",-,0.00%
2020-09-02,"12,390.00","12,390.00","12,390.00","12,390.00",-,1.64%
2020-09-03,"12,990.00","12,990.00","12,990.00","12,990.00",-,4.84%
2020-09-04,"13,290.00","13,290.00","13,290.00","13,290.00",-,2.31%
2020-09-05,"13,290.00","13,290.00","13,290.00","13,290.00",-,2.31%
2020-09-06,"13,290.00","13,290.00","13,290.00","13,290.00",-,2.31%
2020-09-07,"13,290.00","13,290.00","13,290.00","13,290.00",-,0.00%
2020-09-08,"13,290.00","13,290.00","13,290.00","13,290.00",-,0.00%
2020-09-09,"13,290.00","13,290.00","13,290.00","13,290.00",-,0.00%
2020-09-10,"13,290.00","13,290.00","13,290.00","13,290.00",-,0.00%
2020-09-11,"13,290.00","13,290.00","13,290.00","13,290.00",-,0.00%
2020-09-12,"13,290.00","13,290.00","13,290.00","13,290.00",-,0.00%
2020-09-13,"13,290.00","13,290.00","13,290.00","13,290.00",-,0.00%
2020-09-14,"13,690.00","13,690.00","13,690.00","13,690.00",-,3.01%
2020-09-15,"14,390.00","14,390.00","14,390.00","14,390.00",-,5.11%
2020-09-16,"14,490.00","14,490.00","14,490.00","14,490.00",-,0.69%
2020-09-17,"14,490.00","14,490.00","14,490.00","14,490.00",-,0.00%
2020-09-18,"14,290.00","14,290.00","14,290.00","14,290.00",-,-1.38%
2020-09-19,"14,290.00","14,290.00","14,290.00","14,290.00",-,-1.38%
2020-09-20,"14,290.00","14,290.00","14,290.00","14,290.00",-,-1.38%
2020-09-21,"14,190.00","14,190.00","14,190.00","14,190.00",-,-0.70%
2020-09-22,"14,190.00","14,190.00","14,190.00","14,190.00",-,0.00%
2020-09-23,"13,990.00","13,990.00","13,990.00","13,990.00",-,-1.41%
2020-09-24,"13,890.00","13,890.00","13,890.00","13,890.00",-,-0.71%
2020-09-25,"13,740.00","13,740.00","13,740.00","13,740.00",-,-1.08%
2020-09-26,"13,740.00","13,740.00","13,740.00","13,740.00",-,-1.08%
2020-09-27,"13,740.00","13,740.00","13,740.00","13,740.00",-,-1.08%
2020-09-28,"13,690.00","13,690.00","13,690.00","13,690.00",-,-0.36%
2020-09-29,"13,690.00","13,690.00","13,690.00","13,690.00",-,0.00%
2020-09-30,"13,890.00","13,890.00","13,890.00","13,890.00",-,1.46%
2020-10-01,"13,990.00","13,990.00","13,990.00","13,990.00",-,0.72%
2020-10-02,"13,990.00","13,990.00","13,990.00","13,990.00",-,0.00%
2020-10-03,"13,990.00","13,990.00","13,990.00","13,990.00",-,0.00%
2020-10-04,"13,990.00","13,990.00","13,990.00","13,990.00",-,0.00%
2020-10-05,"13,990.00","13,990.00","13,990.00","13,990.00",-,0.00%
2020-10-06,"13,790.00","13,790.00","13,790.00","13,790.00",-,-1.43%
2020-10-07,"13,590.00","13,590.00","13,590.00","13,590.00",-,-1.45%
2020-10-08,"13,390.00","13,390.00","13,390.00","13,390.00",-,-1.47%
2020-10-09,"13,090.00","13,090.00","13,090.00","13,090.00",-,-2.24%
2020-10-10,"13,090.00","13,090.00","13,090.00","13,090.00",-,-2.24%
2020-10-11,"13,090.00","13,090.00","13,090.00","13,090.00",-,-2.24%
2020-10-12,"13,490.00","13,490.00","13,490.00","13,490.00",-,3.06%
2020-10-13,"13,890.00","13,890.00","13,890.00","13,890.00",-,2.97%
2020-10-14,"13,890.00","13,890.00","13,890.00","13,890.00",-,0.00%
2020-10-15,"13,890.00","13,890.00","13,890.00","13,890.00",-,0.00%
2020-10-16,"13,840.00","13,840.00","13,840.00","13,840.00",-,-0.36%
2020-10-17,"13,840.00","13,840.00","13,840.00","13,840.00",-,-0.36%
2020-10-18,"13,840.00","13,840.00","13,840.00","13,840.00",-,-0.36%
2020-10-19,"13,790.00","13,790.00","13,790.00","13,790.00",-,-0.36%
2020-10-20,"13,990.00","13,990.00","13,990.00","13,990.00",-,1.45%
2020-10-21,"14,640.00","14,640.00","14,640.00","14,640.00",-,4.65%
2020-10-22,"14,690.00","14,690.00","14,690.00","14,690.00",-,0.34%
2020-10-23,"14,640.00","14,640.00","14,640.00","14,640.00",-,-0.34%
2020-10-24,"14,640.00","14,640.00","14,640.00","14,640.00",-,-0.34%
2020-10-25,"14,640.00","14,640.00","14,640.00","14,640.00",-,-0.34%
2020-10-26,"14,540.00","14,540.00","14,540.00","14,540.00",-,-0.68%
2020-10-27,"14,390.00","14,390.00","14,390.00","14,390.00",-,-1.03%
2020-10-28,"14,390.00","14,390.00","14,390.00","14,390.00",-,0.00%
2020-10-29,"13,890.00","13,890.00","13,890.00","13,890.00",-,-3.47%
2020-10-30,"13,490.00","13,490.00","13,490.00","13,490.00",-,-2.88%
2020-10-31,"13,490.00","13,490.00","13,490.00","13,490.00",-,-2.88%
2020-11-01,"13,490.00","13,490.00","13,490.00","13,490.00",-,-2.88%
2020-11-02,"13,390.00","13,390.00","13,390.00","13,390.00",-,-0.74%
2020-11-03,"13,690.00","13,690.00","13,690.00","13,690.00",-,2.24%
2020-11-04,"13,990.00","13,990.00","13,990.00","13,990.00",-,2.19%
2020-11-05,"13,990.00","13,990.00","13,990.00","13,990.00",-,0.00%
2020-11-06,"14,590.00","14,590.00","14,590.00","14,590.00",-,4.29%
2020-11-07,"14,590.00","14,590.00","14,590.00","14,590.00",-,4.29%
2020-11-08,"14,590.00","14,590.00","14,590.00","14,590.00",-,4.29%
2020-11-09,"14,690.00","14,690.00","14,690.00","14,690.00",-,0.69%
2020-11-10,"14,990.00","14,990.00","14,990.00","14,990.00",-,2.04%
2020-11-11,"14,990.00","14,990.00","14,990.00","14,990.00",-,0.00%
2020-11-12,"14,890.00","14,890.00","14,890.00","14,890.00",-,-0.67%
2020-11-13,"14,690.00","14,690.00","14,690.00","14,690.00",-,-1.34%
2020-11-14,"14,690.00","14,690.00","14,690.00","14,690.00",-,-1.34%
2020-11-15,"14,690.00","14,690.00","14,690.00","14,690.00",-,-1.34%
2020-11-16,"14,690.00","14,690.00","14,690.00","14,690.00",-,0.00%
2020-11-17,"14,790.00","14,790.00","14,790.00","14,790.00",-,0.68%
2020-11-18,"15,090.00","15,090.00","15,090.00","15,090.00",-,2.03%
2020-11-19,"15,440.00","15,440.00","15,440.00","15,440.00",-,2.32%
2020-11-20,"15,890.00","15,890.00","15,890.00","15,890.00",-,2.91%
2020-11-21,"15,890.00","15,890.00","15,890.00","15,890.00",-,2.91%
2020-11-22,"15,890.00","15,890.00","15,890.00","15,890.00",-,2.91%
2020-11-23,"16,090.00","16,090.00","16,090.00","16,090.00",-,1.26%
2020-11-24,"16,090.00","16,090.00","16,090.00","16,090.00",-,0.00%
2020-11-25,"16,090.00","16,090.00","16,090.00","16,090.00",-,0.00%
2020-11-26,"16,090.00","16,090.00","16,090.00","16,090.00",-,0.00%
2020-11-27,"16,090.00","16,090.00","16,090.00","16,090.00",-,0.00%
2020-11-28,"16,090.00","16,090.00","16,090.00","16,090.00",-,0.00%
2020-11-29,"16,090.00","16,090.00","16,090.00","16,090.00",-,0.00%
2020-11-30,"16,090.00","16,090.00","16,090.00","16,090.00",-,0.00%
2020-12-01,"16,090.00","16,090.00","16,090.00","16,090.00",-,0.00%
2020-12-02,"16,090.00","16,090.00","16,090.00","16,090.00",-,0.00%
2020-12-03,"16,090.00","16,090.00","16,090.00","16,090.00",-,0.00%
2020-12-04,"16,190.00","16,190.00","16,190.00","16,190.00",-,0.62%
2020-12-05,"16,190.00","16,190.00","16,190.00","16,190.00",-,0.62%
2020-12-06,"16,190.00","16,190.00","16,190.00","16,190.00",-,0.62%
2020-12-07,"16,190.00","16,190.00","16,190.00","16,190.00",-,0.00%
2020-12-08,"16,190.00","16,190.00","16,190.00","16,190.00",-,0.00%
2020-12-09,"16,240.00","16,240.00","16,240.00","16,240.00",-,0.31%
2020-12-10,"16,240.00","16,240.00","16,240.00","16,240.00",-,0.00%
2020-12-11,"16,290.00","16,290.00","16,290.00","16,290.00",-,0.31%
2020-12-12,"16,290.00","16,290.00","16,290.00","16,290.00",-,0.31%
2020-12-13,"16,290.00","16,290.00","16,290.00","16,290.00",-,0.31%
2020-12-14,"16,340.00","16,340.00","16,340.00","16,340.00",-,0.31%
2020-12-15,"16,390.00","16,390.00","16,390.00","16,390.00",-,0.31%
2020-12-16,"16,390.00","16,390.00","16,390.00","16,390.00",-,0.00%
2020-12-17,"16,490.00","16,490.00","16,490.00","16,490.00",-,0.61%
2020-12-18,"16,540.00","16,540.00","16,540.00","16,540.00",-,0.30%
2020-12-19,"16,540.00","16,540.00","16,540.00","16,540.00",-,0.30%
2020-12-20,"16,540.00","16,540.00","16,540.00","16,540.00",-,0.30%
2020-12-21,"16,640.00","16,640.00","16,640.00","16,640.00",-,0.60%
2020-12-22,"16,640.00","16,640.00","16,640.00","16,640.00",-,0.00%
2020-12-23,"16,640.00","16,640.00","16,640.00","16,640.00",-,0.00%
2020-12-24,"16,640.00","16,640.00","16,640.00","16,640.00",-,0.00%
2020-12-25,"16,640.00","16,640.00","16,640.00","16,640.00",-,0.00%
2020-12-26,"16,640.00","16,640.00","16,640.00","16,640.00",-,0.00%
2020-12-27,"16,640.00","16,640.00","16,640.00","16,640.00",-,0.00%
2020-12-28,"16,640.00","16,640.00","16,640.00","16,640.00",-,0.00%
2020-12-29,"16,640.00","16,640.00","16,640.00","16,640.00",-,0.00%
2020-12-30,"16,790.00","16,790.00","16,790.00","16,790.00",-,0.90%
2020-12-31,"16,990.00","16,990.00","16,990.00","16,990.00",-,1.19%
2021-01-01,"16,990.00","16,990.00","16,990.00","16,990.00",-,1.19%
2021-01-02,"16,990.00","16,990.00","16,990.00","16,990.00",-,1.19%
2021-01-03,"16,990.00","16,990.00","16,990.00","16,990.00",-,1.19%
2021-01-04,"17,290.00","17,290.00","17,290.00","17,290.00",-,1.77%
2021-01-05,"17,790.00","17,790.00","17,790.00","17,790.00",-,2.89%
2021-01-06,"18,490.00","18,490.00","18,490.00","18,490.00",-,3.93%
2021-01-07,"18,690.00","18,690.00","18,690.00","18,690.00",-,1.08%
2021-01-08,"18,840.00","18,840.00","18,840.00","18,840.00",-,0.80%
2021-01-09,"18,840.00","18,840.00","18,840.00","18,840.00",-,0.80%
2021-01-10,"18,840.00","18,840.00","18,840.00","18,840.00",-,0.80%
2021-01-11,"18,940.00","18,940.00","18,940.00","18,940.00",-,0.53%
2021-01-12,"19,190.00","19,190.00","19,190.00","19,190.00",-,1.32%
2021-01-13,"20,190.00","20,190.00","20,190.00","20,190.00",-,5.21%
2021-01-14,"20,590.00","20,590.00","20,590.00","20,590.00",-,1.98%
2021-01-15,"21,190.00","21,190.00","21,190.00","21,190.00",-,2.91%
2021-01-16,"21,190.00","21,190.00","21,190.00","21,190.00",-,2.91%
2021-01-17,"21,190.00","21,190.00","21,190.00","21,190.00",-,2.91%
2021-01-18,"21,590.00","21,590.00","21,590.00","21,590.00",-,1.89%
2021-01-19,"21,790.00","21,790.00","21,790.00","21,790.00",-,0.93%
2021-01-20,"21,890.00","21,890.00","21,890.00","21,890.00",-,0.46%
2021-01-21,"21,490.00","21,490.00","21,490.00","21,490.00",-,-1.83%
2021-01-22,"20,490.00","20,490.00","20,490.00","20,490.00",-,-4.65%
2021-01-23,"20,490.00","20,490.00","20,490.00","20,490.00",-,-4.65%
2021-01-24,"20,490.00","20,490.00","20,490.00","20,490.00",-,-4.65%
2021-01-25,"19,990.00","19,990.00","19,990.00","19,990.00",-,-2.44%
2021-01-26,"19,490.00","19,490.00","19,490.00","19,490.00",-,-2.50%
2021-01-27,"18,990.00","18,990.00","18,990.00","18,990.00",-,-2.57%
2021-01-28,"18,990.00","18,990.00","18,990.00","18,990.00",-,0.00%
2021-01-29,"19,290.00","19,290.00","19,290.00","19,290.00",-,1.58%
2021-01-30,"19,290.00","19,290.00","19,290.00","19,290.00",-,1.58%
2021-01-31,"19,290.00","19,290.00","19,290.00","19,290.00",-,1.58%
2021-02-01,"19,990.00","19,990.00","19,990.00","19,990.00",-,3.63%
2021-02-02,"20,290.00","20,290.00","20,290.00","20,290.00",-,1.50%
2021-02-03,"20,790.00","20,790.00","20,790.00","20,790.00",-,2.46%
2021-02-04,"21,490.00","21,490.00","21,490.00","21,490.00",-,3.37%
2021-02-05,"21,790.00","21,790.00","21,790.00","21,790.00",-,1.40%
2021-02-06,"21,790.00","21,790.00","21,790.00","21,790.00",-,1.40%
2021-02-07,"21,790.00","21,790.00","21,790.00","21,790.00",-,1.40%
2021-02-08,"21,790.00","21,790.00","21,790.00","21,790.00",-,0.00%
2021-02-09,"21,790.00","21,790.00","21,790.00","21,790.00",-,0.00%
2021-02-10,"21,490.00","21,490.00","21,490.00","21,490.00",-,-1.38%
2021-02-11,"21,390.00","21,390.00","21,390.00","21,390.00",-,-0.47%
2021-02-12,"21,790.00","21,790.00","21,790.00","21,790.00",-,1.87%
2021-02-13,"21,790.00","21,790.00","21,790.00","21,790.00",-,1.87%
2021-02-14,"21,790.00","21,790.00","21,790.00","21,790.00",-,1.87%
2021-02-15,"21,890.00","21,890.00","21,890.00","21,890.00",-,0.46%
2021-02-16,"22,290.00","22,290.00","22,290.00","22,290.00",-,1.83%
2021-02-17,"22,590.00","22,590.00","22,590.00","22,590.00",-,1.35%
2021-02-18,"22,890.00","22,890.00","22,890.00","22,890.00",-,1.33%
2021-02-19,"23,390.00","23,390.00","23,390.00","23,390.00",-,2.18%
2021-02-20,"23,390.00","23,390.00","23,390.00","23,390.00",-,2.18%
2021-02-21,"23,390.00","23,390.00","23,390.00","23,390.00",-,2.18%
2021-02-22,"23,790.00","23,790.00","23,790.00","23,790.00",-,1.71%
2021-02-23,"23,890.00","23,890.00","23,890.00","23,890.00",-,0.42%
2021-02-24,"24,490.00","24,490.00","24,490.00","24,490.00",-,2.51%
2021-02-25,"25,440.00","25,440.00","25,440.00","25,440.00",-,3.88%
2021-02-26,"26,590.00","26,590.00","26,590.00","26,590.00",-,4.52%
2021-02-27,"26,590.00","26,590.00","26,590.00","26,590.00",-,4.52%
2021-02-28,"26,590.00","26,590.00","26,590.00","26,590.00",-,4.52%
2021-03-01,"27,390.00","27,390.00","27,390.00","27,390.00",-,3.01%
2021-03-02,"27,890.00","27,890.00","27,890.00","27,890.00",-,1.83%
2021-03-03,"28,440.00","28,440.00","28,440.00","28,440.00",-,1.97%
2021-03-04,"29,190.00","29,190.00","29,190.00","29,190.00",-,2.64%
2021-03-05,"29,190.00","29,190.00","29,190.00","29,190.00",-,0.00%
2021-03-06,"29,190.00","29,190.00","29,190.00","29,190.00",-,0.00%
2021-03-07,"29,190.00","29,190.00","29,190.00","29,190.00",-,0.00%
2021-03-08,"28,990.00","28,990.00","28,990.00","28,990.00",-,-0.69%
2021-03-09,"28,490.00","28,490.00","28,490.00","28,490.00",-,-1.72%
2021-03-10,"27,490.00","27,490.00","27,490.00","27,490.00",-,-3.51%
2021-03-11,"25,690.00","25,690.00","25,690.00","25,690.00",-,-6.55%
2021-03-12,"24,890.00","24,890.00","24,890.00","24,890.00",-,-3.11%
2021-03-13,"24,890.00","24,890.00","24,890.00","24,890.00",-,-3.11%
2021-03-14,"24,890.00","24,890.00","24,890.00","24,890.00",-,-3.11%
2021-03-15,"24,490.00","24,490.00","24,490.00","24,490.00",-,-1.61%
2021-03-16,"24,590.00","24,590.00","24,590.00","24,590.00",-,0.41%
2021-03-17,"25,490.00","25,490.00","25,490.00","25,490.00",-,3.66%
2021-03-18,"27,590.00","27,590.00","27,590.00","27,590.00",-,8.24%
2021-03-19,"29,190.00","29,190.00","29,190.00","29,190.00",-,5.80%
2021-03-20,"29,190.00","29,190.00","29,190.00","29,190.00",-,5.80%
2021-03-21,"29,190.00","29,190.00","29,190.00","29,190.00",-,5.80%
2021-03-22,"29,590.00","29,590.00","29,590.00","29,590.00",-,1.37%
2021-03-23,"29,790.00","29,790.00","29,790.00","29,790.00",-,0.68%
2021-03-24,"28,890.00","28,890.00","28,890.00","28,890.00",-,-3.02%
2021-03-25,"27,990.00","27,990.00","27,990.00","27,990.00",-,-3.12%
2021-03-26,"27,490.00","27,490.00","27,490.00","27,490.00",-,-1.79%
2021-03-27,"27,490.00","27,490.00","27,490.00","27,490.00",-,-1.79%
2021-03-28,"27,490.00","27,490.00","27,490.00","27,490.00",-,-1.79%
2021-03-29,"26,490.00","26,490.00","26,490.00","26,490.00",-,-3.64%
2021-03-30,"26,240.00","26,240.00","26,240.00","26,240.00",-,-0.94%
2021-03-31,"26,190.00","26,190.00","26,190.00","26,190.00",-,-0.19%
2021-04-01,"26,690.00","26,690.00","26,690.00","26,690.00",-,1.91%
2021-04-02,"26,690.00","26,690.00","26,690.00","26,690.00",-,1.91%
2021-04-03,"26,690.00","26,690.00","26,690.00","26,690.00",-,1.91%
2021-04-04,"26,690.00","26,690.00","26,690.00","26,690.00",-,1.91%
2021-04-05,"26,690.00","26,690.00","26,690.00","26,690.00",-,1.91%
2021-04-06,"28,490.00","28,490.00","28,490.00","28,490.00",-,6.74%
2021-04-07,"28,990.00","28,990.00","28,990.00","28,990.00",-,1.76%
2021-04-08,"29,090.00","29,090.00","29,090.00","29,090.00",-,0.34%
2021-04-09,"28,890.00","28,890.00","28,890.00","28,890.00",-,-0.69%
2021-04-10,"28,890.00","28,890.00","28,890.00","28,890.00",-,-0.69%
2021-04-11,"28,890.00","28,890.00","28,890.00","28,890.00",-,-0.69%
2021-04-12,"28,390.00","28,390.00","28,390.00","28,390.00",-,-1.73%
2021-04-13,"28,090.00","28,090.00","28,090.00","28,090.00",-,-1.06%
2021-04-14,"28,090.00","28,090.00","28,090.00","28,090.00",-,0.00%
2021-04-15,"28,590.00","28,590.00","28,590.00","28,590.00",-,1.78%
2021-04-16,"28,990.00","28,990.00","28,990.00","28,990.00",-,1.40%
2021-04-17,"28,990.00","28,990.00","28,990.00","28,990.00",-,1.40%
2021-04-18,"28,990.00","28,990.00","28,990.00","28,990.00",-,1.40%
2021-04-19,"29,490.00","29,490.00","29,490.00","29,490.00",-,1.72%
2021-04-20,"29,490.00","29,490.00","29,490.00","29,490.00",-,0.00%
2021-04-21,"29,190.00","29,190.00","29,190.00","29,190.00",-,-1.02%
2021-04-22,"28,790.00","28,790.00","28,790.00","28,790.00",-,-1.37%
2021-04-23,"28,790.00","28,790.00","28,790.00","28,790.00",-,0.00%
2021-04-24,"28,790.00","28,790.00","28,790.00","28,790.00",-,0.00%
2021-04-25,"28,790.00","28,790.00","28,790.00","28,790.00",-,0.00%
2021-04-26,"28,790.00","28,790.00","28,790.00","28,790.00",-,0.00%
2021-04-27,"28,590.00","28,590.00","28,590.00","28,590.00",-,-0.69%
2021-04-28,"28,990.00","28,990.00","28,990.00","28,990.00",-,1.40%
2021-04-29,"29,390.00","29,390.00","29,390.00","29,390.00",-,1.38%
2021-04-30,"29,490.00","29,490.00","29,490.00","29,490.00",-,0.34%
2021-05-01,"29,490.00","29,490.00","29,490.00","29,490.00",-,0.34%
2021-05-02,"29,490.00","29,490.00","29,490.00","29,490.00",-,0.34%
2021-05-03,"29,490.00","29,490.00","29,490.00","29,490.00",-,0.34%
2021-05-04,"29,490.00","29,490.00","29,490.00","29,490.00",-,0.00%
2021-05-05,"29,290.00","29,290.00","29,290.00","29,290.00",-,-0.68%
2021-05-06,"29,290.00","29,290.00","29,290.00","29,290.00",-,0.00%
2021-05-07,"28,690.00","28,690.00","28,690.00","28,690.00",-,-2.05%
2021-05-08,"28,690.00","28,690.00","28,690.00","28,690.00",-,-2.05%
2021-05-09,"28,690.00","28,690.00","28,690.00","28,690.00",-,-2.05%
2021-05-10,"28,090.00","28,090.00","28,090.00","28,090.00",-,-2.09%
2021-05-11,"27,690.00","27,690.00","27,690.00","27,690.00",-,-1.42%
2021-05-12,"27,990.00","27,990.00","27,990.00","27,990.00",-,1.08%
2021-05-13,"28,390.00","28,390.00","28,390.00","28,390.00",-,1.43%
2021-05-14,"28,390.00","28,390.00","28,390.00","28,390.00",-,0.00%
2021-05-15,"28,390.00","28,390.00","28,390.00","28,390.00",-,0.00%
2021-05-16,"28,390.00","28,390.00","28,390.00","28,390.00",-,0.00%
2021-05-17,"28,390.00","28,390.00","28,390.00","28,390.00",-,0.00%
2021-05-18,"28,190.00","28,190.00","28,190.00","28,190.00",-,-0.70%
2021-05-19,"28,190.00","28,190.00","28,190.00","28,190.00",-,0.00%
2021-05-20,"27,990.00","27,990.00","27,990.00","27,990.00",-,-0.71%
2021-05-21,"27,590.00","27,590.00","27,590.00","27,590.00",-,-1.43%
2021-05-22,"27,590.00","27,590.00","27,590.00","27,590.00",-,-1.43%
2021-05-23,"27,590.00","27,590.00","27,590.00","27,590.00",-,-1.43%
2021-05-24,"26,740.00","26,740.00","26,740.00","26,740.00",-,-3.08%
2021-05-25,"23,990.00","23,990.00","23,990.00","23,990.00",-,-10.28%
2021-05-26,"21,990.00","21,990.00","21,990.00","21,990.00",-,-8.34%
2021-05-27,"22,740.00","22,740.00","22,740.00","22,740.00",-,3.41%
2021-05-28,"25,290.00","25,290.00","25,290.00","25,290.00",-,11.21%
2021-05-29,"25,290.00","25,290.00","25,290.00","25,290.00",-,11.21%
2021-05-30,"25,290.00","25,290.00","25,290.00","25,290.00",-,11.21%
2021-05-31,"25,290.00","25,290.00","25,290.00","25,290.00",-,11.21%
2021-06-01,"25,490.00","25,490.00","25,490.00","25,490.00",-,0.79%
2021-06-02,"25,090.00","25,090.00","25,090.00","25,090.00",-,-1.57%
2021-06-03,"24,090.00","24,090.00","24,090.00","24,090.00",-,-3.99%
2021-06-04,"22,990.00","22,990.00","22,990.00","22,990.00",-,-4.57%
2021-06-05,"22,990.00","22,990.00","22,990.00","22,990.00",-,-4.57%
2021-06-06,"22,990.00","22,990.00","22,990.00","22,990.00",-,-4.57%
2021-06-07,"22,490.00","22,490.00","22,490.00","22,490.00",-,-2.17%
2021-06-08,"21,990.00","21,990.00","21,990.00","21,990.00",-,-2.22%
2021-06-09,"21,390.00","21,390.00","21,390.00","21,390.00",-,-2.73%
2021-06-10,"21,490.00","21,490.00","21,490.00","21,490.00",-,0.47%
2021-06-11,"22,290.00","22,290.00","22,290.00","22,290.00",-,3.72%
2021-06-12,"22,290.00","22,290.00","22,290.00","22,290.00",-,3.72%
2021-06-13,"22,290.00","22,290.00","22,290.00","22,290.00",-,3.72%
2021-06-14,"22,490.00","22,490.00","22,490.00","22,490.00",-,0.90%
2021-06-15,"22,790.00","22,790.00","22,790.00","22,790.00",-,1.33%
2021-06-16,"22,990.00","22,990.00","22,990.00","22,990.00",-,0.88%
2021-06-17,"22,490.00","22,490.00","22,490.00","22,490.00",-,-2.17%
2021-06-18,"21,740.00","21,740.00","21,740.00","21,740.00",-,-3.33%
2021-06-19,"21,740.00","21,740.00","21,740.00","21,740.00",-,-3.33%
2021-06-20,"21,740.00","21,740.00","21,740.00","21,740.00",-,-3.33%
2021-06-21,"20,890.00","20,890.00","20,890.00","20,890.00",-,-3.91%
2021-06-22,"19,990.00","19,990.00","19,990.00","19,990.00",-,-4.31%
2021-06-23,"19,490.00","19,490.00","19,490.00","19,490.00",-,-2.50%
2021-06-24,"19,240.00","19,240.00","19,240.00","19,240.00",-,-1.28%
2021-06-25,"19,240.00","19,240.00","19,240.00","19,240.00",-,0.00%
2021-06-26,"19,240.00","19,240.00","19,240.00","19,240.00",-,0.00%
2021-06-27,"19,240.00","19,240.00","19,240.00","19,240.00",-,0.00%
2021-06-28,"19,490.00","19,490.00","19,490.00","19,490.00",-,1.30%
2021-06-29,"20,090.00","20,090.00","20,090.00","20,090.00",-,3.08%
2021-06-30,"20,090.00","20,090.00","20,090.00","20,090.00",-,0.00%
2021-07-01,"19,890.00","19,890.00","19,890.00","19,890.00",-,-1.00%
2021-07-02,"18,990.00","18,990.00","18,990.00","18,990.00",-,-4.52%
2021-07-03,"18,990.00","18,990.00","18,990.00","18,990.00",-,-4.52%
2021-07-04,"18,990.00","18,990.00","18,990.00","18,990.00",-,-4.52%
2021-07-05,"18,990.00","18,990.00","18,990.00","18,990.00",-,0.00%
2021-07-06,"18,890.00","18,890.00","18,890.00","18,890.00",-,-0.53%
2021-07-07,"18,690.00","18,690.00","18,690.00","18,690.00",-,-1.06%
2021-07-08,"17,990.00","17,990.00","17,990.00","17,990.00",-,-3.75%
2021-07-09,"17,490.00","17,490.00","17,490.00","17,490.00",-,-2.78%
2021-07-10,"17,490.00","17,490.00","17,490.00","17,490.00",-,-2.78%
2021-07-11,"17,490.00","17,490.00","17,490.00","17,490.00",-,-2.78%
2021-07-12,"17,890.00","17,890.00","17,890.00","17,890.00",-,2.29%
2021-07-13,"19,290.00","19,290.00","19,290.00","19,290.00",-,7.83%
2021-07-14,"19,690.00","19,690.00","19,690.00","19,690.00",-,2.07%
2021-07-15,"19,690.00","19,690.00","19,690.00","19,690.00",-,0.00%
2021-07-16,"19,690.00","19,690.00","19,690.00","19,690.00",-,0.00%
2021-07-17,"19,690.00","19,690.00","19,690.00","19,690.00",-,0.00%
2021-07-18,"19,690.00","19,690.00","19,690.00","19,690.00",-,0.00%
2021-07-19,"19,090.00","19,090.00","19,090.00","19,090.00",-,-3.05%
2021-07-20,"18,690.00","18,690.00","18,690.00","18,690.00",-,-2.10%
2021-07-21,"18,690.00","18,690.00","18,690.00","18,690.00",-,0.00%
2021-07-22,"18,690.00","18,690.00","18,690.00","18,690.00",-,0.00%
2021-07-23,"18,390.00","18,390.00","18,390.00","18,390.00",-,-1.61%
2021-07-24,"18,390.00","18,390.00","18,390.00","18,390.00",-,-1.61%
2021-07-25,"18,390.00","18,390.00","18,390.00","18,390.00",-,-1.61%
2021-07-26,"18,390.00","18,390.00","18,390.00","18,390.00",-,0.00%
2021-07-27,"18,390.00","18,390.00","18,390.00","18,390.00",-,0.00%
2021-07-28,"18,390.00","18,390.00","18,390.00","18,390.00",-,0.00%
2021-07-29,"18,390.00","18,390.00","18,390.00","18,390.00",-,0.00%
2021-07-30,"18,390.00","18,390.00","18,390.00","18,390.00",-,0.00%
2021-07-31,"18,390.00","18,390.00","18,390.00","18,390.00",-,0.00%
2021-08-01,"18,390.00","18,390.00","18,390.00","18,390.00",-,0.00%
2021-08-02,"18,490.00","18,490.00","18,490.00","18,490.00",-,0.54%
2021-08-03,"18,890.00","18,890.00","18,890.00","18,890.00",-,2.16%
2021-08-04,"18,990.00","18,990.00","18,990.00","18,990.00",-,0.53%
2021-08-05,"18,990.00","18,990.00","18,990.00","18,990.00",-,0.00%
2021-08-06,"18,990.00","18,990.00","18,990.00","18,990.00",-,0.00%
2021-08-07,"18,990.00","18,990.00","18,990.00","18,990.00",-,0.00%
2021-08-08,"18,990.00","18,990.00","18,990.00","18,990.00",-,0.00%
2021-08-09,"18,990.00","18,990.00","18,990.00","18,990.00",-,0.00%
2021-08-10,"18,990.00","18,990.00","18,990.00","18,990.00",-,0.00%
2021-08-11,"18,990.00","18,990.00","18,990.00","18,990.00",-,0.00%
2021-08-12,"18,990.00","18,990.00","18,990.00","18,990.00",-,0.00%
2021-08-13,"18,990.00","18,990.00","18,990.00","18,990.00",-,0.00%
2021-08-14,"18,990.00","18,990.00","18,990.00","18,990.00",-,0.00%
2021-08-15,"18,990.00","18,990.00","18,990.00","18,990.00",-,0.00%
2021-08-16,"18,990.00","18,990.00","18,990.00","18,990.00",-,0.00%
2021-08-17,"18,990.00","18,990.00","18,990.00","18,990.00",-,0.00%
2021-08-18,"18,990.00","18,990.00","18,990.00","18,990.00",-,0.00%
2021-08-19,"18,990.00","18,990.00","18,990.00","18,990.00",-,0.00%
2021-08-20,"18,290.00","18,290.00","18,290.00","18,290.00",-,-3.69%
2021-08-21,"18,290.00","18,290.00","18,290.00","18,290.00",-,-3.69%
2021-08-22,"18,290.00","18,290.00","18,290.00","18,290.00",-,-3.69%
2021-08-23,"17,490.00","17,490.00","17,490.00","17,490.00",-,-4.37%
2021-08-24,"16,990.00","16,990.00","16,990.00","16,990.00",-,-2.86%
2021-08-25,"17,090.00","17,090.00","17,090.00","17,090.00",-,0.59%
2021-08-26,"17,290.00","17,290.00","17,290.00","17,290.00",-,1.17%
2021-08-27,"17,390.00","17,390.00","17,390.00","17,390.00",-,0.58%
2021-08-28,"17,390.00","17,390.00","17,390.00","17,390.00",-,0.58%
2021-08-29,"17,390.00","17,390.00","17,390.00","17,390.00",-,0.58%
2021-08-30,"17,390.00","17,390.00","17,390.00","17,390.00",-,0.58%
2021-08-31,"17,590.00","17,590.00","17,590.00","17,590.00",-,1.15%
2021-09-01,"17,590.00","17,590.00","17,590.00","17,590.00",-,0.00%
2021-09-02,"17,190.00","17,190.00","17,190.00","17,190.00",-,-2.27%
2021-09-03,"16,990.00","16,990.00","16,990.00","16,990.00",-,-1.16%
2021-09-04,"16,990.00","16,990.00","16,990.00","16,990.00",-,-1.16%
2021-09-05,"16,990.00","16,990.00","16,990.00","16,990.00",-,-1.16%
2021-09-06,"16,990.00","16,990.00","16,990.00","16,990.00",-,0.00%
2021-09-07,"16,990.00","16,990.00","16,990.00","16,990.00",-,0.00%
2021-09-08,"16,840.00","16,840.00","16,840.00","16,840.00",-,-0.88%
2021-09-09,"16,240.00","16,240.00","16,240.00","16,240.00",-,-3.56%
2021-09-10,"15,690.00","15,690.00","15,690.00","15,690.00",-,-3.39%
2021-09-11,"15,690.00","15,690.00","15,690.00","15,690.00",-,-3.39%
2021-09-12,"15,690.00","15,690.00","15,690.00","15,690.00",-,-3.39%
2021-09-13,"15,240.00","15,240.00","15,240.00","15,240.00",-,-2.87%
2021-09-14,"13,590.00","13,590.00","13,590.00","13,590.00",-,-10.83%
2021-09-15,"11,490.00","11,490.00","11,490.00","11,490.00",-,-15.45%
2021-09-16,"11,240.00","11,240.00","11,240.00","11,240.00",-,-2.18%
2021-09-17,"12,340.00","12,340.00","12,340.00","12,340.00",-,9.79%
2021-09-18,"12,340.00","12,340.00","12,340.00","12,340.00",-,9.79%
2021-09-19,"12,340.00","12,340.00","12,340.00","12,340.00",-,9.79%
2021-09-20,"12,590.00","12,590.00","12,590.00","12,590.00",-,2.03%
2021-09-21,"13,140.00","13,140.00","13,140.00","13,140.00",-,4.37%
2021-09-22,"13,390.00","13,390.00","13,390.00","13,390.00",-,1.90%
2021-09-23,"13,690.00","13,690.00","13,690.00","13,690.00",-,2.24%
2021-09-24,"14,390.00","14,390.00","14,390.00","14,390.00",-,5.11%
2021-09-25,"14,390.00","14,390.00","14,390.00","14,390.00",-,5.11%
2021-09-26,"14,390.00","14,390.00","14,390.00","14,390.00",-,5.11%
2021-09-27,"14,490.00","14,490.00","14,490.00","14,490.00",-,0.69%
2021-09-28,"14,490.00","14,490.00","14,490.00","14,490.00",-,0.00%
2021-09-29,"14,290.00","14,290.00","14,290.00","14,290.00",-,-1.38%
2021-09-30,"13,690.00","13,690.00","13,690.00","13,690.00",-,-4.20%
2021-10-01,"13,390.00","13,390.00","13,390.00","13,390.00",-,-2.19%
2021-10-02,"13,390.00","13,390.00","13,390.00","13,390.00",-,-2.19%
2021-10-03,"13,390.00","13,390.00","13,390.00","13,390.00",-,-2.19%
2021-10-04,"13,390.00","13,390.00","13,390.00","13,390.00",-,0.00%
2021-10-05,"13,390.00","13,390.00","13,390.00","13,390.00",-,0.00%
2021-10-06,"13,690.00","13,690.00","13,690.00","13,690.00",-,2.24%
2021-10-07,"14,290.00","14,290.00","14,290.00","14,290.00",-,4.38%
2021-10-08,"14,290.00","14,290.00","14,290.00","14,290.00",-,0.00%
2021-10-09,"14,290.00","14,290.00","14,290.00","14,290.00",-,0.00%
2021-10-10,"14,290.00","14,290.00","14,290.00","14,290.00",-,0.00%
2021-10-11,"13,790.00","13,790.00","13,790.00","13,790.00",-,-3.50%
2021-10-12,"13,790.00","13,790.00","13,790.00","13,790.00",-,0.00%
2021-10-13,"13,790.00","13,790.00","13,790.00","13,790.00",-,0.00%
2021-10-14,"13,790.00","13,790.00","13,790.00","13,790.00",-,0.00%
2021-10-15,"14,090.00","14,090.00","14,090.00","14,090.00",-,2.18%
2021-10-16,"14,090.00","14,090.00","14,090.00","14,090.00",-,2.18%
2021-10-17,"14,090.00","14,090.00","14,090.00","14,090.00",-,2.18%
2021-10-18,"14,190.00","14,190.00","14,190.00","14,190.00",-,0.71%
2021-10-19,"13,990.00","13,990.00","13,990.00","13,990.00",-,-1.41%
2021-10-20,"13,990.00","13,990.00","13,990.00","13,990.00",-,0.00%
2021-10-21,"13,990.00","13,990.00","13,990.00","13,990.00",-,0.00%
2021-10-22,"13,990.00","13,990.00","13,990.00","13,990.00",-,0.00%
2021-10-23,"13,990.00","13,990.00","13,990.00","13,990.00",-,0.00%
2021-10-24,"13,990.00","13,990.00","13,990.00","13,990.00",-,0.00%
2021-10-25,"13,990.00","13,990.00","13,990.00","13,990.00",-,0.00%
2021-10-26,"14,090.00","14,090.00","14,090.00","14,090.00",-,0.71%
2021-10-27,"14,090.00","14,090.00","14,090.00","14,090.00",-,0.00%
2021-10-28,"14,090.00","14,090.00","14,090.00","14,090.00",-,0.00%
2021-10-29,"14,090.00","14,090.00","14,090.00","14,090.00",-,0.00%
2021-10-30,"14,090.00","14,090.00","14,090.00","14,090.00",-,0.00%
2021-10-31,"14,090.00","14,090.00","14,090.00","14,090.00",-,0.00%
2021-11-01,"14,090.00","14,090.00","14,090.00","14,090.00",-,0.00%
2021-11-02,"14,090.00","14,090.00","14,090.00","14,090.00",-,0.00%
2021-11-03,"14,090.00","14,090.00","14,090.00","14,090.00",-,0.00%
2021-11-04,"14,090.00","14,090.00","14,090.00","14,090.00",-,0.00%
2021-11-05,"14,090.00","14,090.00","14,090.00","14,090.00",-,0.00%
2021-11-06,"14,090.00","14,090.00","14,090.00","14,090.00",-,0.00%
2021-11-07,"14,090.00","14,090.00","14,090.00","14,090.00",-,0.00%
2021-11-08,"14,340.00","14,340.00","14,340.00","14,340.00",-,1.77%
2021-11-09,"14,340.00","14,340.00","14,340.00","14,340.00",-,0.00%
2021-11-10,"14,340.00","14,340.00","14,340.00","14,340.00",-,0.00%
2021-11-11,"14,340.00","14,340.00","14,340.00","14,340.00",-,0.00%
2021-11-12,"14,340.00","14,340.00","14,340.00","14,340.00",-,0.00%
2021-11-13,"14,340.00","14,340.00","14,340.00","14,340.00",-,0.00%
2021-11-14,"14,340.00","14,340.00","14,340.00","14,340.00",-,0.00%
2021-11-15,"14,340.00","14,340.00","14,340.00","14,340.00",-,0.00%
2021-11-16,"14,340.00","14,340.00","14,340.00","14,340.00",-,0.00%
2021-11-17,"14,340.00","14,340.00","14,340.00","14,340.00",-,0.00%
2021-11-18,"14,340.00","14,340.00","14,340.00","14,340.00",-,0.00%
2021-11-19,"14,340.00","14,340.00","14,340.00","14,340.00",-,0.00%
2021-11-20,"14,340.00","14,340.00","14,340.00","14,340.00",-,0.00%
2021-11-21,"14,340.00","14,340.00","14,340.00","14,340.00",-,0.00%
2021-11-22,"14,340.00","14,340.00","14,340.00","14,340.00",-,0.00%
2021-11-23,"14,190.00","14,190.00","14,190.00","14,190.00",-,-1.05%
2021-11-24,"13,840.00","13,840.00","13,840.00","13,840.00",-,-2.47%
2021-11-25,"13,740.00","13,740.00","13,740.00","13,740.00",-,-0.72%
2021-11-26,"13,690.00","13,690.00","13,690.00","13,690.00",-,-0.36%
2021-11-27,"13,690.00","13,690.00","13,690.00","13,690.00",-,-0.36%
2021-11-28,"13,690.00","13,690.00","13,690.00","13,690.00",-,-0.36%
2021-11-29,"13,690.00","13,690.00","13,690.00","13,690.00",-,0.00%
2021-11-30,"13,890.00","13,890.00","13,890.00","13,890.00",-,1.46%
2021-12-01,"13,890.00","13,890.00","13,890.00","13,890.00",-,0.00%
2021-12-02,"13,990.00","13,990.00","13,990.00","13,990.00",-,0.72%
2021-12-03,"13,990.00","13,990.00","13,990.00","13,990.00",-,0.00%
2021-12-04,"13,990.00","13,990.00","13,990.00","13,990.00",-,0.00%
2021-12-05,"13,990.00","13,990.00","13,990.00","13,990.00",-,0.00%
2021-12-06,"13,990.00","13,990.00","13,990.00","13,990.00",-,0.00%
2021-12-07,"13,990.00","13,990.00","13,990.00","13,990.00",-,0.00%
2021-12-08,"13,990.00","13,990.00","13,990.00","13,990.00",-,0.00%
2021-12-09,"13,990.00","13,990.00","13,990.00","13,990.00",-,0.00%
2021-12-10,"13,990.00","13,990.00","13,990.00","13,990.00",-,0.00%
2021-12-11,"13,990.00","13,990.00","13,990.00","13,990.00",-,0.00%
2021-12-12,"13,990.00","13,990.00","13,990.00","13,990.00",-,0.00%
2021-12-13,"13,990.00","13,990.00","13,990.00","13,990.00",-,0.00%
2021-12-14,"13,990.00","13,990.00","13,990.00","13,990.00",-,0.00%
2021-12-15,"13,990.00","13,990.00","13,990.00","13,990.00",-,0.00%
2021-12-16,"13,990.00","13,990.00","13,990.00","13,990.00",-,0.00%
2021-12-17,"13,990.00","13,990.00","13,990.00","13,990.00",-,0.00%
2021-12-18,"13,990.00","13,990.00","13,990.00","13,990.00",-,0.00%
2021-12-19,"13,990.00","13,990.00","13,990.00","13,990.00",-,0.00%
2021-12-20,"13,990.00","13,990.00","13,990.00","13,990.00",-,0.00%
2021-12-21,"13,990.00","13,990.00","13,990.00","13,990.00",-,0.00%
2021-12-22,"14,090.00","14,090.00","14,090.00","14,090.00",-,0.71%
2021-12-23,"14,090.00","14,090.00","14,090.00","14,090.00",-,0.00%
2021-12-24,"14,090.00","14,090.00","14,090.00","14,090.00",-,0.00%
2021-12-25,"14,090.00","14,090.00","14,090.00","14,090.00",-,0.00%
2021-12-26,"14,090.00","14,090.00","14,090.00","14,090.00",-,0.00%
2021-12-27,"14,090.00","14,090.00","14,090.00","14,090.00",-,0.00%
2021-12-28,"14,090.00","14,090.00","14,090.00","14,090.00",-,0.00%
2021-12-29,"14,090.00","14,090.00","14,090.00","14,090.00",-,0.00%
2021-12-30,"14,090.00","14,090.00","14,090.00","14,090.00",-,0.00%
2021-12-31,"14,090.00","14,090.00","14,090.00","14,090.00",-,0.00%
