Date,Value
2015-02-20,304964.91853
2015-02-21,333693.497812
2015-02-22,333693.497811803
2015-02-23,320255.62492
2015-02-24,362028.097736
2015-02-25,362028.097735547
2015-02-26,366669.483604
2015-02-27,313293.546117
2015-02-28,313293.5461173
2015-03-01,348103.94013
2015-03-02,357386.711867
2015-03-03,357386.711867142
2015-03-04,264558.994499
2015-03-05,366669.483604
2015-03-06,366669.483603951
2015-03-07,362028.097736
2015-03-08,311208.02387
2015-03-09,311208.023870146
2015-03-10,391367.666382
2015-03-11,313565.660415
2015-03-12,313565.660414617
2015-03-13,315923.296959
2015-03-14,346572.572037
2015-03-15,346572.572037208
2015-03-16,337142.025859
2015-03-17,332426.75277
2015-03-18,332426.752770383
2015-03-19,332426.75277
2015-03-20,337142.025859
2015-03-21,337142.025859325
2015-03-22,358360.75476
2015-03-23,387831.112209
2015-03-24,387831.112208752
2015-03-25,346028.956402
2015-03-26,399442.822155
2015-03-27,399442.822155122
2015-03-28,350673.64038
2015-03-29,329772.562477
2015-03-30,329772.562476903
2015-03-31,329772.562477
2015-04-01,341384.272423
2015-04-02,341384.272423273
2015-04-03,357640.666348
2015-04-04,371157.005412
2015-04-05,371157.005411998
2015-04-06,390820.952719
2015-04-07,292501.216186
2015-04-08,292501.216185614
2015-04-09,349035.064692
2015-04-10,336745.097625
2015-04-11,336745.097625455
2015-04-12,346577.071279
2015-04-13,388362.959305
2015-04-14,388362.959305269
2015-04-15,339203.091039
2015-04-16,329371.117385
2015-04-17,329371.117385482
2015-04-18,334287.104212
2015-04-19,408026.906612
2015-04-20,408026.906611865
2015-04-21,338442.961883
2015-04-22,326609.291887
2015-04-23,326609.291887328
2015-04-24,364477.035874
2015-04-25,352643.365878
2015-04-26,352643.365878346
2015-04-27,371577.237872
2015-04-28,305308.685895
2015-04-29,305308.685894676
2015-04-30,347909.89788
2015-05-01,347909.89788
2015-05-02,347909.897879979
2015-05-03,312624.333323
2015-05-04,364728.388877
2015-05-05,364728.388876663
2015-05-06,381306.952007
2015-05-07,350518.191907
2015-05-08,350518.191907442
2015-05-09,305519.234838
2015-05-10,352886.558069
2015-05-11,352886.558068979
2015-05-12,383675.318169
2015-05-13,331571.262615
2015-05-14,331571.262615148
2015-05-15,303150.868677
2015-05-16,419738.369702
2015-05-17,419738.369701863
2015-05-18,329967.735719
2015-05-19,344525.135825
2015-05-20,344525.13582465
2015-05-21,344525.135825
2015-05-22,291148.002105
2015-05-23,291148.002105338
2015-05-24,349377.602526
2015-05-25,327541.502369
2015-05-26,327541.502368506
2015-05-27,320262.802316
2015-05-28,380918.636088
2015-05-29,380918.636087818
2015-05-30,356656.302579
2015-05-31,332393.96907
2015-06-01,332393.969070261
2015-06-02,335928.179909
2015-06-03,335928.179909
2015-06-04,335928.179909096
2015-06-05,380876.316657
2015-06-06,395070.465104
2015-06-07,395070.465104359
2015-06-08,383242.008065
2015-06-09,373779.242434
2015-06-10,373779.242434065
2015-06-11,321734.031462
2015-06-12,373779.242434
2015-06-13,373779.242434065
2015-06-14,370533.288636
2015-06-15,303837.296682
2015-06-16,303837.296681705
2015-06-17,380414.176333
2015-06-18,397705.729803
2015-06-19,397705.729802882
2015-06-20,301367.074757
2015-06-21,365592.844788
2015-06-22,365592.844787742
2015-06-23,373003.51056
2015-06-24,395235.507879
2015-06-25,395235.50787864
2015-06-26,316188.406303
2015-06-27,363122.622864
2015-06-28,363122.622863501
2015-06-29,351177.609994
2015-06-30,356089.184959
2015-07-01,356089.184959354
2015-07-02,397837.572161
2015-07-03,380647.059784
2015-07-04,380647.059784137
2015-07-05,417483.872021
2015-07-06,363456.547407
2015-07-07,363456.547406789
2015-07-08,338898.672582
2015-07-09,383102.847267
2015-07-10,383102.847266616
2015-07-11,350384.751809
2015-07-12,368157.891394
2015-07-13,368157.891393933
2015-07-14,391009.07086
2015-07-15,345306.711928
2015-07-16,345306.711928103
2015-07-17,406243.190504
2015-07-18,363079.851513
2015-07-19,363079.851512638
2015-07-20,355462.791691
2015-07-21,373235.931275
2015-07-22,373235.931275229
2015-07-23,426555.350029
2015-07-24,397611.600337
2015-07-25,397611.600337113
2015-07-26,402809.137596
2015-07-27,369025.145411
2015-07-28,369025.145410916
2015-07-29,356031.302263
2015-07-30,361228.839522
2015-07-31,361228.839521953
2015-08-01,408006.674856
2015-08-02,382018.988559
2015-08-03,382018.988559187
2015-08-04,327444.847336
2015-08-05,363827.608152
2015-08-06,363827.608151607
2015-08-07,411296.56997
2015-08-08,353662.655707
2015-08-09,353662.65570703
2015-08-10,442733.250478
2015-08-11,322225.9752
2015-08-12,322225.975199739
2015-08-13,351042.932331
2015-08-14,351042.932331
2015-08-15,351042.932331422
2015-08-16,385099.336214
2015-08-17,377240.166087
2015-08-18,379859.889463106
2015-08-19,398197.953092
2015-08-20,406057.123219
2015-08-21,403437.399843575
2015-08-22,412658.093588
2015-08-23,369504.306023
2015-08-24,423446.540478744
2015-08-25,372201.417746
2015-08-26,418052.317033
2015-08-27,401869.646696388
2015-08-28,401869.646696
2015-08-29,445023.434261
2015-08-30,388384.088082415
2015-08-31,428840.763924
2015-09-01,409960.981865
2015-09-02,415355.205310361
2015-09-03,407263.870142
2015-09-04,430369.76945
2015-09-05,427538.389387399
2015-09-06,450189.429885
2015-09-07,385067.688455
2015-09-08,393561.828641381
2015-09-09,399224.588766
2015-09-10,478503.230506
2015-09-11,489828.750755099
2015-09-12,385067.688455
2015-09-13,396393.208704
2015-09-14,450189.429884745
2015-09-15,461514.950133
2015-09-16,421875.629263
2015-09-17,399224.588765717
2015-09-18,424738.98841
2015-09-19,389344.072709
2015-09-20,353949.157008514
2015-09-21,389344.072709
2015-09-22,471932.209345
2015-09-23,442436.446260643
2015-09-24,427688.564719
2015-09-25,477831.361961
2015-09-26,448335.598877451
2015-09-27,409991.106868
2015-09-28,510276.701354
2015-09-29,510276.701353941
2015-09-30,465548.431663
2015-10-01,377880.220506
2015-10-02,377880.220505957
2015-10-03,456479.306371
2015-10-04,447410.181079
2015-10-05,447410.181079053
2015-10-06,408110.638146
2015-10-07,414156.721675
2015-10-08,414156.721674529
2015-10-09,450433.222843
2015-10-10,453456.264607
2015-10-11,453456.264607148
2015-10-12,405087.596382
2015-10-13,459502.348135
2015-10-14,459502.348135243
2015-10-15,469115.464008
2015-10-16,396478.230872
2015-10-17,396478.230871569
2015-10-18,432796.84744
2015-10-19,502407.529196
2015-10-20,384372.025348773
2015-10-21,438849.950201
2015-10-22,475168.56677
2015-10-23,466088.912627646
2015-10-24,420690.641917
2015-10-25,469115.464008
2015-10-26,460035.809866248
2015-10-27,478195.11815
2015-10-28,411610.987775
2015-10-29,458010.013458184
2015-10-30,507524.609508
2015-10-31,470388.662471
2015-11-01,492051.298242239
2015-11-02,448726.026699
2015-11-03,488956.635989
2015-11-04,479672.649229855
2015-11-05,461104.675711
2015-11-06,423968.728674
2015-11-07,504429.947254622
2015-11-08,433252.715433
2015-11-09,454915.351205
2015-11-10,442536.702192705
2015-11-11,579380.209973
2015-11-12,477906.839865
2015-11-13,546646.864777153
2015-11-14,497546.846983
2015-11-15,474633.505345
2015-11-16,576106.875453766
2015-11-17,527006.857659
2015-11-18,458266.832747
2015-11-19,458266.832747314
2015-11-20,520460.18862
2015-11-21,582653.544493
2015-11-22,569560.206414519
2015-11-23,523733.52314
2015-11-24,549490.493162
2015-11-25,556720.631229444
2015-11-26,585641.183501
2015-11-27,538645.28606
2015-11-28,527800.078957785
2015-11-29,567565.838331
2015-11-30,542260.355094
2015-12-01,694093.254519827
2015-12-02,531415.147992
2015-12-03,520569.94089
2015-12-04,527800.078957785
2015-12-05,621791.873841
2015-12-06,621791.873841
2015-12-07,593762.303117281
2015-12-08,625219.90858
2015-12-09,695999.520873
2015-12-10,770711.333847596
2015-12-11,688135.119507
2015-12-12,656677.514044
2015-12-13,585897.901751489
2015-12-14,692067.32019
2015-12-15,758914.731799
2015-12-16,660609.714726511
2015-12-17,625219.90858
2015-12-18,629152.109263
2015-12-19,720030.586381441
2015-12-20,785065.607087
2015-12-21,715385.22776
2015-12-22,654995.565676021
2015-12-23,766484.1726
2015-12-24,692158.434651
2015-12-25,622478.055323311
2015-12-26,864036.703658
2015-12-27,905844.931254
2015-12-28,747902.738112336
2015-12-29,706094.510516
2015-12-30,803647.041574
2015-12-31,743604.444166195
2016-01-01,697129.166406
2016-01-02,707457.005908
2016-01-03,769424.042921966
2016-01-04,903685.956452
2016-01-05,841718.919438
2016-01-06,702293.086156962
2016-01-07,743604.444166
2016-01-08,903685.956452
2016-01-09,821063.240433507
2016-01-10,877866.357696
2016-01-11,877866.357696
2016-01-12,908849.876203127
2016-01-13,862135.539442
2016-01-14,743803.210499
2016-01-15,693089.355237507
2016-01-16,783247.320146
2016-01-17,783247.320146
2016-01-18,986102.741191575
2016-01-19,839596.048215
2016-01-20,822691.429794
2016-01-21,755072.956112406
2016-01-22,929754.013123
2016-01-23,1008642.23242
2016-01-24,935388.885930294
2016-01-25,974832.995578
2016-01-26,978569.915444
2016-01-27,918901.018160999
2016-01-28,883099.679791
2016-01-29,1014371.25381
2016-01-30,1056139.48191232
2016-01-31,1068073.26137
2016-02-01,1050172.59218
2016-02-02,978569.91544418
2016-02-03,1038238.81273
2016-02-04,1103874.59974
2016-02-05,1074040.15109727
2016-02-06,1139675.93811
2016-02-07,1303860.28146
2016-02-08,1153414.86436954
2016-02-09,1210727.40421
2016-02-10,1210727.40421
2016-02-11,1375500.95626678
2016-02-12,1139086.72941
2016-02-13,1096102.32453
2016-02-14,1289532.14650011
2016-02-15,1060281.98712
2016-02-16,1067446.0546
2016-02-17,1002969.44727786
2016-02-18,1289532.1465
2016-02-19,1129682.78043
2016-02-20,1284099.85113956
2016-02-21,1024028.99521
2016-02-22,1056537.8522
2016-02-23,1097173.92344203
2016-02-24,999647.352469
2016-02-25,1178446.06592
2016-02-26,1219082.13715781
2016-02-27,1064665.06645
2016-02-28,1210954.92291
2016-02-29,1097173.92344203
2016-03-01,1040283.42371
2016-03-02,1275972.63689
2016-03-03,1080919.49494659
2016-03-04,1235336.56565
2016-03-05,1292227.06539
2016-03-06,1094688.8032164
2016-03-07,1220696.14747
2016-03-08,1055311.50814
2016-03-09,1299450.73763098
2016-03-10,1267948.90157
2016-03-11,1283699.8196
2016-03-12,1141941.55731207
2016-03-13,1189194.31141
2016-03-14,1197069.77042
2016-03-15,1197069.77042369
2016-03-16,1338828.03271
2016-03-17,1063186.96715
2016-03-18,1135311.13692768
2016-03-19,1110630.46004
2016-03-20,1242260.73678
2016-03-21,1036588.42936875
2016-03-22,1225806.95219
2016-03-23,1242260.73678
2016-03-24,1242260.73678319
2016-03-25,1192899.383
2016-03-26,1209353.1676
2016-03-27,1258714.52137634
2016-03-28,1168218.70611
2016-03-29,1398571.69042
2016-03-30,1308075.8751558
2016-03-31,1028361.53707
2016-04-01,1136310.01874
2016-04-02,1244135.05700979
2016-04-03,1219252.35587
2016-04-04,1360254.329
2016-04-05,1235840.82329639
2016-04-06,1285606.22558
2016-04-07,1210958.12216
2016-04-08,1169486.9535892
2016-04-09,1343665.86157
2016-04-10,1443196.66613
2016-04-11,1252429.29072319
2016-04-12,1260723.52444
2016-04-13,1302194.693
2016-04-14,1465554.23046872
2016-04-15,1287911.29344
2016-04-16,1270146.99974
2016-04-17,1358968.46825281
2016-04-18,1199089.82493
2016-04-19,1332322.0277
2016-04-20,1465554.23046307
2016-04-21,1341204.17454
2016-04-22,1270146.99973
2016-04-23,1279029.14658595
2016-04-24,1172443.38437
2016-04-25,1128032.65011
2016-04-26,1341204.17454499
2016-04-27,1145796.94382
2016-04-28,1207843.18309
2016-04-29,1403229.58035675
2016-04-30,1296655.18185
2016-05-01,1376585.98073
2016-05-02,1394348.38048107
2016-05-03,1341061.18123
2016-05-04,1492041.57911
2016-05-05,1385467.1806054
2016-05-06,1438754.37986
2016-05-07,1332179.98135
2016-05-08,1447635.57973513
2016-05-09,1536447.57849
2016-05-10,1403229.58036
2016-05-11,1284309.11258538
2016-05-12,1342247.86954
2016-05-13,1467781.84295
2016-05-14,1390530.16700974
2016-05-15,1342247.86954
2016-05-16,1361560.78853
2016-05-17,1361560.78853037
2016-05-18,1487094.76194
2016-05-19,1168431.59867
2016-05-20,1438812.46447535
2016-05-21,1361560.78853
2016-05-22,1776788.54673
2016-05-23,1747819.1682553
2016-05-24,1456454.92276
2016-05-25,1377192.06982
2016-05-26,1357376.35658448
2016-05-27,1377192.06982
2016-05-28,1317744.93011
2016-05-29,1456454.92275853
2016-05-30,1436639.20952
2016-05-31,1258297.79041
2016-06-01,1426731.35290631
2016-06-02,1367284.2132
2016-06-03,1406915.63967
2016-06-04,1179034.93747119
2016-06-05,1694243.48158
2016-06-06,1684335.62496
2016-06-07,1406915.6396715
2016-06-08,1403462.33971
2016-06-09,1608133.93092
2016-06-10,1403462.33970866
2016-06-11,1520417.53468
2016-06-12,1422954.8722
2016-06-13,1569148.86592427
2016-06-14,1296253.41
2016-06-15,1500925.0
2016-06-16,1452193.67094854
2016-06-17,1452193.67
2016-06-18,1549656.33
2016-06-19,1725089.1258919
2016-06-20,1598387.66
2016-06-21,1551383.97
2016-06-22,1343144.51552102
2016-06-23,1457676.21
2016-06-24,1353556.48
2016-06-25,1728387.51609681
2016-06-26,1530560.02
2016-06-27,1530560.02
2016-06-28,1551383.97529172
2016-06-29,1520148.05
2016-06-30,1561795.94
2016-07-01,1634679.7592
2016-07-02,1551383.97
2016-07-03,1603443.84
2016-07-04,1601825.83564846
2016-07-05,1538177.12
2016-07-06,1485136.53
2016-07-07,1463920.30012906
2016-07-08,1538177.12
2016-07-09,1580609.59
2016-07-10,1654866.42623285
2016-07-11,1516960.89
2016-07-12,1516960.89
2016-07-13,1379055.35519404
2016-07-14,1506352.77
2016-07-15,1432095.94
2016-07-16,1665474.54434972
2016-07-17,1580609.59
2016-07-18,1581302.69
2016-07-19,1358434.53362342
2016-07-20,1591915.46
2016-07-21,1411498.38
2016-07-22,1369047.30341735
2016-07-23,1390272.84
2016-07-24,1337208.99
2016-07-25,1400885.61279915
2016-07-26,1369047.3
2016-07-27,1358434.53
2016-07-28,1453949.46176882
2016-07-29,1560077.15
2016-07-30,1262919.6
2016-07-31,1634366.54826568
2016-08-01,1623753.77
2016-08-02,1555605.72
2016-08-03,1686075.87924624
2016-08-04,1535533.39
2016-08-05,1696112.04
2016-08-06,1676039.71329835
2016-08-07,1485352.56
2016-08-08,1495388.72
2016-08-09,1254520.74348679
2016-08-10,1525497.22
2016-08-11,1505424.89
2016-08-12,1495388.72623625
2016-08-13,1645931.21
2016-08-14,1645931.21
2016-08-15,1577645.90337332
2016-08-16,1469587.96
2016-08-17,1329112.64
2016-08-18,1664092.25424309
2016-08-19,1664092.25
2016-08-20,1685703.84
2016-08-21,1761344.39897158
2016-08-22,1718121.22
2016-08-23,1588451.69
2016-08-24,1653286.46038437
2016-08-25,1404753.2
2016-08-26,1426364.78
2016-08-27,1556034.31565588
2016-08-28,1642480.66
2016-08-29,1635101.52
2016-08-30,1810682.89469399
2016-08-31,1481467.82
2016-09-01,1547310.83
2016-09-02,1678996.86598897
2016-09-03,1382703.3
2016-09-04,1964316.59
2016-09-05,1536337.00155853
2016-09-06,1492441.65
2016-09-07,1668023.03
2016-09-08,1580232.34446021
2016-09-09,1569258.5
2016-09-10,1700944.53
2016-09-11,1799709.05896857
2016-09-12,1829872.71
2016-09-13,1863551.35
2016-09-14,1751289.22289128
2016-09-15,1728836.79
2016-09-16,1571669.81
2016-09-17,1829872.71366204
2016-09-18,1627800.88
2016-09-19,1493086.32
2016-09-20,1717610.58398952
2016-09-21,1863551.35
2016-09-22,1582896.02
2016-09-23,1526764.96354624
2016-09-24,1874777.56
2016-09-25,2230413.26
2016-09-26,1834694.78230379
2016-09-27,2026558.28
2016-09-28,1774737.43
2016-09-29,1714780.09064995
2016-09-30,1702788.62
2016-10-01,1882660.65
2016-10-02,1690797.15231918
2016-10-03,1822703.31
2016-10-04,1894652.12
2016-10-05,2002575.35061917
2016-10-06,1930626.53
2016-10-07,1726771.55
2016-10-08,2171858.80432592
2016-10-09,2056197.68
2016-10-10,1606404.44
2016-10-11,1786321.73846925
2016-10-12,1863429.15
2016-10-13,1644958.14
2016-10-14,1747768.03188358
2016-10-15,1824875.44
2016-10-16,1670660.61
2016-10-17,1606404.44106947
2016-10-18,1991941.5
2016-10-19,1619255.67
2016-10-20,1722065.56082647
2016-10-21,2107602.62
2016-10-22,1878507.28
2016-10-23,1815470.12498659
2016-10-24,1802862.69
2016-10-25,1752432.96
2016-10-26,1752432.967869
2016-10-27,2042403.89
2016-10-28,1916329.57
2016-10-29,1878507.28210418
2016-10-30,2130655.91
2016-10-31,1853292.41
2016-11-01,1815470.12498659
2016-11-02,1676788.37
2016-11-03,1966759.3
2016-11-04,1462462.04512809
2016-11-05,1885928.48
2016-11-06,1949214.67
2016-11-07,1847956.77194818
2016-11-08,2139073.24
2016-11-09,1860614.01
2016-11-10,2126416.01155681
2016-11-11,2063129.82
2016-11-12,2126416.01
2016-11-13,1809985.0574561
2016-11-14,2177044.96
2016-11-15,1974529.15
2016-11-16,2177044.96421293
2016-11-17,2012500.86
2016-11-18,2073243.13
2016-11-19,1989192.73972682
2016-11-20,1807083.54
2016-11-21,1961175.94
2016-11-22,1877125.54312249
2016-11-23,2059234.73
2016-11-24,2297377.53
2016-11-25,2129276.73548223
2016-11-26,2157293.53
2016-11-27,2017209.53
2016-11-28,2297377.53038872
2016-11-29,2115268.33
2016-11-30,1989192.73
2016-12-01,2045226.33802898
2016-12-02,2052749.31
2016-12-03,2451895.01
2016-12-04,2109770.13119712
2016-12-05,2166790.94
2016-12-06,2138280.53
2016-12-07,2494660.6281047
2016-12-08,2238066.96
2016-12-09,1924452.48
2016-12-10,1881686.8737704
2016-12-11,2223811.75
2016-12-12,2223811.75
2016-12-13,2537426.23887221
2016-12-14,1981473.29
2016-12-15,1958064.63
2016-12-16,2050571.62855749
2016-12-17,2235585.61
2016-12-18,2173914.28
2016-12-19,2343510.43263714
2016-12-20,2127660.78
2016-12-21,2451435.25
2016-12-22,2451435.25519279
2016-12-23,2343510.43
2016-12-24,2112242.95
2016-12-25,2574777.90954212
2016-12-26,2189332.11
2016-12-27,2405181.75
2016-12-28,2589949.6705277
2016-12-29,2368856.4
2016-12-30,2479403.03
2016-12-31,2337271.65389085
2017-01-01,2463610.66
2017-01-02,2526780.16
2017-01-03,2589949.6705277
2017-01-04,2432025.91
2017-01-05,2210932.64
2017-01-06,2542572.54240829
2017-01-07,2195140.26
2017-01-08,2637326.79
2017-01-09,2147763.14141322
2017-01-10,2679581.83
2017-01-11,2562350.13
2017-01-12,2897297.86405773
2017-01-13,2528855.36
2017-01-14,2880550.47
2017-01-15,2796813.54507307
2017-01-16,2830308.31
2017-01-17,2646087.06
2017-01-18,2528855.36111398
2017-01-19,2914045.25056
2017-01-20,3165256.04802
2017-01-21,3031276.95603728
2017-01-22,3398969.89226
2017-01-23,2715269.05187
2017-01-24,2910612.14912321
2017-01-25,2930146.45885
2017-01-26,3066886.62693
2017-01-27,3320832.65336205
2017-01-28,2969215.0783
2017-01-29,3262229.72419
2017-01-30,2852009.21994623
2017-01-31,2832474.91022
2017-02-01,3750587.46733
2017-02-02,3066886.62692848
2017-02-03,2910612.14912
2017-02-04,3043000.84287
2017-02-05,3336807.82080216
2017-02-06,2623276.58868
2017-02-07,3168918.11913
2017-02-08,3063987.05557934
2017-02-09,3546669.9479
2017-02-10,3105959.481
2017-02-11,2917083.5666132
2017-02-12,2959055.99203
2017-02-13,3420752.67164
2017-02-14,3546669.94789663
2017-02-15,2917083.56661
2017-02-16,3189904.33184
2017-02-17,3168918.11912658
2017-02-18,3330515.74407
2017-02-19,2936112.56385
2017-02-20,3242870.59291391
2017-02-21,3023757.71501
2017-02-22,3045669.0028
2017-02-23,3286693.16849383
2017-02-24,3637273.77313
2017-02-25,3659185.06092
2017-02-26,3900209.22661268
2017-02-27,3155225.44175
2017-02-28,3352427.03186
2017-03-01,3155225.44175408
2017-03-02,3440072.18302
2017-03-03,3458650.32319
2017-03-04,3069265.84971519
2017-03-05,3367030.44708
2017-03-06,3252505.60194
2017-03-07,3504460.26124197
2017-03-08,3252505.60194
2017-03-09,3389935.4161
2017-03-10,3573175.16832514
2017-03-11,3412840.38513
2017-03-12,3550270.1993
2017-03-13,3321220.50902016
2017-03-14,3573175.16833
2017-03-15,3252505.60194
2017-03-16,3504460.26124197
2017-03-17,3641704.8372
2017-03-18,3712647.13922
2017-03-19,3925474.04529489
2017-03-20,3216051.02506
2017-03-21,3357935.62911
2017-03-22,3807236.87525589
2017-03-23,3499820.23315
2017-03-24,4161948.38537
2017-03-25,3145108.72303748
2017-03-26,3925474.04529
2017-03-27,3121461.28903
2017-03-28,3665352.27120909
2017-03-29,3263345.89308
2017-03-30,4073274.0332
2017-03-31,3352999.96635355
2017-04-01,3278488.85599
2017-04-02,3924251.81247
2017-04-03,4371318.47465352
2017-04-04,3104629.59848
2017-04-05,4023599.95962
2017-04-06,3651044.4078072
2017-04-07,4023599.95962
2017-04-08,3402674.03993
2017-04-09,3949088.84926085
2017-04-10,3675881.4446
2017-04-11,4147785.14356
2017-04-12,3526859.22386818
2017-04-13,3287972.00662
2017-04-14,3598646.52693
2017-04-15,3909321.04724491
2017-04-16,3779873.33045
2017-04-17,3572756.98357
2017-04-18,3779873.33044872
2017-04-19,3702204.70037
2017-04-20,3598646.52693
2017-04-21,4323553.74099272
2017-04-22,3753983.78709
2017-04-23,3961100.13396
2017-04-24,3210303.37654549
2017-04-25,3831652.41717
2017-04-26,3961100.13396
2017-04-27,3814281.63369607
2017-04-28,3528859.19852
2017-04-29,4488916.48047
2017-04-30,3918071.61012318
2017-05-01,3892124.11602
2017-05-02,4099704.06887
2017-05-03,3425069.22209443
2017-05-04,4359179.00994
2017-05-05,3347226.73977
2017-05-06,4359179.00993837
2017-05-07,4333231.51583
2017-05-08,4670548.93922
2017-05-09,4021861.58655028
2017-05-10,4119773.00241
2017-05-11,3757901.04949
2017-05-12,4286790.82682718
2017-05-13,4398136.04311
2017-05-14,4565153.86753
2017-05-15,4732171.69195208
2017-05-16,3674392.13728
2017-05-17,4314627.1309
2017-05-18,3952755.1779835
2017-05-19,4565153.86753
2017-05-20,4592990.1716
2017-05-21,4091936.69833503
2017-05-22,4064100.39426
2017-05-23,4976737.78165
2017-05-24,4562009.63318118
2017-05-25,4828620.58577
2017-05-26,4532386.194
2017-05-27,4976737.78165219
2017-05-28,4887867.46412
2017-05-29,4473139.31565
2017-05-30,5302595.6125937
2017-05-31,4858244.02495
2017-06-01,5035984.66001
2017-06-02,4325022.11976917
2017-06-03,5687700.32189
2017-06-04,5432357.04185
2017-06-05,5533581.08610618
2017-06-06,5094943.56099
2017-06-07,5567322.43419
2017-06-08,5567322.4341922
2017-06-09,5094943.56099
2017-06-10,4757530.08013
2017-06-11,4926236.82055794
2017-06-12,4959978.16864
2017-06-13,4757530.08013
2017-06-14,4723788.73204186
2017-06-15,5162426.25716
2017-06-16,4993719.51673
2017-06-17,5129905.64429561
2017-06-18,5129905.6443
2017-06-19,5342177.60199
2017-06-20,4882255.02698479
2017-06-21,4953012.34622
2017-06-22,4917633.6866
2017-06-23,5660585.53853309
2017-06-24,5165284.30391
2017-06-25,4316196.47313
2017-06-26,5023769.66544811
2017-06-27,4634604.40967
2017-06-28,5554449.55969
2017-06-29,4245439.15389981
2017-06-30,5448313.58084
2017-07-01,6622798.79067
2017-07-02,6622798.79067395
2017-07-03,5988701.03412
2017-07-04,5389830.93071
2017-07-05,5248920.31814053
2017-07-06,5002326.74615
2017-07-07,5213692.665
2017-07-08,5812562.76841065
2017-07-09,4861416.13358
2017-07-10,6939847.66895
2017-07-11,6094383.99354571
2017-07-12,6235294.60611
2017-07-13,5530741.54328
2017-07-14,5559049.84406697
2017-07-15,5079131.87192
2017-07-16,6518885.78837
2017-07-17,5918988.32317922
2017-07-18,6598872.11706
2017-07-19,5958981.48753
2017-07-20,6478892.62402049
2017-07-21,6158947.30925
2017-07-22,6398906.29533
2017-07-23,6878824.26747855
2017-07-24,7118783.25355
2017-07-25,5918988.32318
2017-07-26,5878995.15883341
2017-07-27,6585327.4853
2017-07-28,6414280.01815
2017-07-29,6713613.08566083
2017-07-30,6285994.41778
2017-07-31,6200470.68421
2017-08-01,6371518.15135964
2017-08-02,6499803.75172
2017-08-03,5901137.6167
2017-08-04,7654374.1549891
2017-08-05,7568850.42141
2017-08-06,5986661.35027
2017-08-07,6542565.61851024
2017-08-08,7012946.15317
2017-08-09,6333394.73737
2017-08-10,6149818.07831441
2017-08-11,6608759.72595
2017-08-12,6195712.24308
2017-08-13,6792336.38500398
2017-08-14,5966241.41926
2017-08-15,6975913.04406
2017-08-16,5966241.41926025
2017-08-17,8215055.49267
2017-08-18,6838230.54977
2017-08-19,6930018.8792946
2017-08-20,5966241.41926
2017-08-21,5277828.94781
2017-08-22,4084580.66395509
2017-08-23,7297172.1974
2017-08-24,4459277.50765
2017-08-25,4459277.5076504
2017-08-26,4635882.55746
2017-08-27,6843445.68006
2017-08-28,5695512.85630595
2017-08-29,6578538.10535
2017-08-30,7417412.09193
2017-08-31,7196655.77967341
2017-09-01,7682319.66665
2017-09-02,7240807.04213
2017-09-03,6799294.41760555
2017-09-04,7726470.9291
2017-09-05,8697798.70304
2017-09-06,7430760.7659943
2017-09-07,8072925.27664
2017-09-08,8027056.38302
2017-09-09,7751843.02131504
2017-09-10,6329907.31918
2017-09-11,7981187.4894
2017-09-12,8623352.00004277
2017-09-13,8715089.78728
2017-09-14,7981187.4894
2017-09-15,8256400.85110478
2017-09-16,7751843.02132
2017-09-17,8072925.27664
2017-09-18,6965995.45167762
2017-09-19,8556655.83041
2017-09-20,6417491.87281
2017-09-21,9653662.98815166
2017-09-22,7624199.74632
2017-09-23,9105159.40928
2017-09-24,7953301.89364767
2017-09-25,6856294.7359
2017-09-26,7569349.38844
2017-09-27,8063002.60942212
2017-09-28,9708513.34604
2017-09-29,9269710.48294
2017-09-30,7569349.3884371
2017-10-01,7130546.52534
2017-10-02,8380132.03961
2017-10-03,10223761.0883278
2017-10-04,7486251.28872
2017-10-05,6983443.36634
2017-10-06,8882939.96198973
2017-10-07,8827072.41506
2017-10-08,10167893.5414
2017-10-09,8994675.05585124
2017-10-10,8938807.50892
2017-10-11,7765589.02337
2017-10-12,8547734.68040521
2017-10-13,7597986.38258
2017-10-14,7877324.11724
2017-10-15,11601113.0653046
2017-10-16,10351762.4275
2017-10-17,9756833.55236
2017-10-18,8983426.01467175
2017-10-19,10589733.9776
2017-10-20,10649226.8651
2017-10-21,9102411.78970051
2017-10-22,10827705.5276
2017-10-23,10173283.765
2017-10-24,9935312.21490186
2017-10-25,11006184.1902
2017-10-26,12999790.287
2017-10-27,7510989.94359475
2017-10-28,6138789.85775
2017-10-29,11122042.8011
2017-10-30,10616495.4010426
2017-10-31,9966505.88669
2017-11-01,7872095.22934
2017-11-02,10833158.5724924
2017-11-03,8594305.80084
2017-11-04,9388737.42949
2017-11-05,10183169.0581429
2017-11-06,9605400.60094
2017-11-07,11266484.9154
2017-11-08,10399832.2295927
2017-11-09,11049821.7439
2017-11-10,8139094.74496
2017-11-11,5426063.16330753
2017-11-12,5426063.16331
2017-11-13,9495610.53579
2017-11-14,8681701.06129205
2017-11-15,10309520.0103
2017-11-16,10309520.0103
2017-11-17,11326906.8534045
2017-11-18,9224307.37762
2017-11-19,10852126.3266
2017-11-20,11869513.1697352
2017-11-21,11733861.5907
2017-11-22,8342572.11359
2017-11-23,10648648.957991
2017-11-24,9977010.84138
2017-11-25,10445729.4715
2017-11-26,10244850.0585939
2017-11-27,11383166.7318
2017-11-28,10445729.4715
2017-11-29,11584046.1446846
2017-11-30,11182287.3189
2017-12-01,12253644.1877
2017-12-02,10780528.4930301
2017-12-03,11784925.5576
2017-12-04,12119724.5791
2017-12-05,11918845.1662072
2017-12-06,14867776.0589
2017-12-07,11941671.1962
2017-12-08,12337090.7722833
2017-12-09,13760601.246
2017-12-10,12969762.0939
2017-12-11,13523349.5003875
2017-12-12,12337090.7723
2017-12-13,14709608.2285
2017-12-14,14630524.3132847
2017-12-15,13365181.67
2017-12-16,13523349.5004
2017-12-17,14630524.3132847
2017-12-18,16946489.2357
2017-12-19,13035760.9505
2017-12-20,12663310.6376441
2017-12-21,12290860.3248
2017-12-22,14432449.6238
2017-12-23,12942648.372298
2017-12-24,14153111.8891
2017-12-25,12570198.0594
2017-12-26,13221986.1069519
2017-12-27,14525562.202
2017-12-28,13873774.1545
2017-12-29,15363575.4059653
2017-12-30,13687548.998
2017-12-31,15177350.2495
2018-01-01,14975580.9596883
2018-01-02,16415540.6674
2018-01-03,15071578.2735
2018-01-04,16127548.7258182
2018-01-05,13727615.8797
2018-01-06,16127548.7258
2018-01-07,15551564.8427532
2018-01-08,15935554.0981
2018-01-09,15743559.4704
2018-01-10,15935554.0981299
2018-01-11,18527481.5719
2018-01-12,17087521.8643
2018-01-13,16501289.1137539
2018-01-14,17165770.5546
2018-01-15,16612036.0206
2018-01-16,17608758.1817911
2018-01-17,18494733.4362
2018-01-18,19159214.877
2018-01-19,18273239.6226134
2018-01-20,19712949.4111
2018-01-21,20709671.5723
2018-01-22,18494733.4362209
2018-01-23,19602202.5043
2018-01-24,19491455.5975
2018-01-25,20445148.5647756
2018-01-26,20056949.5414
2018-01-27,20315748.8903
2018-01-28,20445148.5647756
2018-01-29,19151151.8202
2018-01-30,21609745.6349
2018-01-31,15139761.9118908
2018-02-01,20703947.9137
2018-02-02,21739145.3094
2018-02-03,20445148.5647756
2018-02-04,23033142.054
2018-02-05,23938939.7752
2018-02-06,24293141.3193202
2018-02-07,20149017.2119
2018-02-08,18720008.899
2018-02-09,19291612.224166
2018-02-10,20434818.8745
2018-02-11,21578025.5248
2018-02-12,23721537.9941597
2018-02-13,23435736.3316
2018-02-14,25579248.8009
2018-02-15,18720008.8990056
2018-02-16,22435430.5125
2018-02-17,21292223.8622
2018-02-18,23149934.6689992
2018-02-19,23149934.669
2018-02-20,21079198.6661
2018-02-21,25265138.8267172
2018-02-22,22275181.5691
2018-02-23,22125683.7062
2018-02-24,21677190.1175976
2018-02-25,25564134.5525
2018-02-26,21079198.6661
2018-02-27,23919658.0607974
2018-02-28,23172168.7464
2018-03-01,24667147.3752
2018-03-02,23321666.6092775
2018-03-03,26909615.3184
2018-03-04,22125683.7062
2018-03-05,24372959.7309369
2018-03-06,25517998.1076
2018-03-07,25681575.0185
2018-03-08,26499459.5732334
2018-03-09,23882228.9981
2018-03-10,22900767.5324
2018-03-11,25027267.3747204
2018-03-12,26335882.6623
2018-03-13,25845151.9294
2018-03-14,23555075.1762075
2018-03-15,23555075.1762
2018-03-16,25517998.1076
2018-03-17,24372959.7309369
2018-03-18,25990711.2964
2018-03-19,26679206.9599
2018-03-20,21859737.3155061
2018-03-21,26162835.2123
2018-03-22,24613719.9694
2018-03-23,22892480.8107269
2018-03-24,26851330.8757
2018-03-25,23236728.6425
2018-03-26,25818587.3805191
2018-03-27,26162835.2123
2018-03-28,23236728.6425
2018-03-29,26162835.2122593
2018-03-30,27884074.371
2018-03-31,22031861.2314
2018-04-01,28274794.2168317
2018-04-02,27227579.6162
2018-04-03,28449329.9836
2018-04-04,25656757.7152732
2018-04-05,27227579.6162
2018-04-06,24085935.8143
2018-04-07,31416438.0187018
2018-04-08,28100258.4501
2018-04-09,25656757.7153
2018-04-10,28623865.7503728
2018-04-11,28100258.4501
2018-04-12,26878508.0827
2018-04-13,28798401.5171434
2018-04-14,26146926.5195
2018-04-15,31109116.9538
2018-04-16,26910340.4324498
2018-04-17,30918263.4756
2018-04-18,30536556.5191
2018-04-19,33971919.1274899
2018-04-20,26146926.5195
2018-04-21,30345703.0408
2018-04-22,30536556.519092
2018-04-23,29200582.1714
2018-04-24,30345703.0408
2018-04-25,23474977.824052
2018-04-26,26910340.4324
2018-04-27,28391145.8893
2018-04-28,25592018.8297784
2018-04-29,31590148.243
2018-04-30,30990335.3017
2018-05-01,31590148.2430077
2018-05-02,27991270.5951
2018-05-03,30190584.7133
2018-05-04,27591395.3008549
2018-05-05,32189961.1843
2018-05-06,27391457.6537
2018-05-07,29990647.0661466
2018-05-08,27791332.948
2018-05-09,31990023.5372
2018-05-10,30790397.6545772
2018-05-11,26161151.1691
2018-05-12,33988897.1883
2018-05-13,30487010.8112811
2018-05-14,27191117.7506
2018-05-15,30075024.1787
2018-05-16,36872803.6163467
2018-05-17,27191117.7506
2018-05-18,30487010.8113
2018-05-19,31722970.7090357
2018-05-20,29663037.5461
2018-05-21,32340950.6579
2018-05-22,31104990.7601584
2018-05-23,33370917.2394
2018-05-24,30616246.3183
2018-05-25,37681533.9302713
2018-05-26,34684139.1858
2018-05-27,35112338.435
2018-05-28,33399541.438195
2018-05-29,29759847.8199
2018-05-30,37253334.6811
2018-05-31,36396936.1826484
2018-06-01,35540537.6842
2018-06-02,32543142.9398
2018-06-03,34898238.8104217
2018-06-04,39180231.3025
2018-06-05,42980660.1034
2018-06-06,36103754.4868926
2018-06-07,35121339.3988
2018-06-08,35612546.9429
2018-06-09,35121339.3988139
2018-06-10,31191679.0465
2018-06-11,34384528.0828
2018-06-12,35612546.9428532
2018-06-13,35121339.3988
2018-06-14,37577377.119
2018-06-15,37577377.1190106
2018-06-16,40770226.1553
2018-06-17,38559792.2071
2018-06-18,40279018.6112271
2018-06-19,39122596.1405
2018-06-20,39122596.1405
2018-06-21,42908653.8315633
2018-06-22,38112980.7563
2018-06-23,40384615.3709
2018-06-24,43161057.6776313
2018-06-25,39627403.8327
2018-06-26,36850961.5259
2018-06-27,30540865.3742303
2018-06-28,39627403.8327
2018-06-29,38112980.7563
2018-06-30,35588942.2955907
2018-07-01,37103365.372
2018-07-02,37594816.2563
2018-07-03,30929068.6931155
2018-07-04,35728406.9386
2018-07-05,36528296.6462
2018-07-06,42660784.4042972
2018-07-07,41594264.7942
2018-07-08,42127524.5992
2018-07-09,36261666.7436526
2018-07-10,39727855.4765
2018-07-11,35995036.8411
2018-07-12,37594816.2562869
2018-07-13,38128076.0613
2018-07-14,35461777.0361
2018-07-15,35461777.0360721
2018-07-16,31995588.3032
2018-07-17,40931868.4915
2018-07-18,44793365.5190113
2018-07-19,44021066.1135
2018-07-20,39644702.8157
2018-07-21,35268339.5178422
2018-07-22,46852830.6003
2018-07-23,42733900.4377
2018-07-24,40931868.4915103
2018-07-25,45565664.9245
2018-07-26,42476467.3025
2018-07-27,42991333.5728441
2018-07-28,37327804.5992
2018-07-29,50277183.1008
2018-07-30,39630250.2088953
2018-07-31,43474975.9754
2018-08-01,44362220.3831
2018-08-02,45249464.7907536
2018-08-03,49094190.5573
2018-08-04,52051671.9162
2018-08-05,47319701.7419725
2018-08-06,38743005.8012
2018-08-07,44657968.519
2018-08-08,46432457.3343105
2018-08-09,44066472.2472
2018-08-10,52051671.9162
2018-08-11,52376369.8984008
2018-08-12,49230273.0794
2018-08-13,47642199.7543
2018-08-14,43195594.4438796
2018-08-15,51135961.0696
2018-08-16,50183117.0745
2018-08-17,48277429.084336
2018-08-18,50818346.4046
2018-08-19,46054126.4291
2018-08-20,47642199.754279
2018-08-21,47006970.4242
2018-08-22,50818346.4046
2018-08-23,47324585.0892504
2018-08-24,48824180.026
2018-08-25,45145645.9145
2018-08-26,57853309.2089489
2018-08-27,61866255.5125
2018-08-28,51165065.3698
2018-08-29,46483294.6823347
2018-08-30,51499477.5617
2018-08-31,51833889.7537
2018-09-01,50496240.9858456
2018-09-02,48155355.6421
2018-09-03,48155355.6421
2018-09-04,42135936.1868645
2018-09-05,44142409.3386
2018-09-06,50161828.7939
2018-09-07,52673943.1674501
2018-09-08,52338942.9549
2018-09-09,56874984.6776
2018-09-10,47105048.6593962
2018-09-11,49198606.3776
2018-09-12,58619616.1095
2018-09-13,51641090.3821529
2018-09-14,46058269.8003
2018-09-15,48849680.0912
2018-09-16,48500753.8048598
2018-09-17,47105048.6594
2018-09-18,49547532.664
2018-09-19,54432500.67308
2018-09-20,54756137.2027
2018-09-21,51200543.8779
2018-09-22,55111696.535195
2018-09-23,53333899.8728
2018-09-24,52622781.2078
2018-09-25,60089527.1899868
2018-09-26,49422747.2154
2018-09-27,50844984.5454
2018-09-28,54756137.2027098
2018-09-29,54045018.5377
2018-09-30,57956171.1951
2018-10-01,56178374.5326503
2018-10-02,48711628.5505
2018-10-03,51556103.2103
2018-10-04,54911962.6283177
2018-10-05,48176505.2061
2018-10-06,46323562.6982
2018-10-07,52623567.2251537
2018-10-08,50029447.7141
2018-10-09,48176505.2061
2018-10-10,53364744.2283249
2018-10-11,58923571.7521
2018-10-12,48917682.2093
2018-10-13,52252978.7235681
2018-10-14,42247089.1808
2018-10-15,60035337.2569
2018-10-16,50029447.7140546
2018-10-17,51141213.2188
2018-10-18,49274490.4825
2018-10-19,50702736.5834647
2018-10-20,51059798.1087
2018-10-21,49274490.4825
2018-10-22,55344536.4115284
2018-10-23,54987474.8863
2018-10-24,40347952.3516
2018-10-25,48917428.9572864
2018-10-26,51059798.1087
2018-10-27,48560367.4321
2018-10-28,49988613.5329934
2018-10-29,52130982.6844
2018-10-30,54987474.8863
2018-10-31,58201028.6134137
2018-11-01,54999360.8518
2018-11-02,51070835.0767
2018-11-03,57499331.7996558
2018-11-04,43928060.9401
2018-11-05,51427973.7835
2018-11-06,45713754.4742605
2018-11-07,46428031.8879
2018-11-08,43213783.5264
2018-11-09,45356615.7674304
2018-11-10,46785170.5947
2018-11-11,52142251.1972
2018-11-12,49999418.9562224
2018-11-13,42856644.8196
2018-11-14,48213725.4221
2018-11-15,45356615.7674304
2018-11-16,41672924.1289
2018-11-17,47956936.4976
2018-11-18,40680711.6496954
2018-11-19,41672924.1289
2018-11-20,43657349.0875
2018-11-21,34727436.7741302
2018-11-22,40349974.1566
2018-11-23,41342186.6359
2018-11-24,47295461.5114344
2018-11-25,42003661.622
2018-11-26,36711861.7326
2018-11-27,43326611.594391
2018-11-28,39027024.1843
2018-11-29,34727436.7741
2018-11-30,33404486.8017824
2018-12-01,41011449.1428
2018-12-02,37704074.2119
2018-12-03,35101305.9820655
2018-12-04,38734427.5899
2018-12-05,36488953.5267
2018-12-06,37892374.8161739
2018-12-07,31998005.4003
2018-12-08,35646900.753
2018-12-09,35927585.0108908
2018-12-10,34804847.9793
2018-12-11,35085532.2372
2018-12-12,33682110.9477101
2018-12-13,36769637.7846
2018-12-14,40979901.653
2018-12-15,41821954.42674
2018-12-16,32278689.6582
2018-12-17,44909481.2636
2018-12-18,35766529.4260719
2018-12-19,37822407.4037
2018-12-20,34268624.1577
2018-12-21,35537832.4598879
2018-12-22,44422290.5749
2018-12-23,44676132.2353
2018-12-24,38583932.3850211
2018-12-25,40360824.008
2018-12-26,39853140.6872
2018-12-27,44168448.9144321
2018-12-28,42391557.2914
2018-12-29,35030149.139
2018-12-30,44676132.2352876
2018-12-31,43291796.7609
2019-01-01,41615985.2734
2019-01-02,42174589.1025465
2019-01-03,43291796.7609
2019-01-04,41615985.2734
2019-01-05,45526212.0775833
2019-01-06,39381569.9567
2019-01-07,39381569.9567
2019-01-08,47202023.5651017
2019-01-09,45805513.9922
2019-01-10,43571098.6755
2019-01-11,41336683.3587873
2019-01-12,38543664.2129
2019-01-13,38264362.2983
2019-01-14,43423390.2168908
2019-01-15,38609293.9849
2019-01-16,38901788.6363
2019-01-17,37146820.7278501
2019-01-18,40364261.8933
2019-01-19,38901788.6363
2019-01-20,45921660.2698619
2019-01-21,43874197.7101
2019-01-22,38024304.6821
2019-01-23,42704219.1044576
2019-01-24,47384133.5269
2019-01-25,40364261.8933
2019-01-26,43874197.7100592
2019-01-27,40071767.2419
2019-01-28,42070546.8156
2019-01-29,42201068.245197
2019-01-30,39310584.1188
2019-01-31,44802503.9589
2019-02-01,45669649.196857
2019-02-02,41622971.4199
2019-02-03,39888680.9441
2019-02-04,42490116.6578353
2019-02-05,42490116.6578
2019-02-06,47403939.6727
2019-02-07,50294423.7990704
2019-02-08,47114891.26
2019-02-09,43357261.8958
2019-02-10,41018987.2961362
2019-02-11,43691361.641
2019-02-12,38568926.1383
2019-02-13,46101919.5246807
2019-02-14,42486082.6992
2019-02-15,38267606.4028
2019-02-16,45197960.3183144
2019-02-17,47909837.9374
2019-02-18,46704558.9956
2019-02-19,47005878.731047
2019-02-20,39171565.6092
2019-02-21,35857048.5192
2019-02-22,48813797.1437796
2019-02-23,43088722.1701
2019-02-24,41298258.2978
2019-02-25,43162133.913638
2019-02-26,48595129.7909
2019-02-27,42558467.7051
2019-02-28,45274965.6436762
2019-03-01,48896962.8952
2019-03-02,39841969.7664
2019-03-03,44067633.2265115
2019-03-04,41351135.2879
2019-03-05,44973132.5394
2019-03-06,38634637.3492703
2019-03-07,42860300.8093
2019-03-08,44067633.2265
2019-03-09,41652968.3921821
2019-03-10,41045042.971
2019-03-11,42839445.3543
2019-03-12,43141131.5892332
2019-03-13,40727641.7101
2019-03-14,46761366.4079
2019-03-15,46157993.9381306
2019-03-16,49174856.287
2019-03-17,44046190.2939
2019-03-18,48571483.8172485
2019-03-19,52493404.8708
2019-03-20,48571483.8172
2019-03-21,43141131.5892332
2019-03-22,48571483.8172
2019-03-23,43744504.059
2019-03-24,47490106.9905989
2019-03-25,46933020.833
2019-03-26,42493410.7542
2019-03-27,47250135.8386646
2019-03-28,46298790.8218
2019-03-29,46615905.8274
2019-03-30,44078985.7823784
2019-03-31,44078985.7824
2019-04-01,43127640.7655
2019-04-02,49787055.8836936
2019-04-03,45030330.7993
2019-04-04,44396100.788
2019-04-05,50104170.8893222
2019-04-06,44081037.5637
2019-04-07,44809649.515
2019-04-08,47034242.0441478
2019-04-09,41949459.1205
2019-04-10,47034242.0441
2019-04-11,49894432.4387244
2019-04-12,47987638.8423
2019-04-13,42902855.9186
2019-04-14,38771469.7931489
2019-04-15,46080845.246
2019-04-16,46080845.246
2019-04-17,43856252.7168405
2019-04-18,47352040.9769
2019-04-19,48305437.7751
2019-04-20,41631660.1877254
2019-04-21,51199133.0238
2019-04-22,42318655.5417
2019-04-23,36634060.0211406
2019-04-24,51477170.5469
2019-04-25,45160953.3019
2019-04-26,47687440.1999331
2019-04-27,43266088.1284
2019-04-28,51477170.5469
2019-04-29,51477170.5469476
2019-04-30,44213520.7152
2019-05-01,54003657.445
2019-05-02,58109198.6542231
2019-05-03,48003251.0622
2019-05-04,43006075.3622
2019-05-05,42978500.6950398
2019-05-06,50308167.4802
2019-05-07,42312167.3509
2019-05-08,50641334.152295
2019-05-09,49975000.8082
2019-05-10,41645834.0068
2019-05-11,43311667.3670944
2019-05-12,52640334.1846
2019-05-13,55638834.2331
2019-05-14,50641334.152295
2019-05-15,49641834.1361
2019-05-16,48642334.12
2019-05-17,50308167.4802404
2019-05-18,50986743.4509
2019-05-19,54326123.0261
2019-05-20,53659544.8294566
2019-05-21,50993232.0429
2019-05-22,55659279.4194
2019-05-23,52659677.5344978
2019-05-24,50993232.0429
2019-05-25,46660473.7647
2019-05-26,54992701.222735
2019-05-27,55659279.4194
2019-05-28,54659412.1244
2019-05-29,57992303.1076115
2019-05-30,53664058.506
2019-05-31,43386260.5764
2019-06-01,55994233.735333
2019-06-02,48577778.936
2019-06-03,44127906.0563
2019-06-04,57106701.9552403
2019-06-05,59331638.3951
2019-06-06,58219170.1751
2019-06-07,58589992.9151166
2019-06-08,45982019.7562
2019-06-09,54510942.7755
2019-06-10,58219170.1751475
2019-06-11,53027651.8156
2019-06-12,48577778.936
2019-06-13,55994233.735333
2019-06-14,62264123.1632
2019-06-15,53775192.232
2019-06-16,47882020.4805591
2019-06-17,48986990.184
2019-06-18,60036687.2179
2019-06-19,65193212.5004535
2019-06-20,53038545.7631
2019-06-21,48986990.184
2019-06-22,51933576.0596833
2019-06-23,66666505.4383
2019-06-24,65193212.5005
2019-06-25,53775192.2320125
2019-06-26,60773333.6869
2019-06-27,55539973.1845
2019-06-28,64293187.5738079
2019-06-29,68631991.6432
2019-06-30,59954383.5044
2019-07-01,56404452.902175
2019-07-02,62321003.9059
2019-07-03,67843118.176
2019-07-04,65870934.5081345
2019-07-05,74548542.6469
2019-07-06,70209738.5775
2019-07-07,60348820.2379915
2019-07-08,70209738.5775
2019-07-09,65740170.4585
2019-07-10,58125055.9333793
2019-07-11,58125055.9334
2019-07-12,73895419.9463
2019-07-13,63532037.8806704
2019-07-14,65334365.1964
2019-07-15,65784947.0254
2019-07-16,72994256.2884298
2019-07-17,59927383.2491
2019-07-18,54520401.3019
2019-07-19,53168655.8150291
2019-07-20,79752983.7225
2019-07-21,67136692.5122
2019-07-22,71191928.9726661
2019-07-23,64212845.1846
2019-07-24,62282811.3455
2019-07-25,67211666.9196491
2019-07-26,74380911.3911
2019-07-27,68107822.4786
2019-07-28,78413611.4062573
2019-07-29,75277066.95
2019-07-30,63627044.6839
2019-07-31,76621300.2883999
2019-08-01,63627044.6839
2019-08-02,75725144.7295
2019-08-03,77517455.8473286
2019-08-04,74828989.1705
2019-08-05,70305379.0081
2019-08-06,79916269.034042
2019-08-07,75945274.2994
2019-08-08,70485156.5393
2019-08-09,72967028.2484731
2019-08-10,74952525.6158
2019-08-11,75945274.2994
2019-08-12,66017787.4629043
2019-08-13,77930771.6667
2019-08-14,75448899.9576
2019-08-15,77930771.6667366
2019-08-16,72967028.2485
2019-08-17,63535915.7538
2019-08-18,62740159.3489764
2019-08-19,82514504.7904
2019-08-20,77452265.2327
2019-08-21,68846457.984608
2019-08-22,71377577.7635
2019-08-23,77452265.2327
2019-08-24,80995832.9230682
2019-08-25,78464713.1442
2019-08-26,69352681.9404
2019-08-27,68340234.0288388
2019-08-28,76439817.3211
2019-08-29,83526952.7019
2019-08-30,80995832.9230682
2019-08-31,84033176.6577
2019-09-01,75959123.8205
2019-09-02,79786349.9315495
2019-09-03,87818532.8106
2019-09-04,72825124.7697
2019-09-05,88354011.6691656
2019-09-06,84605659.659
2019-09-07,80321828.7902
2019-09-08,94779757.9723776
2019-09-09,78179913.3557
2019-09-10,97457152.2654
2019-09-11,98528109.9825847
2019-09-12,84605659.659
2019-09-13,81711974.3616
2019-09-14,91618125.6260619
2019-09-15,86889448.1744
2019-09-16,96346803.0777
2019-09-17,87480532.8558527
2019-09-18,102848734.574
2019-09-19,87480532.8559
2019-09-20,89253786.9002281
2019-09-21,98120057.1221
2019-09-22,98120057.1221
2019-09-23,67383653.6862649
2019-09-24,92800294.989
2019-09-25,92209210.3075
2019-09-26,102155715.0684
2019-09-27,83726816.3184
2019-09-28,100852756.02
2019-09-29,86263992.570523
2019-09-30,82458228.1924
2019-10-01,90704051.0117
2019-10-02,93875521.3267456
2019-10-03,93241227.2637
2019-10-04,93241227.2637
2019-10-05,100218461.956931
2019-10-06,94509815.3898
2019-10-07,98315579.7679
2019-10-08,102755638.209005
2019-10-09,87532580.6966
2019-10-10,103681264.293
2019-10-11,100875176.08461
2019-10-12,86002553.9696
2019-10-13,91822275.6668
2019-10-14,87295825.4578357
2019-10-15,98935268.8522
2019-10-16,92468911.4109
2019-10-17,96995361.6198175
2019-10-18,103461719.061
2019-10-19,91822275.6668
2019-10-20,94408818.643289
2019-10-21,102815083.317
2019-10-22,109281440.758
2019-10-23,109144376.317496
2019-10-24,90520752.8588
2019-10-25,93923788.6806
2019-10-26,95285003.0093039
2019-10-27,78269823.9005
2019-10-28,91201360.0232
2019-10-29,90520752.8588387
2019-10-30,91201360.0232
2019-10-31,89840145.6945
2019-11-01,88478931.3657822
2019-11-02,91201360.0232
2019-11-03,93923788.6806
2019-11-04,89840145.6944865
2019-11-05,98007431.6667
2019-11-06,89840145.6945
2019-11-07,91737090.3690835
2019-11-08,80936306.1161
2019-11-09,91053344.3807
2019-11-10,104964271.994364
2019-11-11,95479548.6214
2019-11-12,85362510.3569
2019-11-13,85362510.3568626
2019-11-14,106861216.669
2019-11-15,99905752.8621
2019-11-16,93582603.9467827
2019-11-17,97376493.296
2019-11-18,88524084.8145
2019-11-19,92950289.0552504
2019-11-20,89788714.5976
2019-11-21,87143254.9642
2019-11-22,85127203.6530772
2019-11-23,111568229.03
2019-11-24,84482300.5951
2019-11-25,80612882.2472322
2019-11-26,78678173.0733
2019-11-27,89641525.0589
2019-11-28,105119198.450391
2019-11-29,87706815.885
2019-11-30,81257785.3052
2019-12-01,89641525.0589222
2019-12-02,93510943.4068
2019-12-03,101894683.161
2019-12-04,107698810.682302
2019-12-05,93386357.498
2019-12-06,92816137.3772
2019-12-07,99217250.2997196
2019-12-08,94736471.2539
2019-12-09,94736471.2539
2019-12-10,94736471.2539258
2019-12-11,84494690.5778
2019-12-12,85134801.8701
2019-12-13,97296916.4229509
2019-12-14,96656805.1307
2019-12-15,79373800.2398
2019-12-16,100497472.884232
2019-12-17,90255692.2081
2019-12-18,85774913.1623
2019-12-19,100622310.115052
2019-12-20,100413778.964
2019-12-21,113287340.369
2019-12-22,108781593.877265
2019-12-23,92045964.05
2019-12-24,80459758.785
2019-12-25,82390792.9957983
2019-12-26,107494237.737
2019-12-27,93333320.1906
2019-12-28,95908032.4716714
2019-12-29,99770100.8933
2019-12-30,106850559.666
2019-12-31,93333320.1905527
2020-01-01,112718458.533
2020-01-02,96717718.3124
2020-01-03,115924073.721928
2020-01-04,115238132.457
2020-01-05,111808426.134
2020-01-06,92602070.7246171
2020-01-07,120725662.574
2020-01-08,97403659.577
2020-01-09,107692778.546407
2020-01-10,102205248.429
2020-01-11,111808426.134
2020-01-12,103577130.958646
2020-01-13,98089600.8416
2020-01-14,99607271.22
2020-01-15,110915119.366187
2020-01-16,116791417.081
2020-01-17,116791417.081
2020-01-18,96958912.29362
2020-01-19,110180582.152
2020-01-20,111649656.581
2020-01-21,112384193.794878
2020-01-22,114587805.438
2020-01-23,116791417.081
2020-01-24,111649656.580532
2020-01-25,120464103.153
2020-01-26,105038821.651
2020-01-27,94755300.6505832
2020-01-28,107321517.017
2020-01-29,123011831.713
2020-01-30,119936535.919975
2020-01-31,110710648.542
2020-02-01,116092416.179
2020-02-02,109941824.59331
2020-02-03,113785944.334
2020-02-04,122243007.765
2020-02-05,122243007.76459
2020-02-06,103791233.008
2020-02-07,106866528.8
2020-02-08,106866528.80049
2020-02-09,117630064.075
2020-02-10,93796521.681
2020-02-11,114190850.876276
2020-02-12,109742275.189
2020-02-13,108969442.265
2020-02-14,104332444.722146
2020-02-15,109742275.189
2020-02-16,109742275.189
2020-02-17,121334769.047237
2020-02-18,115924938.58
2020-02-19,108969442.265
2020-02-20,97376948.4073364
2020-02-21,119016270.276
2020-02-22,114379272.732
2020-02-23,109742275.18922
2020-02-24,108969442.265
2020-02-25,111020255.745
2020-02-26,104700775.427287
2020-02-27,113169220.499
2020-02-28,121637665.57
2020-02-29,107010351.35583
2020-03-01,114708937.784307
2020-03-02,117788372.355698
2020-03-03,117788372.355698
2020-03-04,128566393.355566
2020-03-05,125486958.784175
2020-03-06,119328089.641393
2020-03-07,120867806.927089
2020-03-08,121637665.569937
2020-03-09,119877105.097528
2020-03-10,108616241.391911
2020-03-11,97919187.3154346
2020-03-12,124250397.349837
2020-03-13,102856289.196885
2020-03-14,105324840.13761
2020-03-15,97919187.3154346
2020-03-16,97919187.3154346
2020-03-17,101210588.569735
2020-03-18,82285031.3575081
2020-03-19,88044983.5525337
2020-03-20,89690684.1796838
2020-03-21,102033438.88331
2020-03-22,104501989.824035
2020-03-23,92159235.1204091
2020-03-24,108616241.391911
2020-03-25,75702228.8489074
2020-03-26,112492821.358516
2020-03-27,107197274.863781
2020-03-28,93365368.4297446
2020-03-29,104430893.576974
2020-03-30,101664512.290166
2020-03-31,109963656.150588
2020-04-01,105814084.220377
2020-04-02,105814084.220377
2020-04-03,91290582.4646392
2020-04-04,108580465.507185
2020-04-05,121029181.297817
2020-04-06,88524201.1778319
2020-04-07,116188014.045904
2020-04-08,103061194.836332
2020-04-09,112650577.826398
2020-04-10,119234053.153915
2020-04-11,116308064.119463
2020-04-12,111919080.567785
2020-04-13,125086031.222819
2020-04-14,122891539.44698
2020-04-15,123623036.705593
2020-04-16,112650577.826398
2020-04-17,92900151.843848
2020-04-18,115576566.86085
2020-04-19,111187583.309172
2020-04-20,117771058.636689
2020-04-21,115730561.554044
2020-04-22,103923467.233466
2020-04-23,112649865.245436
2020-04-24,114236483.065795
2020-04-25,107890011.784362
2020-04-26,108683320.694541
2020-04-27,111856556.335257
2020-04-28,122169572.167586
2020-04-29,115029791.975974
2020-04-30,107096702.874182
2020-05-01,111856556.335257
2020-05-02,117409718.706511
2020-05-03,133275896.910094
2020-05-04,125342807.808302
2020-05-05,126294576.814336
2020-05-06,123288445.655594
2020-05-07,117684425.398522
2020-05-08,109678682.174133
2020-05-09,108878107.851694
2020-05-10,136097634.814617
2020-05-11,125690168.622911
2020-05-12,116883851.076083
2020-05-13,95268344.370232
2020-05-14,91265472.7580373
2020-05-15,100071790.304866
2020-05-16,100872364.627304
2020-05-17,81658580.8887703
2020-05-18,102473513.272182
2020-05-19,92066047.0804763
2020-05-20,86971887.3185643
2020-05-21,98579623.7035512
2020-05-22,83529299.4740014
2020-05-23,89549429.1658213
2020-05-24,87291880.5313888
2020-05-25,94064526.4346863
2020-05-26,93312010.2232088
2020-05-27,103847237.183894
2020-05-28,98579623.7035512
2020-05-29,95569558.8576412
2020-05-30,117392528.990488
2020-05-31,112877431.721623
2020-06-01,100837172.337984
2020-06-02,97074591.2805962
2020-06-03,104599753.395371
2020-06-04,108668660.65278
2020-06-05,122192367.725211
2020-06-06,133797229.464477
2020-06-07,108539589.208428
2020-06-08,110587505.985945
2020-06-09,109222228.134267
2020-06-10,111952783.837623
2020-06-11,126288201.280246
2020-06-12,111270144.911784
2020-06-13,107856950.282588
2020-06-14,116048617.392658
2020-06-15,94204171.7658051
2020-06-16,106374812.691088
2020-06-17,108283617.573483
2020-06-18,97298323.0370428
2020-06-19,111422273.155323
2020-06-20,107498953.678023
2020-06-21,114560928.737163
2020-06-22,112206937.050783
2020-06-23,123976895.482684
2020-06-24,109068281.468943
2020-06-25,110637609.259863
2020-06-26,128684878.855444
2020-06-27,108283617.573483
2020-06-28,117699584.319003
2020-06-29,113776264.841703
2020-06-30,115344676.145677
2020-07-01,127111309.039231
2020-07-02,128680584.459468
2020-07-03,127895946.749349
2020-07-04,123188120.488637
2020-07-05,127895946.749349
2020-07-06,120834207.358281
2020-07-07,126326671.329112
2020-07-08,118480294.227925
2020-07-09,128680584.459468
2020-07-10,126326671.329112
2020-07-11,122403482.778518
2020-07-12,119264931.938044
2020-07-13,121086665.700822
2020-07-14,124167138.542574
2020-07-15,118993507.769967
2020-07-16,117268964.179098
2020-07-17,101748071.861276
2020-07-18,112095333.40649
2020-07-19,112957605.201925
2020-07-20,121580323.15627
2020-07-21,107783974.429318
2020-07-22,124167138.542574
2020-07-23,117268964.179098
2020-07-24,138825759.064961
2020-07-25,122442594.951705
2020-07-26,136238943.678657
2020-07-27,128205972.903398
2020-07-28,121437040.395232
2020-07-29,123949530.886168
2020-07-30,113062072.092113
2020-07-31,128137015.037728
2020-08-01,114737065.752737
2020-08-02,118087053.073985
2020-08-03,135674486.510536
2020-08-04,121437040.395232
2020-08-05,108037091.110241
2020-08-06,130649505.528664
2020-08-07,127299518.207416
2020-08-08,118924549.904297
2020-08-09,130649505.528664
2020-08-10,114901504.532898
2020-08-11,129741892.842126
2020-08-12,132269332.313077
2020-08-13,123844534.076575
2020-08-14,140694130.549579
2020-08-15,131426852.489427
2020-08-16,128056933.194826
2020-08-17,105309977.956271
2020-08-18,117947175.311024
2020-08-19,116262215.6637237
2020-08-20,123002054.25292504
2020-08-21,130584372.6657766
2020-08-22,114577256.01642336
2020-08-23,132269332.31307696
2020-08-24,128441437.17505692
2020-08-25,111720008.69546376
2020-08-26,123939384.6465301
2020-08-27,112592821.26339708
2020-08-28,142268448.57312962
2020-08-29,127430634.91826336
2020-08-30,110847196.12753049
2020-08-31,130921885.1899966
2020-09-01,134413135.46172985
2020-09-02,125685009.78239676
2020-09-03,112592821.26339708
2020-09-04,117829696.67099696
2020-09-05,123066572.0785968
2020-09-06,130921885.1899966
2020-09-07,151762133.7678071
2020-09-08,133652505.32879265
2020-09-09,128478859.9612265
2020-09-10,136239328.01257572
2020-09-11,118993843.45402186
2020-09-12,146586618.74770805
2020-09-13,139688424.9242865
2020-09-14,151760264.11527425
2020-09-15,134514779.55672038
2020-09-16,133652505.32879265
2020-09-17,153484812.57112962
2020-09-18,142275247.6080696
2020-09-19,128478859.9612265
2020-09-20,135165071.8298032
2020-09-21,139219832.7594406
2020-09-22,123857644.31701957
2020-09-23,136339422.42648664
2020-09-24,131538738.5382301
2020-09-25,162263115.42307216
2020-09-26,144020516.64769718
2020-09-27,145940790.2029998
2020-09-28,123857644.31701957
2020-09-29,135379285.64883536
2020-09-30,149781337.3136051
2020-10-01,119056960.428763
2020-10-02,130578601.76057878
2020-10-03,144980653.4253485
2020-10-04,151592064.050859
2020-10-05,134303836.4311328
2020-10-06,124710705.25748046
2020-10-07,144856280.7221504
2020-10-08,155408725.01316798
2020-10-09,136222462.66586328
2020-10-10,137181775.78322852
2020-10-11,134303836.4311328
2020-10-12,142937654.4874199
2020-10-13,159245977.48262888
2020-10-14,142937654.4874199
2020-10-15,144856280.7221504
2020-10-16,148693533.1916113
2020-10-17,152419671.45957646
2020-10-18,119288755.698985
2020-10-19,124259120.51977606
2020-10-20,143146506.838782
2020-10-21,129229485.3405671
2020-10-22,136187996.08967456
2020-10-23,130223558.30472532
2020-10-24,151099090.55204767
2020-10-25,116306536.8065104
2020-10-26,109348026.05740292
2020-10-27,98413223.45166264
2020-10-28,99407296.41582084
2020-10-29,107359880.12908652
2020-10-30,110342099.02156112
2020-10-31,112330244.94987756
2020-11-01,124259120.51977606
2020-11-02,94436931.5950298
2020-11-03,124332259.0484446
2020-11-04,132689483.0919183
2020-11-05,122675182.48120748
2020-11-06,127682332.78656287
2020-11-07,121840657.43031491
2020-11-08,115164457.02317438
2020-11-09,154387134.41512507
2020-11-10,122675182.48120748
2020-11-11,122675182.48120748
2020-11-12,133524008.14281088
2020-11-13,115998982.07406694
2020-11-14,118502557.22674464
2020-11-15,125178757.6338852
2020-11-16,135534841.86269382
2020-11-17,137334450.8705656
2020-11-18,147831351.5740483
2020-11-19,119839616.36476108
2020-11-20,146956609.8487581
2020-11-21,147831351.5740483
2020-11-22,152205060.20049945
2020-11-23,128587033.61766332
2020-11-24,118964874.63947085
2020-11-25,135584967.41998515
2020-11-26,131211258.793534
2020-11-27,134710225.69469494
2020-11-28,134710225.69469494
2020-11-29,135399801.26976258
2020-11-30,107610727.917311
2020-12-01,144750713.6586838
2020-12-02,124752259.79794464
2020-12-03,149512250.29219317
2020-12-04,137132255.0450689
2020-12-05,137132255.0450689
2020-12-06,129513796.43145394
2020-12-07,142846099.00528008
2020-12-08,137132255.0450689
2020-12-09,132370718.41155957
2020-12-10,123799952.47124276
2020-12-11,131418411.08485769
2020-12-12,125704567.1246465
2020-12-13,148463110.1109586
2020-12-14,134574371.39496115
2020-12-15,129933875.82961763
2020-12-16,132718173.16882376
2020-12-17,119724785.58586197
2020-12-18,145711560.75178552
2020-12-19,146639659.8648542
2020-12-20,140142966.07337332
2020-12-21,126221479.37734284
2020-12-22,132718173.16882376
2020-12-23,142927263.41257942
2020-12-24,116940488.24665588
2020-12-25,133646272.28189243
2020-12-26,127149578.49041158
2020-12-27,137358668.73416725
2020-12-28,147938033.9968089
2020-12-29,140537799.38571388
2020-12-30,159029615.0943604
2020-12-31,153482070.38176647
2021-01-01,137764027.0294169
2021-01-02,139613208.60028157
2021-01-03,146085344.09830785
2021-01-04,159954205.87979275
2021-01-05,145160753.31287554
2021-01-06,163652569.02152207
2021-01-07,155331251.95263115
2021-01-08,136839436.24398455
2021-01-09,133808024.52210464
2021-01-10,162879650.9247733
2021-01-11,157757649.32336533
2021-01-12,151611247.4016758
2021-01-13,155708848.68280214
2021-01-14,150586847.08139417
2021-01-15,158782049.6436469
2021-01-16,150586847.08139417
2021-01-17,136245242.59745187
2021-01-18,148538046.440831
2021-01-19,152635647.72195736
2021-01-20,144440445.1597046
2021-01-21,132147641.31632549
2021-01-22,145464845.4799862
2021-01-23,159781151.23197326
2021-01-24,143884925.38771522
2021-01-25,144920068.73582825
2021-01-26,166658079.0462025
2021-01-27,146990355.43205437
2021-01-28,150095785.47639358
2021-01-29,157341788.913185
2021-01-30,140779495.34337604
2021-01-31,149060642.12828052
2021-02-01,124217201.7735671
2021-02-02,157341788.913185
2021-02-03,155271502.21695888
2021-02-04,165622935.69808948
2021-02-05,174939225.83110696
2021-02-06,169021265.50315762
2021-02-07,166219498.0035569
2021-02-08,172612555.6190783
2021-02-09,152367873.16992718
2021-02-10,152367873.16992718
2021-02-11,137450738.7337105
2021-02-12,151302363.56734022
2021-02-13,167285007.6061438
2021-02-14,158760930.78544855
2021-02-15,160891949.9906224
2021-02-16,128926661.9130153
2021-02-17,147040325.15699264
2021-02-18,145974815.55440575
2021-02-19,163181402.20420986
2021-02-20,157667240.0893604
2021-02-21,152267677.07260144
2021-02-22,143628376.2457872
2021-02-23,137148900.6256765
2021-02-24,171706103.93293357
2021-02-25,168466366.12287825
2021-02-26,150107851.8658979
2021-02-27,169546278.72623003
2021-02-28,141468551.03908366
2021-03-01,140388638.43573186
2021-03-02,154427502.27930507
2021-03-03,164146715.7094711
2021-03-04,138228813.22902828
2021-03-05,160906977.89941573
2021-03-06,162254330.9888254
2021-03-07,155665151.9066483
2021-03-08,165260948.9419896
2021-03-09,149267953.88308737
2021-03-10,158863750.91842875
2021-03-11,140738356.51833954
2021-03-12,159929950.58902222
2021-03-13,152466552.89486787
2021-03-14,167393348.28317663
2021-03-15,157797551.24783528
2021-03-16,158863750.91842875
2021-03-17,145003155.2007135
2021-03-18,162062349.9302092
2021-03-19,158357615.36380938
2021-03-20,167389189.0439892
2021-03-21,169563074.61598912
2021-03-22,164128360.68598944
2021-03-23,174997788.54598877
2021-03-24,165215303.47198936
2021-03-25,167389189.0439892
2021-03-26,147824218.8959905
2021-03-27,172823902.97398886
2021-03-28,172823902.97398886
2021-03-29,164128360.68598944
2021-03-30,158693646.7559898
2021-03-31,170650017.401989
2021-04-01,157606703.96998987
2021-04-02,160517766.38346806
2021-04-03,150672055.73110902
2021-04-04,167924581.1965032
2021-04-05,179426264.84009933
2021-04-06,165624244.467784
2021-04-07,180576433.2044589
2021-04-08,154122560.82418784
2021-04-09,174825591.38266087
2021-04-10,180576433.2044589
2021-04-11,166774412.8321436
2021-04-12,165624244.467784
2021-04-13,163323907.73906472
2021-04-14,155272729.1885475
2021-04-15,198514005.7096344
2021-04-16,120743465.5644424
2021-04-17,106676265.69285686
2021-04-18,145361065.33971703
2021-04-19,113709865.62864962
2021-04-20,150050131.96357888
2021-04-21,118398932.25251149
2021-04-22,167634131.8030608
2021-04-23,158255998.5553371
2021-04-24,169978665.11499172
2021-04-25,165289598.49112985
2021-04-26,133638398.78006244
2021-04-27,166461865.14709532
2021-04-28,166461865.14709532
2021-04-29,143016532.0277861
2021-04-30,169978665.11499172
2021-05-01,158954589.9843886
2021-05-02,189527186.50027972
2021-05-03,181331416.27324063
2021-05-04,185429301.3867602
2021-05-05,160841990.70564282
2021-05-06,174160117.3245814
2021-05-07,176209059.88134116
2021-05-08,175184588.60296133
2021-05-09,190551657.77865964
2021-05-10,184404830.1083803
2021-05-11,176209059.88134116
2021-05-12,176209059.88134116
2021-05-13,185896531.25400168
2021-05-14,166839065.28467855
2021-05-15,153143321.1195184
2021-05-16,164348929.98192218
2021-05-17,150653185.81676203
2021-05-18,124506765.13781984
2021-05-19,155633456.42227483
2021-05-20,139447576.95435822
2021-05-21,136957441.6516018
2021-05-22,144427847.55987102
2021-05-23,148163050.51400563
2021-05-24,156878524.07365298
2021-05-25,153143321.1195184
2021-05-26,151898253.46814018
2021-05-27,145672915.21124923
2021-05-28,148163050.51400563
2021-05-29,144427847.55987102
2021-05-30,151858199.84334671
2021-05-31,147526659.02062267
2021-06-01,148572947.38247102
2021-06-02,173683868.0668324
2021-06-03,153804389.191713
2021-06-04,137063775.4021388
2021-06-05,137063775.4021388
2021-06-06,156943254.27725816
2021-06-07,139156352.12583557
2021-06-08,155896965.91540977
2021-06-09,131832333.59289683
2021-06-10,123462026.69810976
2021-06-11,109860277.9940807
2021-06-12,138110063.76398718
2021-06-13,136724465.12868512
2021-06-14,133766696.2189013
2021-06-15,129803238.5531561
2021-06-16,121876323.22166562
2021-06-17,128812374.13671976
2021-06-18,122867187.63810194
2021-06-19,102059034.89293952
2021-06-20,104040763.72581212
2021-06-21,104040763.72581212
2021-06-22,90168661.89570382
2021-06-23,100077306.0600669
2021-06-24,104040763.72581212
2021-06-25,108995085.80799364
2021-06-26,88186933.06283121
2021-06-27,58461000.56974205
2021-06-28,86205204.22995861
2021-06-29,89177797.47926754
2021-06-30,88186933.06283121
2021-07-01,94132119.56144908
2021-07-02,89177797.47926754
2021-07-03,98706076.21227616
2021-07-04,82108836.0775171
2021-07-05,94246664.01941094
2021-07-06,101386562.80876024
2021-07-07,87820755.10899657
2021-07-08,99244593.17195548
2021-07-09,93532674.14047602
2021-07-10,114952370.50852396
2021-07-11,89248734.86686642
2021-07-12,89962724.74580133
2021-07-13,97102623.53515066
2021-07-14,121378279.41893832
2021-07-15,91390704.5036712
2021-07-16,107098481.84023967
2021-07-17,101997588.09440474
2021-07-18,97872242.0886884
2021-07-19,115543619.13247934
2021-07-20,82919538.43624988
2021-07-21,98551910.4365265
2021-07-22,103989257.2192314
2021-07-23,91755226.95814537
2021-07-24,104668925.56706952
2021-07-25,103989257.2192314
2021-07-26,101950252.17571706
2021-07-27,115543619.13247934
2021-07-28,106707930.61058386
2021-07-29,108746935.6540982
2021-07-30,112824945.7411269
2021-07-31,112465862.1258896
2021-08-01,110975800.79118258
2021-08-02,103048957.87752669
2021-08-03,121785132.03707698
2021-08-04,98004603.29610927
2021-08-05,115299533.28954034
2021-08-06,114578911.20648073
2021-08-07,120343887.87095772
2021-08-08,113858289.12342106
2021-08-09,109534556.62506332
2021-08-10,118902643.70483848
2021-08-11,105931446.20976518
2021-08-12,108813934.5420037
2021-08-13,108175319.62792765
2021-08-14,126820808.5468918
2021-08-15,140740165.58252627
2021-08-16,124500915.7076194
2021-08-17,133007189.45161822
2021-08-18,104395177.76725852
2021-08-19,119087832.41598378
2021-08-20,123727618.0945286
2021-08-21,131460594.22543664
2021-08-22,126820808.5468918
2021-08-23,152339629.77888831
2021-08-24,119087832.41598378
2021-08-25,130687447.2547367
2021-08-26,127844614.11993945
2021-08-27,127844614.11993945
2021-08-28,123466373.91035248
2021-08-29,136601094.53911337
2021-08-30,118212485.65884812
2021-08-31,126093318.03610466
2021-09-01,119963781.7426829
2021-09-02,130471558.2456916
2021-09-03,129595910.20377424
2021-09-04,135725446.49719596
2021-09-05,143606278.8744525
2021-09-06,150611463.20979166
2021-09-07,133974150.4133612
2021-09-08,129910433.67934506
2021-09-09,125412870.36132078
2021-09-10,124497447.94992428
2021-09-11,135482516.8866823
2021-09-12,134567094.4752858
2021-09-13,145552163.4120438
2021-09-14,153790965.11461234
2021-09-15,129989982.41830328
2021-09-16,124497447.94992428
2021-09-17,134567094.4752858
2021-09-18,141890473.7664578
2021-09-19,146467585.8234403
2021-09-20,150129275.4690263
2021-09-21,113928907.4435182
2021-09-22,126546633.84005068
2021-09-23,155822347.6388684
2021-09-24,139767923.94274256
2021-09-25,135990412.4848306
2021-09-26,131268523.16244064
2021-09-27,146378568.99408844
2021-09-28,143545435.4006545
2021-09-29,122769122.38213871
2021-09-30,161488614.82573634
2021-10-01,132212901.0269186
2021-10-02,177543038.52186212
2021-10-03,141656679.6716985
2021-10-04,147411968.39584854
2021-10-05,162177735.83152118
2021-10-06,129544410.9385932
2021-10-07,139433297.2697835
2021-10-08,118666635.97428384
2021-10-09,148333294.9678548
2021-10-10,157233292.66592607
2021-10-11,144377740.43537864
2021-10-12,132511076.83795026
2021-10-13,167122178.99711636
2021-10-14,135477742.7373074
2021-10-15,139433297.2697835
2021-10-16,131522188.20483124
2021-10-17,158222181.29904512
2021-10-18,146534419.32302314
2021-10-19,154737198.72913387
2021-10-20,148747371.68155453
2021-10-21,147749067.17362463
2021-10-22,157732112.25292358
2021-10-23,144754153.64983496
2021-10-24,152740589.71327412
2021-10-25,181691420.4432411
2021-10-26,149745676.18948442
2021-10-27,156733807.7449937
2021-10-28,152740589.71327412
2021-10-29,170710070.85601223
2021-10-30,154737198.72913387
2021-10-31,140175299.14944655
2021-11-01,159350397.00608382
2021-11-02,170117315.72271112
2021-11-03,173347391.33769932
2021-11-04,153966937.6477702
2021-11-05,166887240.1077229
2021-11-06,165810548.2360602
2021-11-07,164733856.36439747
2021-11-08,145353402.67446837
2021-11-09,163657164.49273473
2021-11-10,160427088.87774655
2021-11-11,170117315.72271112
2021-11-12,152890245.77610743
2021-11-13,164733856.36439747
2021-11-14,175094161.92837763
2021-11-15,170197841.36837798
2021-11-16,169070703.34607086
2021-11-17,167943565.3237637
2021-11-18,162307875.21222803
2021-11-19,154417909.05607805
2021-11-20,163435013.23453516
2021-11-21,148782218.94454235
2021-11-22,158926461.1453066
2021-11-23,148782218.94454235
2021-11-24,176960669.50222084
2021-11-25,146527942.89992806
2021-11-26,148782218.94454235
2021-11-27,161180737.1899209
2021-11-28,155225116.619112
2021-11-29,158774565.17985132
2021-11-30,148781760.37832215
2021-12-01,152112695.31216523
2021-12-02,172098304.91522342
2021-12-03,186532356.29520997
2021-12-04,172098304.91522342
2021-12-05,184311733.00598127
2021-12-06,190973602.87366727
2021-12-07,170987993.2706091
2021-12-08,186532356.29520997
2021-12-09,180980798.07213816
2021-12-10,173208616.55983782
2021-12-11,176161777.07292455
2021-12-12,168385593.54016247
2021-12-13,169588347.7797351
2021-12-14,178007627.4567432
2021-12-15,169588347.7797351
2021-12-16,138316737.55084777
2021-12-17,179210381.69631582
2021-12-18,153952542.66529143
2021-12-19,179210381.69631582
2021-12-20,173196610.49845287
2021-12-21,193643432.5711869
2021-12-22,178007627.4567432
2021-12-23,182818644.4150336
2021-12-24,181615890.175461
2021-12-25,177149566.7855162
2021-12-26,161682278.52670813
2021-12-27,178574456.88024485
2021-12-28,161682278.52670813
2021-12-29,174954704.37591556
2021-12-30,143583516.00506175
2021-12-31,179781041.0483546
2022-01-01,207532476.9148791
2022-01-02,190640298.56134245
2022-01-03,168921783.5353667
2022-01-04,177367872.71213505
2022-01-05,180987625.21646437
2022-01-06,176161288.5440253
2022-01-07,168921783.5353667
2022-01-08,174242949.24269608
2022-01-09,170826076.6426718
2022-01-10,172037609.10113046
2022-01-11,191422128.4364691
2022-01-12,168403011.72575447
2022-01-13,216864310.0641011
2022-01-14,192633660.89492777
2022-01-15,201114388.1041385
2022-01-16,212018180.23026645
2022-01-17,195056725.81184512
2022-01-18,164768414.35037845
2022-01-19,209595115.3133491
2022-01-20,204748985.4795144
2022-01-21,175442615.30802113
2022-01-22,177474949.66786668
2022-01-23,186746029.1281284
2022-01-24,198665988.4341792
2022-01-25,201314868.2799682
2022-01-26,172177189.9762886
2022-01-27,173501629.89918315
2022-01-28,203963748.12575728
2022-01-29,197341548.51128465
2022-01-30,193368228.74260104
2022-01-31,189394908.97391748
2022-02-01,203963748.12575728
2022-02-02,202639308.20286277
2022-02-03,194692668.66549557
2022-02-04,172445464.54596007
2022-02-05,157888391.82261464
2022-02-06,206979740.54057044
2022-02-07,180443876.3687024
2022-02-08,204326154.12338364
2022-02-09,185751049.203076
2022-02-10,195038601.66322985
2022-02-11,188404635.6202628
2022-02-12,248110330.00696588
2022-02-13,209633326.9577572
2022-02-14,202999360.9147902
2022-02-15,232188811.50384504
2022-02-16,206979740.54057044
2022-02-17,213256529.5453799
2022-02-18,186294128.8834766
2022-02-19,207147949.28088072
2022-02-20,200196675.81507933
