Date,Volume
2015-02-20,23876700
2015-02-21,12284200
2015-02-22,19527000
2015-02-23,16400000
2015-02-24,14200400
2015-02-25,11496200
2015-02-26,13619400
2015-02-27,44013900
2015-02-28,13949300
2015-03-01,25213700
2015-03-02,40465700
2015-03-03,50461300
2015-03-04,41383000
2015-03-05,41302400
2015-03-06,28918900
2015-03-07,17825900
2015-03-08,22067900
2015-03-09,59178200
2015-03-10,67770800
2015-03-11,33963900
2015-03-12,32585200
2015-03-13,31421500
2015-03-14,22612300
2015-03-15,11970100
2015-03-16,21516100
2015-03-17,21497200
2015-03-18,57008000
2015-03-19,52732000
2015-03-20,18456700
2015-03-21,17130100
2015-03-22,18438100
2015-03-23,22811900
2015-03-24,40073700
2015-03-25,35866900
2015-03-26,25730000
2015-03-27,17274900
2015-03-28,16040900
2015-03-29,21699400
2015-03-30,23009600
2015-03-31,22672000
2015-04-01,22877200
2015-04-02,26272600
2015-04-03,23146600
2015-04-04,12493500
2015-04-05,19649200
2015-04-06,20034200
2015-04-07,18467400
2015-04-08,30086400
2015-04-09,21643500
2015-04-10,28882000
2015-04-11,16365200
2015-04-12,12387900
2015-04-13,31181800
2015-04-14,31719000
2015-04-15,22562000
2015-04-16,24805400
2015-04-17,20429800
2015-04-18,12939000
2015-04-19,15021500
2015-04-20,18364700
2015-04-21,24978000
2015-04-22,23847900
2015-04-23,17036000
2015-04-24,21448700
2015-04-25,13957200
2015-04-26,28943700
2015-04-27,38574000
2015-04-28,21469200
2015-04-29,18936500
2015-04-30,33818600
2015-05-01,18815300
2015-05-02,12535500
2015-05-03,18494100
2015-05-04,21223400
2015-05-05,23929100
2015-05-06,29587200
2015-05-07,29064400
2015-05-08,27445500
2015-05-09,19790500
2015-05-10,15019100
2015-05-11,20892300
2015-05-12,19282600
2015-05-13,27180100
2015-05-14,24413700
2015-05-15,16329400
2015-05-16,11089700
2015-05-17,11134300
2015-05-18,16780300
2015-05-19,14241900
2015-05-20,15499400
2015-05-21,15108900
2015-05-22,27003000
2015-05-23,14605000
2015-05-24,11508000
2015-05-25,14423900
2015-05-26,16425000
2015-05-27,18837000
2015-05-28,13829600
2015-05-29,14805000
2015-05-30,14098600
2015-05-31,14730800
2015-06-01,26090500
2015-06-02,20459000
2015-06-03,17752400
2015-06-04,14728100
2015-06-05,18056500
2015-06-06,11131500
2015-06-07,13318400
2015-06-08,23378400
2015-06-09,28353100
2015-06-10,15904800
2015-06-11,14416000
2015-06-12,14017700
2015-06-13,13305300
2015-06-14,12165900
2015-06-15,19912100
2015-06-16,41612000
2015-06-17,43858400
2015-06-18,30980200
2015-06-19,23965300
2015-06-20,20608100
2015-06-21,10600900
2015-06-22,17692500
2015-06-23,15108700
2015-06-24,17344900
2015-06-25,16133100
2015-06-26,13983500
2015-06-27,20488600
2015-06-28,15137600
2015-06-29,34742900
2015-06-30,44533800
2015-07-01,27029800
2015-07-02,21551900
2015-07-03,19033800
2015-07-04,15620400
2015-07-05,44156100
2015-07-06,49154800
2015-07-07,28857600
2015-07-08,36980200
2015-07-09,40301200
2015-07-10,100390000
2015-07-11,41109900
2015-07-12,56405000
2015-07-13,62053900
2015-07-14,28727200
2015-07-15,27486600
2015-07-16,49482600
2015-07-17,27591400
2015-07-18,25187100
2015-07-19,15332500
2015-07-20,22711400
2015-07-21,22930700
2015-07-22,19389800
2015-07-23,18531300
2015-07-24,37199400
2015-07-25,20662200
2015-07-26,16032300
2015-07-27,30592000
2015-07-28,25453600
2015-07-29,24672600
2015-07-30,21635800
2015-07-31,23629100
2015-08-01,18995000
2015-08-02,17722200
2015-08-03,21474100
2015-08-04,21908700
2015-08-05,20128000
2015-08-06,18792100
2015-08-07,42484800
2015-08-08,58533000
2015-08-09,23789600
2015-08-10,20979400
2015-08-11,25433900
2015-08-12,26815400
2015-08-13,27685500
2015-08-14,27091200
2015-08-15,19321100
2015-08-16,29717000
2015-08-17,21617900
2015-08-18,42147200
2015-08-19,60869200
2015-08-20,32275000
2015-08-21,23173800
2015-08-22,23205900
2015-08-23,18406600
2015-08-24,59220700
2015-08-25,61089200
2015-08-26,31808000
2015-08-27,21905400
2015-08-28,31336600
2015-08-29,17142500
2015-08-30,19412600
2015-08-31,20710700
2015-09-01,20575200
2015-09-02,18760400
2015-09-03,17482000
2015-09-04,20962400
2015-09-05,20671400
2015-09-06,25473700
2015-09-07,21192200
2015-09-08,26879200
2015-09-09,23635700
2015-09-10,21215500
2015-09-11,19224700
2015-09-12,17962600
2015-09-13,18478800
2015-09-14,20997800
2015-09-15,19177800
2015-09-16,20144200
2015-09-17,18935400
2015-09-18,20242200
2015-09-19,12712600
2015-09-20,14444700
2015-09-21,19678800
2015-09-22,25009300
2015-09-23,17254100
2015-09-24,25097800
2015-09-25,22363600
2015-09-26,13724100
2015-09-27,14179900
2015-09-28,24713000
2015-09-29,22691300
2015-09-30,19743500
2015-10-01,20488800
2015-10-02,19677900
2015-10-03,16482700
2015-10-04,12999000
2015-10-05,23335900
2015-10-06,27535100
2015-10-07,22999200
2015-10-08,18515300
2015-10-09,17353100
2015-10-10,15912700
2015-10-11,16827300
2015-10-12,17388300
2015-10-13,28198500
2015-10-14,27462600
2015-10-15,25223500
2015-10-16,35901500
2015-10-17,43199600
2015-10-18,22434300
2015-10-19,25258800
2015-10-20,30889800
2015-10-21,25637300
2015-10-22,37808600
2015-10-23,29442500
2015-10-24,25942400
2015-10-25,45717100
2015-10-26,32108800
2015-10-27,46331800
2015-10-28,50808100
2015-10-29,64495900
2015-10-30,78305000
2015-10-31,48598100
2015-11-01,37001100
2015-11-02,101918000
2015-11-03,206162000
2015-11-04,263900000
2015-11-05,151824992
2015-11-06,122687000
2015-11-07,56625100
2015-11-08,51817600
2015-11-09,68224400
2015-11-10,95797904
2015-11-11,107070000
2015-11-12,78477800
2015-11-13,52003000
2015-11-14,38612000
2015-11-15,44213100
2015-11-16,47980100
2015-11-17,51001600
2015-11-18,43783800
2015-11-19,45011100
2015-11-20,53152900
2015-11-21,28200500
2015-11-22,23439400
2015-11-23,27478900
2015-11-24,29362600
2015-11-25,41666900
2015-11-26,106105000
2015-11-27,55179100
2015-11-28,36816600
2015-11-29,40409300
2015-11-30,71701600
2015-12-01,60452200
2015-12-02,54160500
2015-12-03,50714900
2015-12-04,35784100
2015-12-05,66282200
2015-12-06,77762000
2015-12-07,63455800
2015-12-08,57801400
2015-12-09,90917200
2015-12-10,52138900
2015-12-11,110944000
2015-12-12,131969000
2015-12-13,55050600
2015-12-14,130496000
2015-12-15,83121104
2015-12-16,107944000
2015-12-17,47978400
2015-12-18,60220100
2015-12-19,47892700
2015-12-20,75409400
2015-12-21,77639696
2015-12-22,50840400
2015-12-23,47161400
2015-12-24,57157200
2015-12-25,39078500
2015-12-26,116166000
2015-12-27,53591200
2015-12-28,49638600
2015-12-29,51596500
2015-12-30,46889400
2015-12-31,45996600
2016-01-01,36278900
2016-01-02,30096600
2016-01-03,39633800
2016-01-04,38477500
2016-01-05,34522600
2016-01-06,34042500
2016-01-07,87562200
2016-01-08,56993000
2016-01-09,32278000
2016-01-10,35995900
2016-01-11,40450000
2016-01-12,115607000
2016-01-13,173888000
2016-01-14,43945500
2016-01-15,153351008
2016-01-16,120352000
2016-01-17,45319600
2016-01-18,54403900
2016-01-19,46819800
2016-01-20,121720000
2016-01-21,68338000
2016-01-22,91546600
2016-01-23,56247400
2016-01-24,54824800
2016-01-25,59062400
2016-01-26,58147000
2016-01-27,47424400
2016-01-28,59247900
2016-01-29,86125296
2016-01-30,30284400
2016-01-31,37894300
2016-02-01,51656700
2016-02-02,40378700
2016-02-03,45933400
2016-02-04,69285504
2016-02-05,43825000
2016-02-06,49249300
2016-02-07,37076300
2016-02-08,47671100
2016-02-09,55318500
2016-02-10,85130896
2016-02-11,74375600
2016-02-12,67042800
2016-02-13,61911700
2016-02-14,74469800
2016-02-15,74070496
2016-02-16,73093104
2016-02-17,83193600
2016-02-18,76752600
2016-02-19,55711300
2016-02-20,93992096
2016-02-21,89820704
2016-02-22,85385200
2016-02-23,85244896
2016-02-24,67743696
2016-02-25,70798000
2016-02-26,61486000
2016-02-27,41893600
2016-02-28,53033400
2016-02-29,60694700
2016-03-01,74895800
2016-03-02,74955296
2016-03-03,100484000
2016-03-04,90856096
2016-03-05,135384992
2016-03-06,91212496
2016-03-07,85762400
2016-03-08,70311696
2016-03-09,70012304
2016-03-10,81022896
2016-03-11,73969696
2016-03-12,92712896
2016-03-13,74322800
2016-03-14,95259400
2016-03-15,66781700
2016-03-16,65185800
2016-03-17,83528600
2016-03-18,104940000
2016-03-19,58423000
2016-03-20,45947900
2016-03-21,61655400
2016-03-22,66813300
2016-03-23,61444200
2016-03-24,68346704
2016-03-25,52560000
2016-03-26,44650400
2016-03-27,71229400
2016-03-28,68522800
2016-03-29,75411504
2016-03-30,66034100
2016-03-31,60215200
2016-04-01,51235700
2016-04-02,45681200
2016-04-03,38053700
2016-04-04,50634300
2016-04-05,60718000
2016-04-06,59091000
2016-04-07,57858600
2016-04-08,63454700
2016-04-09,49792700
2016-04-10,73478600
2016-04-11,50747500
2016-04-12,70728800
2016-04-13,69060400
2016-04-14,45281000
2016-04-15,54801500
2016-04-16,39392800
2016-04-17,52125900
2016-04-18,55670900
2016-04-19,52810500
2016-04-20,72890096
2016-04-21,68204704
2016-04-22,58804400
2016-04-23,50485400
2016-04-24,68198400
2016-04-25,87091800
2016-04-26,78971904
2016-04-27,93564896
2016-04-28,74064704
2016-04-29,49258500
2016-04-30,69322600
2016-05-01,40660100
2016-05-02,92127000
2016-05-03,59366400
2016-05-04,50407300
2016-05-05,50440800
2016-05-06,72796800
2016-05-07,38364500
2016-05-08,40315000
2016-05-09,55493100
2016-05-10,58956100
2016-05-11,50605200
2016-05-12,59849300
2016-05-13,60845000
2016-05-14,37209000
2016-05-15,28514000
2016-05-16,59171500
2016-05-17,64100300
2016-05-18,86850096
2016-05-19,96027400
2016-05-20,81987904
2016-05-21,42762300
2016-05-22,39657600
2016-05-23,50582500
2016-05-24,65783100
2016-05-25,65231000
2016-05-26,65203800
2016-05-27,164780992
2016-05-28,181199008
2016-05-29,148736992
2016-05-30,87958704
2016-05-31,138450000
2016-06-01,86061800
2016-06-02,60378200
2016-06-03,122020000
2016-06-04,94925296
2016-06-05,68874096
2016-06-06,72138896
2016-06-07,107770000
2016-06-08,80265800
2016-06-09,71301000
2016-06-10,66991900
2016-06-11,82357000
2016-06-12,277084992
2016-06-13,243295008
2016-06-14,186694000
2016-06-15,99223800
2016-06-16,271633984
2016-06-17,363320992
2016-06-18,252718000
2016-06-19,136184992
2016-06-20,174511008
2016-06-21,309944000
2016-06-22,266392992
2016-06-23,253462000
2016-06-24,224316992
2016-06-25,126656000
2016-06-26,109225000
2016-06-27,122134000
2016-06-28,138384992
2016-06-29,142456000
2016-06-30,138980000
2016-07-01,134431008
2016-07-02,112354000
2016-07-03,129512000
2016-07-04,92008400
2016-07-05,130476000
2016-07-06,134960992
2016-07-07,258091008
2016-07-08,141970000
2016-07-09,180536000
2016-07-10,102532000
2016-07-11,107910000
2016-07-12,138172992
2016-07-13,131449000
2016-07-14,98511400
2016-07-15,81673104
2016-07-16,50330200
2016-07-17,74407904
2016-07-18,69465000
2016-07-19,61203300
2016-07-20,94636400
2016-07-21,60491800
2016-07-22,134169000
2016-07-23,69532200
2016-07-24,118184000
2016-07-25,78176496
2016-07-26,225135008
2016-07-27,147460992
2016-07-28,86428400
2016-07-29,60703500
2016-07-30,38456100
2016-07-31,110818000
2016-08-01,121887000
2016-08-02,330932992
2016-08-03,207982000
2016-08-04,125292000
2016-08-05,66127900
2016-08-06,80797296
2016-08-07,82398400
2016-08-08,61194100
2016-08-09,92228096
2016-08-10,102905000
2016-08-11,74514400
2016-08-12,69218000
2016-08-13,43563000
2016-08-14,60851100
2016-08-15,57262300
2016-08-16,58405200
2016-08-17,54443000
2016-08-18,59896600
2016-08-19,50631600
2016-08-20,45301400
2016-08-21,38299400
2016-08-22,72844000
2016-08-23,85349200
2016-08-24,56328200
2016-08-25,136130000
2016-08-26,48856800
2016-08-27,59698300
2016-08-28,86301600
2016-08-29,110398000
2016-08-30,70342400
2016-08-31,75840896
2016-09-01,76923400
2016-09-02,79910800
2016-09-03,159014000
2016-09-04,97942896
2016-09-05,82446800
2016-09-06,78529104
2016-09-07,75032400
2016-09-08,86713000
2016-09-09,64550200
2016-09-10,45016800
2016-09-11,73610800
2016-09-12,72812304
2016-09-13,86920600
2016-09-14,47877700
2016-09-15,59464600
2016-09-16,64963400
2016-09-17,37140300
2016-09-18,48679400
2016-09-19,54796400
2016-09-20,72710896
2016-09-21,82776200
2016-09-22,67085300
2016-09-23,51067000
2016-09-24,35359500
2016-09-25,33977800
2016-09-26,59153800
2016-09-27,49422400
2016-09-28,48722600
2016-09-29,55658600
2016-09-30,56122400
2016-10-01,56357000
2016-10-02,39249800
2016-10-03,46798300
2016-10-04,49801600
2016-10-05,68077504
2016-10-06,56812100
2016-10-07,64071400
2016-10-08,42345900
2016-10-09,39243400
2016-10-10,67481104
2016-10-11,103590000
2016-10-12,92370200
2016-10-13,61620700
2016-10-14,58144600
2016-10-15,39035400
2016-10-16,40298100
2016-10-17,58063600
2016-10-18,65546700
2016-10-19,69381696
2016-10-20,56957300
2016-10-21,55951000
2016-10-22,78556496
2016-10-23,54474600
2016-10-24,62218200
2016-10-25,90378800
2016-10-26,88877104
2016-10-27,96105296
2016-10-28,81145504
2016-10-29,134760992
2016-10-30,100665000
2016-10-31,97064400
2016-11-01,130527000
2016-11-02,84865200
2016-11-03,172808000
2016-11-04,99907696
2016-11-05,53752300
2016-11-06,59902200
2016-11-07,65047100
2016-11-08,79660800
2016-11-09,132429000
2016-11-10,68807800
2016-11-11,63119700
2016-11-12,64622500
2016-11-13,80318096
2016-11-14,62993000
2016-11-15,72038496
2016-11-16,141294000
2016-11-17,108579000
2016-11-18,87363104
2016-11-19,110608000
2016-11-20,154116000
2016-11-21,60802400
2016-11-22,129906000
2016-11-23,76543800
2016-11-24,85919296
2016-11-25,67807600
2016-11-26,54962700
2016-11-27,52601800
2016-11-28,61888600
2016-11-29,68511104
2016-11-30,84070800
2016-12-01,80461904
2016-12-02,127605000
2016-12-03,69547296
2016-12-04,60557900
2016-12-05,106363000
2016-12-06,116218000
2016-12-07,96426096
2016-12-08,80111904
2016-12-09,68705296
2016-12-10,53843100
2016-12-11,57313400
2016-12-12,76571000
2016-12-13,81645600
2016-12-14,75979000
2016-12-15,81580096
2016-12-16,83608200
2016-12-17,78989800
2016-12-18,60524400
2016-12-19,74886400
2016-12-20,99629296
2016-12-21,155576000
2016-12-22,200027008
2016-12-23,275564000
2016-12-24,137727008
2016-12-25,143664992
2016-12-26,123771000
2016-12-27,167308000
2016-12-28,236630000
2016-12-29,199320000
2016-12-30,187474000
2016-12-31,99135104
2017-01-01,147775008
2017-01-02,222184992
2017-01-03,185168000
2017-01-04,344945984
2017-01-05,510199008
2017-01-06,351876000
2017-01-07,279550016
2017-01-08,158715008
2017-01-09,141876992
2017-01-10,115808000
2017-01-11,310928992
2017-01-12,222326000
2017-01-13,168968000
2017-01-14,93063296
2017-01-15,71013600
2017-01-16,82755200
2017-01-17,155095008
2017-01-18,225676992
2017-01-19,105625000
2017-01-20,86728400
2017-01-21,111158000
2017-01-22,116573000
2017-01-23,73588600
2017-01-24,111349000
2017-01-25,120831000
2017-01-26,131958000
2017-01-27,125594000
2017-01-28,68979600
2017-01-29,60851700
2017-01-30,78227296
2017-01-31,164582000
2017-02-01,150110000
2017-02-02,145820992
2017-02-03,201278000
2017-02-04,155064000
2017-02-05,114208000
2017-02-06,111762000
2017-02-07,146007008
2017-02-08,201855008
2017-02-09,407220000
2017-02-10,190452000
2017-02-11,102261000
2017-02-12,67530000
2017-02-13,100607000
2017-02-14,137946000
2017-02-15,89759400
2017-02-16,122277000
2017-02-17,136474000
2017-02-18,99073504
2017-02-19,77423296
2017-02-20,109478000
2017-02-21,186868992
2017-02-22,136100000
2017-02-23,189454000
2017-02-24,330759008
2017-02-25,139960992
2017-02-26,116486000
2017-02-27,131570000
2017-02-28,184956000
2017-03-01,229056992
2017-03-02,368275008
2017-03-03,315739008
2017-03-04,183270000
2017-03-05,134127000
2017-03-06,153656992
2017-03-07,291256000
2017-03-08,332603008
2017-03-09,212283008
2017-03-10,563795968
2017-03-11,283320000
2017-03-12,227176000
2017-03-13,380276992
2017-03-14,245306000
2017-03-15,297804992
2017-03-16,638568000
2017-03-17,706598976
2017-03-18,621302016
2017-03-19,406648000
2017-03-20,286529984
2017-03-21,337391008
2017-03-22,380840992
2017-03-23,248540000
2017-03-24,491038016
2017-03-25,435803008
2017-03-26,303668000
2017-03-27,372535008
2017-03-28,326332000
2017-03-29,298457984
2017-03-30,352968992
2017-03-31,447287008
2017-04-01,289633984
2017-04-02,514187008
2017-04-03,580444032
2017-04-04,436310016
2017-04-05,414784000
2017-04-06,511222016
2017-04-07,317022016
2017-04-08,209312000
2017-04-09,242343008
2017-04-10,215883008
2017-04-11,216182000
2017-04-12,288702016
2017-04-13,351968992
2017-04-14,254827008
2017-04-15,203559008
2017-04-16,183231008
2017-04-17,253206000
2017-04-18,270524000
2017-04-19,288060992
2017-04-20,315108000
2017-04-21,272167008
2017-04-22,249320000
2017-04-23,258951008
2017-04-24,235806000
2017-04-25,242556000
2017-04-26,329631008
2017-04-27,449196992
2017-04-28,527488992
2017-04-29,422705984
2017-04-30,413115008
2017-05-01,713624000
2017-05-02,477337984
2017-05-03,583795968
2017-05-04,933548992
2017-05-05,946035968
2017-05-06,582529984
2017-05-07,1080029952
2017-05-08,1340320000
2017-05-09,1167920000
2017-05-10,915723008
2017-05-11,799489984
2017-05-12,740984000
2017-05-13,579635008
2017-05-14,437196000
2017-05-15,731529024
2017-05-16,959044992
2017-05-17,1064729984
2017-05-18,894321024
2017-05-19,1157289984
2017-05-20,961336000
2017-05-21,1147859968
2017-05-22,1942220032
2017-05-23,1378749952
2017-05-24,1725379968
2017-05-25,2406700032
2017-05-26,1763480064
2017-05-27,1700480000
2017-05-28,1147139968
2017-05-29,994625024
2017-05-30,1443970048
2017-05-31,1544829952
2017-06-01,1653180032
2017-06-02,1317030016
2017-06-03,1514950016
2017-06-04,1355120000
2017-06-05,1369309952
2017-06-06,2089609984
2017-06-07,1517709952
2017-06-08,1281170048
2017-06-09,1348950016
2017-06-10,2018889984
2017-06-11,1752400000
2017-06-12,2569530112
2017-06-13,1781200000
2017-06-14,1696560000
2017-06-15,2026259968
2017-06-16,1195190016
2017-06-17,1534509952
2017-06-18,1178659968
2017-06-19,1446840064
2017-06-20,1854189952
2017-06-21,1626579968
2017-06-22,1097939968
2017-06-23,961318976
2017-06-24,982750016
2017-06-25,1161100032
2017-06-26,1663280000
2017-06-27,1489789952
2017-06-28,1183869952
2017-06-29,949979008
2017-06-30,860273024
2017-07-01,779913984
2017-07-02,803747008
2017-07-03,964112000
2017-07-04,985516032
2017-07-05,941566016
2017-07-06,761956992
2017-07-07,917411968
2017-07-08,733329984
2017-07-09,527856000
2017-07-10,1111200000
2017-07-11,1329760000
2017-07-12,1117410048
2017-07-13,835769984
2017-07-14,882502976
2017-07-15,993608000
2017-07-16,1182870016
2017-07-17,1201760000
2017-07-18,1512450048
2017-07-19,1245100032
2017-07-20,2249260032
2017-07-21,1489449984
2017-07-22,1177129984
2017-07-23,1072840000
2017-07-24,866473984
2017-07-25,1460089984
2017-07-26,937404032
2017-07-27,789104000
2017-07-28,1380099968
2017-07-29,803745984
2017-07-30,705942976
2017-07-31,860574976
2017-08-01,1324669952
2017-08-02,1094950016
2017-08-03,804796992
2017-08-04,1002120000
2017-08-05,1945699968
2017-08-06,1105030016
2017-08-07,1482279936
2017-08-08,1752760064
2017-08-09,1468960000
2017-08-10,1515110016
2017-08-11,2021190016
2017-08-12,2219589888
2017-08-13,3159089920
2017-08-14,2463089920
2017-08-15,3258050048
2017-08-16,2272039936
2017-08-17,2553359872
2017-08-18,2941710080
2017-08-19,2975820032
2017-08-20,2109769984
2017-08-21,2800890112
2017-08-22,3764239872
2017-08-23,2369819904
2017-08-24,2037750016
2017-08-25,1727970048
2017-08-26,1511609984
2017-08-27,1537459968
2017-08-28,1959330048
2017-08-29,2486080000
2017-08-30,1937849984
2017-08-31,1944930048
2017-09-01,2599079936
2017-09-02,2722139904
2017-09-03,1933190016
2017-09-04,2987330048
2017-09-05,2697969920
2017-09-06,2172100096
2017-09-07,1844620032
2017-09-08,2700890112
2017-09-09,1386230016
2017-09-10,1679090048
2017-09-11,1557330048
2017-09-12,1864530048
2017-09-13,2219409920
2017-09-14,2716310016
2017-09-15,4148069888
2017-09-16,1818400000
2017-09-17,1239149952
2017-09-18,1943209984
2017-09-19,1563980032
2017-09-20,1213830016
2017-09-21,1411480064
2017-09-22,1194829952
2017-09-23,928113984
2017-09-24,768014976
2017-09-25,1374210048
2017-09-26,1043740032
2017-09-27,1686880000
2017-09-28,1712320000
2017-09-29,1367049984
2017-09-30,1207449984
2017-10-01,1208210048
2017-10-02,1431730048
2017-10-03,1288019968
2017-10-04,1116770048
2017-10-05,1161769984
2017-10-06,1069939968
2017-10-07,906928000
2017-10-08,1313869952
2017-10-09,1968739968
2017-10-10,1597139968
2017-10-11,1222279936
2017-10-12,2791610112
2017-10-13,3615480064
2017-10-14,1669030016
2017-10-15,1976039936
2017-10-16,2008070016
2017-10-17,1821570048
2017-10-18,2399269888
2017-10-19,1780540032
2017-10-20,2354429952
2017-10-21,2207099904
2017-10-22,2034630016
2017-10-23,2401840128
2017-10-24,2735699968
2017-10-25,1966989952
2017-10-26,1905040000
2017-10-27,1710130048
2017-10-28,1403920000
2017-10-29,2859040000
2017-10-30,1772150016
2017-10-31,2311379968
2017-11-01,2870320128
2017-11-02,4653770240
2017-11-03,3369860096
2017-11-04,2483800064
2017-11-05,2380410112
2017-11-06,3111899904
2017-11-07,2326340096
2017-11-08,4602200064
2017-11-09,3226249984
2017-11-10,5208249856
2017-11-11,4908680192
2017-11-12,8957349888
2017-11-13,6263249920
2017-11-14,3197110016
2017-11-15,4200880128
2017-11-16,5123809792
2017-11-17,4651670016
2017-11-18,3667190016
2017-11-19,3149319936
2017-11-20,3488450048
2017-11-21,4277609984
2017-11-22,3633530112
2017-11-23,4225179904
2017-11-24,5058610176
2017-11-25,4342060032
2017-11-26,5475579904
2017-11-27,5653320192
2017-11-28,6348819968
2017-11-29,11568799744
2017-11-30,8310689792
2017-12-01,6783119872
2017-12-02,5138500096
2017-12-03,6608309760
2017-12-04,6132409856
2017-12-05,6895260160
2017-12-06,12656300032
2017-12-07,17950699520
2017-12-08,21135998976
2017-12-09,13911300096
2017-12-10,13433299968
2017-12-11,12153900032
2017-12-12,14603799552
2017-12-13,12976900096
2017-12-14,13777399808
2017-12-15,14309999616
2017-12-16,12740599808
2017-12-17,13314599936
2017-12-18,14839499776
2017-12-19,16894499840
2017-12-20,22149699584
2017-12-21,16516599808
2017-12-22,22197999616
2017-12-23,13086000128
2017-12-24,11572299776
2017-12-25,10664699904
2017-12-26,13454300160
2017-12-27,12487600128
2017-12-28,12336499712
2017-12-29,13025500160
2017-12-30,14452599808
2017-12-31,12136299520
2018-01-01,10291200000
2018-01-02,16846600192
2018-01-03,16871900160
2018-01-04,21783199744
2018-01-05,23840899072
2018-01-06,18314600448
2018-01-07,15866000384
2018-01-08,18413899776
2018-01-09,16659999744
2018-01-10,18500800512
2018-01-11,16534099968
2018-01-12,12065699840
2018-01-13,12763599872
2018-01-14,11084099584
2018-01-15,12750799872
2018-01-16,18853799936
2018-01-17,18830600192
2018-01-18,15020399616
2018-01-19,10740400128
2018-01-20,11801700352
2018-01-21,9935179776
2018-01-22,10537400320
2018-01-23,9660609536
2018-01-24,9940989952
2018-01-25,8873169920
2018-01-26,9746199552
2018-01-27,7583269888
2018-01-28,8350360064
2018-01-29,7107359744
2018-01-30,8637859840
2018-01-31,8041160192
2018-02-01,9959400448
2018-02-02,12726899712
2018-02-03,7263790080
2018-02-04,7073549824
2018-02-05,9285289984
2018-02-06,13999800320
2018-02-07,9169280000
2018-02-08,9346750464
2018-02-09,6784820224
2018-02-10,7780960256
2018-02-11,6122189824
2018-02-12,6256439808
2018-02-13,5696719872
2018-02-14,7909819904
2018-02-15,9062540288
2018-02-16,7296159744
2018-02-17,8660880384
2018-02-18,8744009728
2018-02-19,7652089856
2018-02-20,9926540288
2018-02-21,9405339648
2018-02-22,8040079872
2018-02-23,7739500032
2018-02-24,6917929984
2018-02-25,5706939904
2018-02-26,7287690240
2018-02-27,6966179840
2018-02-28,6936189952
2018-03-01,7317279744
2018-03-02,7620590080
2018-03-03,6690570240
2018-03-04,6084149760
2018-03-05,6468539904
2018-03-06,6832169984
2018-03-07,8797910016
2018-03-08,7186089984
2018-03-09,8704190464
2018-03-10,5386319872
2018-03-11,6296370176
2018-03-12,6457399808
2018-03-13,5991139840
2018-03-14,6438230016
2018-03-15,6834429952
2018-03-16,5289379840
2018-03-17,4426149888
2018-03-18,6639190016
2018-03-19,6729110016
2018-03-20,6361789952
2018-03-21,6043129856
2018-03-22,5530390016
2018-03-23,5954120192
2018-03-24,5664600064
2018-03-25,4569880064
2018-03-26,5921039872
2018-03-27,5378250240
2018-03-28,4935289856
2018-03-29,6361229824
2018-03-30,6289509888
2018-03-31,4553269760
2018-04-01,4532100096
2018-04-02,4333440000
2018-04-03,5499700224
2018-04-04,4936000000
2018-04-05,5639320064
2018-04-06,3766810112
2018-04-07,3976610048
2018-04-08,3652499968
2018-04-09,4894060032
2018-04-10,4272750080
2018-04-11,4641889792
2018-04-12,8906250240
2018-04-13,7764460032
2018-04-14,5191430144
2018-04-15,5244480000
2018-04-16,5631309824
2018-04-17,6900879872
2018-04-18,6529909760
2018-04-19,7063209984
2018-04-20,8438110208
2018-04-21,7548550144
2018-04-22,6629899776
2018-04-23,6925190144
2018-04-24,10678800384
2018-04-25,11083100160
2018-04-26,8970559488
2018-04-27,7566289920
2018-04-28,7805479936
2018-04-29,8853000192
2018-04-30,8673920000
2018-05-01,7713019904
2018-05-02,7558159872
2018-05-03,10207299584
2018-05-04,8217829888
2018-05-05,7651939840
2018-05-06,7222280192
2018-05-07,7394019840
2018-05-08,7415869952
2018-05-09,7226890240
2018-05-10,6906699776
2018-05-11,8488520192
2018-05-12,6821380096
2018-05-13,5866379776
2018-05-14,7364149760
2018-05-15,6705710080
2018-05-16,6760220160
2018-05-17,5862530048
2018-05-18,5764190208
2018-05-19,4712399872
2018-05-20,5191059968
2018-05-21,5154990080
2018-05-22,5137010176
2018-05-23,6491120128
2018-05-24,6049220096
2018-05-25,4867829760
2018-05-26,4051539968
2018-05-27,4056519936
2018-05-28,5040600064
2018-05-29,5662660096
2018-05-30,4922540032
2018-05-31,5127130112
2018-06-01,4921460224
2018-06-02,4939299840
2018-06-03,4851760128
2018-06-04,4993169920
2018-06-05,4961739776
2018-06-06,4692259840
2018-06-07,4485799936
2018-06-08,4227579904
2018-06-09,3845220096
2018-06-10,5804839936
2018-06-11,4745269760
2018-06-12,4654380032
2018-06-13,5052349952
2018-06-14,5138710016
2018-06-15,3955389952
2018-06-16,3194170112
2018-06-17,3104019968
2018-06-18,4039200000
2018-06-19,4057029888
2018-06-20,3888640000
2018-06-21,3529129984
2018-06-22,5079810048
2018-06-23,3431360000
2018-06-24,4566909952
2018-06-25,5500810240
2018-06-26,3279759872
2018-06-27,3296219904
2018-06-28,3467800064
2018-06-29,3966230016
2018-06-30,4543860224
2018-07-01,4788259840
2018-07-02,4396930048
2018-07-03,4672309760
2018-07-04,4176689920
2018-07-05,4999240192
2018-07-06,4313959936
2018-07-07,3961080064
2018-07-08,3386210048
2018-07-09,3718129920
2018-07-10,4052430080
2018-07-11,3644859904
2018-07-12,3770170112
2018-07-13,3805400064
2018-07-14,2923670016
2018-07-15,3285459968
2018-07-16,4725799936
2018-07-17,5961950208
2018-07-18,6103410176
2018-07-19,5111629824
2018-07-20,4936869888
2018-07-21,3726609920
2018-07-22,3695460096
2018-07-23,5132480000
2018-07-24,7277689856
2018-07-25,5845400064
2018-07-26,4899089920
2018-07-27,5195879936
2018-07-28,3988750080
2018-07-29,4107190016
2018-07-30,5551400000
2018-07-31,5287530000
2018-08-01,4797620000
2018-08-02,4214110000
2018-08-03,4627150000
2018-08-04,4268390000
2018-08-05,3679110000
2018-08-06,3925900000
2018-08-07,4682800000
2018-08-08,5064430000
2018-08-09,4267040000
2018-08-10,4528680000
2018-08-11,4047850000
2018-08-12,5665250000
2018-08-13,4083980000
2018-08-14,5301700000
2018-08-15,4895450000
2018-08-16,4328420000
2018-08-17,4992990000
2018-08-18,3984520000
2018-08-19,3311170000
2018-08-20,3665100000
2018-08-21,3377180000
2018-08-22,4668110000
2018-08-23,3426180000
2018-08-24,4097820000
2018-08-25,3312600000
2018-08-26,3295500000
2018-08-27,4019000000
2018-08-28,4659940000
2018-08-29,4145880000
2018-08-30,4463250000
2018-08-31,4495650000
2018-09-01,4116050000
2018-09-02,4329540000
2018-09-03,4087760000
2018-09-04,4273640000
2018-09-05,5800460000
2018-09-06,5523470000
2018-09-07,4264680000
2018-09-08,3835060000
2018-09-09,3671890000
2018-09-10,3714100000
2018-09-11,3849910000
2018-09-12,4064230000
2018-09-13,4210910000
2018-09-14,4076220000
2018-09-15,3216300000
2018-09-16,3273730000
2018-09-17,3910780000
2018-09-18,4180090000
2018-09-19,4431340000
2018-09-20,4348110000
2018-09-21,6531940000
2018-09-22,4509660000
2018-09-23,4197500000
2018-09-24,4177310000
2018-09-25,4726180000
2018-09-26,4437300000
2018-09-27,4606810000
2018-09-28,5014430000
2018-09-29,4363690000
2018-09-30,4002280000
2018-10-01,4000970000
2018-10-02,3979260000
2018-10-03,3887310000
2018-10-04,3838410000
2018-10-05,3671500000
2018-10-06,3259740000
2018-10-07,3306630000
2018-10-08,3979460000
2018-10-09,3580810000
2018-10-10,3787650000
2018-10-11,5181640000
2018-10-12,3783500000
2018-10-13,3064030000
2018-10-14,3085320000
2018-10-15,7370770000
2018-10-16,4074800000
2018-10-17,4088420000
2018-10-18,3924080000
2018-10-19,3578870000
2018-10-20,3379130000
2018-10-21,3253610000
2018-10-22,3672860000
2018-10-23,3716150000
2018-10-24,3424670000
2018-10-25,3230550000
2018-10-26,3306050000
2018-10-27,3393250000
2018-10-28,3445190000
2018-10-29,4199910000
2018-10-30,3781100000
2018-10-31,4191240000
2018-11-01,3789400000
2018-11-02,4234870000
2018-11-03,3658640000
2018-11-04,4390020000
2018-11-05,4174800000
2018-11-06,4700040000
2018-11-07,4941260000
2018-11-08,4665260000
2018-11-09,4346820000
2018-11-10,3705320000
2018-11-11,3939060000
2018-11-12,4295770000
2018-11-13,4503800000
2018-11-14,7398940000
2018-11-15,7032140000
2018-11-16,5279320000
2018-11-17,4303150000
2018-11-18,4159680000
2018-11-19,7039560000
2018-11-20,8428290000
2018-11-21,6120120000
2018-11-22,4569370000
2018-11-23,4871490000
2018-11-24,4679500000
2018-11-25,6825640000
2018-11-26,6476900000
2018-11-27,5998720000
2018-11-28,7280280000
2018-11-29,6503347767
2018-11-30,6048016717
2018-12-01,5375314093
2018-12-02,5262697895
2018-12-03,5089570994
2018-12-04,5028069239
2018-12-05,5302481574
2018-12-06,5878333109
2018-12-07,6835615448
2018-12-08,5305024497
2018-12-09,4947372847
2018-12-10,5020968740
2018-12-11,4696765188
2018-12-12,4139364829
2018-12-13,4343372456
2018-12-14,4372763663
2018-12-15,3551763561
2018-12-16,3744248994
2018-12-17,5409247918
2018-12-18,5911325473
2018-12-19,6810689119
2018-12-20,8927129279
2018-12-21,7206015706
2018-12-22,5605823233
2018-12-23,6151275490
2018-12-24,7240968501
2018-12-25,6158207293
2018-12-26,5326547918
2018-12-27,5130222366
2018-12-28,5631554348
2018-12-29,4991655917
2018-12-30,4770578575
2018-12-31,4661840806
2019-01-01,4324200990
2019-01-02,5244856836
2019-01-03,4530215219
2019-01-04,4847965467
2019-01-05,5137609824
2019-01-06,5597027440
2019-01-07,5228625637
2019-01-08,5306593305
2019-01-09,5115905225
2019-01-10,6874143796
2019-01-11,5538712865
2019-01-12,4778170883
2019-01-13,4681302466
2019-01-14,5651384490
2019-01-15,5537192302
2019-01-16,5394457145
2019-01-17,5464420383
2019-01-18,5002961727
2019-01-19,5955691380
2019-01-20,5582489560
2019-01-21,5004347059
2019-01-22,5313623556
2019-01-23,5433755649
2019-01-24,5262869046
2019-01-25,5265847539
2019-01-26,5098183235
2019-01-27,5570752966
2019-01-28,6908930483
2019-01-29,5897159493
2019-01-30,5955112627
2019-01-31,5831198271
2019-02-01,5422926707
2019-02-02,5071623601
2019-02-03,5043937584
2019-02-04,5332718886
2019-02-05,5227549545
2019-02-06,5482196038
2019-02-07,5004962683
2019-02-08,7735623101
2019-02-09,6158833645
2019-02-10,6282256903
2019-02-11,6277056434
2019-02-12,6480384532
2019-02-13,6438903823
2019-02-14,6271044418
2019-02-15,6091952231
2019-02-16,5934744052
2019-02-17,7039512503
2019-02-18,9908216640
2019-02-19,9933626655
2019-02-20,8693373948
2019-02-21,7775128102
2019-02-22,7826525254
2019-02-23,8922258316
2019-02-24,10794227451
2019-02-25,9318796067
2019-02-26,7931218996
2019-02-27,8301309684
2019-02-28,8399767798
2019-03-01,7661247975
2019-03-02,7578786076
2019-03-03,7253558152
2019-03-04,9029175788
2019-03-05,10174126415
2019-03-06,9175291529
2019-03-07,9584165519
2019-03-08,10638638944
2019-03-09,10796103518
2019-03-10,9713267607
2019-03-11,10125901903
2019-03-12,9809887079
2019-03-13,9469184841
2019-03-14,10480789570
2019-03-15,9394210605
2019-03-16,9856166973
2019-03-17,8221625400
2019-03-18,9646954186
2019-03-19,9344919956
2019-03-20,10175916388
2019-03-21,10831212662
2019-03-22,9252935969
2019-03-23,9578850549
2019-03-24,9144851065
2019-03-25,10359818883
2019-03-26,10707678815
2019-03-27,10897131934
2019-03-28,9353915899
2019-03-29,10918665557
2019-03-30,9732688060
2019-03-31,9045122443
2019-04-01,10157794171
2019-04-02,21315047816
2019-04-03,22899891582
2019-04-04,18251810240
2019-04-05,16837325387
2019-04-06,16929795194
2019-04-07,16655416140
2019-04-08,17154113634
2019-04-09,14722104361
2019-04-10,15504590933
2019-04-11,16555616019
2019-04-12,13675206312
2019-04-13,10823289598
2019-04-14,10391952498
2019-04-15,12290155061
2019-04-16,11618660197
2019-04-17,12438480677
2019-04-18,13256489918
2019-04-19,13780238655
2019-04-20,13169647522
2019-04-21,13731844223
2019-04-22,14601631648
2019-04-23,15867308108
2019-04-24,17048033399
2019-04-25,15330283408
2019-04-26,16812108040
2019-04-27,13111274675
2019-04-28,12819992056
2019-04-29,13735490672
2019-04-30,13878964574
2019-05-01,13679528236
2019-05-02,14644460907
2019-05-03,18720780006
2019-05-04,17567780766
2019-05-05,14808830723
2019-05-06,15737171804
2019-05-07,18026409033
2019-05-08,15320605300
2019-05-09,16784645411
2019-05-10,19419875368
2019-05-11,28867562329
2019-05-12,27773333680
2019-05-13,28677672181
2019-05-14,32031452227
2019-05-15,28344112920
2019-05-16,33167197581
2019-05-17,30066644905
2019-05-18,21354286562
2019-05-19,25902422040
2019-05-20,23843404340
2019-05-21,25127245056
2019-05-22,24719473175
2019-05-23,24457107820
2019-05-24,25919126991
2019-05-25,22256813107
2019-05-26,26677970091
2019-05-27,27949839564
2019-05-28,24226919267
2019-05-29,23473479966
2019-05-30,29246528551
2019-05-31,25365190957
2019-06-01,22488303544
2019-06-02,20266216022
2019-06-03,22004511436
2019-06-04,24609731549
2019-06-05,21760923463
2019-06-06,19474611077
2019-06-07,19141423231
2019-06-08,16522722810
2019-06-09,16610726547
2019-06-10,18689275117
2019-06-11,17107279932
2019-06-12,19034432883
2019-06-13,18669407147
2019-06-14,19831162906
2019-06-15,18371033226
2019-06-16,23348550311
2019-06-17,15562951919
2019-06-18,15848210536
2019-06-19,15546809946
2019-06-20,17846823784
2019-06-21,20624008643
2019-06-22,29995204861
2019-06-23,20998326502
2019-06-24,19271652365
2019-06-25,24879684533
2019-06-26,45105733173
2019-06-27,39977475223
2019-06-28,35087757766
2019-06-29,29923961128
2019-06-30,27256473494
2019-07-01,29378589324
2019-07-02,31015895223
2019-07-03,30796494294
2019-07-04,25920294033
2019-07-05,23838480210
2019-07-06,21092024306
2019-07-07,19369044277
2019-07-08,23482551458
2019-07-09,28167921523
2019-07-10,33627574244
2019-07-11,28595327690
2019-07-12,23534692797
2019-07-13,21042616384
2019-07-14,22486000001
2019-07-15,25384047207
2019-07-16,24151199070
2019-07-17,24569921549
2019-07-18,25187024648
2019-07-19,20727426310
2019-07-20,20206615155
2019-07-21,17130580467
2019-07-22,16334414913
2019-07-23,17851916995
2019-07-24,17398734322
2019-07-25,15821952090
2019-07-26,14495714483
2019-07-27,16817809536
2019-07-28,13738687093
2019-07-29,13791445323
2019-07-30,13829811132
2019-07-31,16631520648
2019-08-01,17165337858
2019-08-02,17489094082
2019-08-03,15352685061
2019-08-04,16530894787
2019-08-05,23875988832
2019-08-06,23635107660
2019-08-07,22194988641
2019-08-08,19481591730
2019-08-09,18339989960
2019-08-10,18125355447
2019-08-11,15774371518
2019-08-12,13647198229
2019-08-13,16681503537
2019-08-14,19990838300
2019-08-15,22899115082
2019-08-16,20228207096
2019-08-17,13778035685
2019-08-18,12999813869
2019-08-19,16038264603
2019-08-20,15053082175
2019-08-21,19473084768
2019-08-22,17097508856
2019-08-23,15627023886
2019-08-24,15451030650
2019-08-25,14153856610
2019-08-26,18438654080
2019-08-27,14762609503
2019-08-28,17603790323
2019-08-29,17045878501
2019-08-30,13595263986
2019-08-31,11454806419
2019-09-01,11445355859
2019-09-02,17248102294
2019-09-03,19384917989
2019-09-04,16742664769
2019-09-05,14551239508
2019-09-06,19536574783
2019-09-07,15307366476
2019-09-08,13670567493
2019-09-09,17595943368
2019-09-10,14906809639
2019-09-11,15428063426
2019-09-12,15323563925
2019-09-13,14109864675
2019-09-14,13468713124
2019-09-15,12043433567
2019-09-16,15160167779
2019-09-17,15304603363
2019-09-18,16169268880
2019-09-19,19937691247
2019-09-20,14734189639
2019-09-21,13425266806
2019-09-22,13199651698
2019-09-23,15144925408
2019-09-24,25002886689
2019-09-25,21744728353
2019-09-26,19258205289
2019-09-27,16408941156
2019-09-28,14141152736
2019-09-29,13034629109
2019-09-30,17115474183
2019-10-01,15305343413
2019-10-02,13125712443
2019-10-03,13668823409
2019-10-04,13139456229
2019-10-05,12200497197
2019-10-06,13160830305
2019-10-07,18009742607
2019-10-08,15592264032
2019-10-09,19384942333
2019-10-10,17618660671
2019-10-11,19604381101
2019-10-12,14532641605
2019-10-13,13808286059
2019-10-14,15151387859
2019-10-15,15220412632
2019-10-16,16071646996
2019-10-17,14313052244
2019-10-18,15651592610
2019-10-19,13797825640
2019-10-20,15504249442
2019-10-21,15868748866
2019-10-22,16803377857
2019-10-23,21942878958
2019-10-24,16268708849
2019-10-25,28705065488
2019-10-26,44496255609
2019-10-27,32593129501
2019-10-28,30948255332
2019-10-29,28426779937
2019-10-30,27706531577
2019-10-31,26583653947
2019-11-01,24324691031
2019-11-02,21242676385
2019-11-03,21132220847
2019-11-04,26170255634
2019-11-05,26198609048
2019-11-06,23133895765
2019-11-07,22700383839
2019-11-08,24333037836
2019-11-09,17578630606
2019-11-10,20587919881
2019-11-11,20265510765
2019-11-12,20309769107
2019-11-13,17545755405
2019-11-14,19084739975
2019-11-15,21796856471
2019-11-16,16495389808
2019-11-17,18668638897
2019-11-18,21579470673
2019-11-19,21083613816
2019-11-20,20764300437
2019-11-21,22514243371
2019-11-22,34242315785
2019-11-23,21008924418
2019-11-24,30433517289
2019-11-25,42685231262
2019-11-26,21129505542
2019-11-27,23991412764
2019-11-28,19050116751
2019-11-29,19709695456
2019-11-30,17158194786
2019-12-01,18720708479
2019-12-02,17082040706
2019-12-03,14797485769
2019-12-04,21664240918
2019-12-05,18816085231
2019-12-06,18104466307
2019-12-07,15453520564
2019-12-08,15409908086
2019-12-09,17872021272
2019-12-10,18249031195
2019-12-11,16350490689
2019-12-12,18927080224
2019-12-13,17125736940
2019-12-14,17137029730
2019-12-15,16881129804
2019-12-16,20213265950
2019-12-17,22363804217
2019-12-18,31836522778
2019-12-19,25904604416
2019-12-20,22633815180
2019-12-21,19312552168
2019-12-22,23134537956
2019-12-23,27831788041
2019-12-24,22991622105
2019-12-25,21559505149
2019-12-26,22787010034
2019-12-27,22777360996
2019-12-28,21365673026
2019-12-29,22445257702
2019-12-30,22874131672
2019-12-31,21167946112
2020-01-01,18565664997
2020-01-02,20802083465
2020-01-03,28111481032
2020-01-04,18444271275
2020-01-05,19725074095
2020-01-06,23276261598
2020-01-07,28767291327
2020-01-08,31672559265
2020-01-09,24045990466
2020-01-10,28714583844
2020-01-11,25521165085
2020-01-12,22903438381
2020-01-13,22482910688
2020-01-14,44841784107
2020-01-15,40102834650
2020-01-16,31313981931
2020-01-17,36372139320
2020-01-18,32337772627
2020-01-19,34217320471
2020-01-20,26422375678
2020-01-21,24097418512
2020-01-22,22600204051
2020-01-23,25770680779
2020-01-24,24397913026
2020-01-25,19647331549
2020-01-26,22177678796
2020-01-27,28647338393
2020-01-28,34398744403
2020-01-29,30682598115
2020-01-30,32378792851
2020-01-31,29432489719
2020-02-01,25922656496
2020-02-02,30835736946
2020-02-03,30934096509
2020-02-04,29893183716
2020-02-05,35222060874
2020-02-06,37628823716
2020-02-07,34522718159
2020-02-08,35172043762
2020-02-09,35807884663
2020-02-10,39386548075
2020-02-11,37648059389
2020-02-12,43444303830
2020-02-13,49356071373
2020-02-14,43338264162
2020-02-15,43865054831
2020-02-16,43374780305
2020-02-17,45998298413
2020-02-18,47271023953
2020-02-19,46992019710
2020-02-20,44925260237
2020-02-21,40930547513
2020-02-22,35838025154
2020-02-23,41185185761
2020-02-24,45080496648
2020-02-25,42515259129
2020-02-26,50420050762
2020-02-27,45470195695
2020-02-28,44605450443
2020-02-29,35792392544
2020-03-01,35349164300
2020-03-02,42857674409
2020-03-03,42386715821
2020-03-04,34746706368
2020-03-05,39698054597
2020-03-06,40826885651
2020-03-07,36216930370
2020-03-08,39973102121
2020-03-09,46936995808
2020-03-10,42213940994
2020-03-11,38682762605
2020-03-12,53980357243
2020-03-13,74156772075
2020-03-14,36154506008
2020-03-15,33997889639
2020-03-16,45368026430
2020-03-17,38622642935
2020-03-18,37878801016
2020-03-19,51000731797
2020-03-20,54442976103
2020-03-21,42494390880
2020-03-22,40099664740
2020-03-23,46491916000
2020-03-24,48221910672
2020-03-25,44590107888
2020-03-26,35319797642
2020-03-27,34585598367
2020-03-28,34885225901
2020-03-29,28373690931
2020-03-30,37101651525
2020-03-31,32786468812
2020-04-01,40346426266
2020-04-02,47660646124
2020-04-03,38976504903
2020-04-04,33185988584
2020-04-05,29510409856
2020-04-06,46896904615
2020-04-07,44243482668
2020-04-08,37563249549
2020-04-09,34815139178
2020-04-10,43622840992
2020-04-11,31222085946
2020-04-12,35759567632
2020-04-13,38619308647
2020-04-14,34110434052
2020-04-15,32288311031
2020-04-16,46783242377
2020-04-17,32513423567
2020-04-18,32447188386
2020-04-19,31311210215
2020-04-20,37747113936
2020-04-21,32589741511
2020-04-22,33249153866
2020-04-23,43500782316
2020-04-24,34636526286
2020-04-25,32941541447
2020-04-26,33070154491
2020-04-27,36162144725
2020-04-28,33187959921
2020-04-29,60201052203
2020-04-30,66964629541
2020-05-01,44068389997
2020-05-02,40134388683
2020-05-03,47101785174
2020-05-04,45718796276
2020-05-05,43148462663
2020-05-06,49371886931
2020-05-07,61112700562
2020-05-08,51780748042
2020-05-09,46566121841
2020-05-10,63325279337
2020-05-11,57119858802
2020-05-12,42142717533
2020-05-13,45558144023
2020-05-14,56426907637
2020-05-15,48158802327
2020-05-16,36164766408
2020-05-17,40084250663
2020-05-18,41827139896
2020-05-19,39254288955
2020-05-20,36546239703
2020-05-21,39326160532
2020-05-22,29810773699
2020-05-23,27727866812
2020-05-24,32518803300
2020-05-25,31288157264
2020-05-26,29584186947
2020-05-27,32740536902
2020-05-28,34367073114
2020-05-29,32896642044
2020-05-30,32722975141
2020-05-31,27773290299
2020-06-01,35198901068
2020-06-02,39137252109
2020-06-03,25007459262
2020-06-04,25921805072
2020-06-05,23509628646
2020-06-06,20438419222
2020-06-07,25015250846
2020-06-08,21486346312
2020-06-09,23717842783
2020-06-10,25706567601
2020-06-11,30247143440
2020-06-12,22610564515
2020-06-13,17564322315
2020-06-14,18991732746
2020-06-15,26699704768
2020-06-16,21565537209
2020-06-17,20177709879
2020-06-18,17770083003
2020-06-19,19632223107
2020-06-20,17130541557
2020-06-21,15324301169
2020-06-22,21104009514
2020-06-23,17006433272
2020-06-24,18961716076
2020-06-25,18616048626
2020-06-26,18341465837
2020-06-27,17273093144
2020-06-28,14560870760
2020-06-29,16460547078
2020-06-30,15735797744
2020-07-01,15971550355
2020-07-02,16338916796
2020-07-03,13078970999
2020-07-04,12290528515
2020-07-05,12903406143
2020-07-06,17889263252
2020-07-07,13839652595
2020-07-08,19702359883
2020-07-09,18000702524
2020-07-10,16860035605
2020-07-11,13249910444
2020-07-12,14452361907
2020-07-13,17519821266
2020-07-14,18085038362
2020-07-15,15844731575
2020-07-16,15713967523
2020-07-17,13944570749
2020-07-18,12252601475
2020-07-19,12939002784
2020-07-20,13755604146
2020-07-21,18069581956
2020-07-22,16532254884
2020-07-23,18146399002
2020-07-24,16552768325
2020-07-25,16610070933
2020-07-26,20507998997
2020-07-27,35359749590
2020-07-28,28766551142
2020-07-29,24617249715
2020-07-30,22857247901
2020-07-31,23160469766
2020-08-01,26075670303
2020-08-02,27410067336
2020-08-03,20271713443
2020-08-04,21250197042
2020-08-05,24411254471
2020-08-06,23400740340
2020-08-07,23132312867
2020-08-08,17572057837
2020-08-09,17489608833
2020-08-10,26114112569
2020-08-11,27039782640
2020-08-12,25064548486
2020-08-13,27522199497
2020-08-14,24237958589
2020-08-15,23354924400
2020-08-16,20583375490
2020-08-17,28227687027
2020-08-18,26043227672
2020-08-19,24502851117
2020-08-20,20175242945
2020-08-21,23762425999
2020-08-22,20224191306
2020-08-23,18482062658
2020-08-24,20681511755
2020-08-25,26301509932
2020-08-26,22466660958
2020-08-27,23240415076
2020-08-28,19807127588
2020-08-29,17485597759
2020-08-30,19760127945
2020-08-31,22285928250
2020-09-01,27311555343
2020-09-02,28037405299
2020-09-03,31927261555
2020-09-04,29965130374
2020-09-05,44916565292
2020-09-06,37071460174
2020-09-07,33703098409
2020-09-08,33430927462
2020-09-09,24128292755
2020-09-10,54406443211
2020-09-11,45201121775
2020-09-12,36750077324
2020-09-13,36506852789
2020-09-14,35453581940
2020-09-15,32509451925
2020-09-16,30769986455
2020-09-17,38151810523
2020-09-18,26341903912
2020-09-19,22764204008
2020-09-20,24699523788
2020-09-21,28884999244
2020-09-22,23621787804
2020-09-23,23788661867
2020-09-24,47144380902
2020-09-25,39348590957
2020-09-26,46852525493
2020-09-27,53745972818
2020-09-28,47762394731
2020-09-29,46582396602
2020-09-30,44171073700
2020-10-01,40023134100
2020-10-02,48661453918
2020-10-03,44660271563
2020-10-04,71251776995
2020-10-05,47537578009
2020-10-06,42623695307
2020-10-07,37799458436
2020-10-08,63314794397
2020-10-09,22799117613
2020-10-10,22877978588
2020-10-11,19968627060
2020-10-12,26163972642
2020-10-13,24241420251
2020-10-14,24103426719
2020-10-15,24487233058
2020-10-16,25635480772
2020-10-17,19130430174
2020-10-18,18283314340
2020-10-19,23860769928
2020-10-20,30915821592
2020-10-21,43414712626
2020-10-22,34729759598
2020-10-23,28974975003
2020-10-24,24542317940
2020-10-25,24406920575
2020-10-26,29461458313
2020-10-27,33749878156
2020-10-28,35867318895
2020-10-29,56499499598
2020-10-30,30581485201
2020-10-31,30306464719
2020-11-01,24453857900
2020-11-02,30771455468
2020-11-03,29869951617
2020-11-04,35116364962
2020-11-05,40856321439
2020-11-06,39837841971
2020-11-07,35024953706
2020-11-08,26632075029
2020-11-09,34149115566
2020-11-10,25574938143
2020-11-11,29772374934
2020-11-12,34175758344
2020-11-13,31599492172
2020-11-14,27481710135
2020-11-15,23653867583
2020-11-16,31526766675
2020-11-17,39006849170
2020-11-18,49064800278
2020-11-19,36985055355
2020-11-20,36992873940
2020-11-21,39650210707
2020-11-22,41280434226
2020-11-23,42741112308
2020-11-24,51469565009
2020-11-25,43710357371
2020-11-26,61396835737
2020-11-27,38886494645
2020-11-28,32601040734
2020-11-29,31133957704
2020-11-30,47728480399
2020-12-01,49633658712
2020-12-02,37387697139
2020-12-03,31930317405
2020-12-04,33872388058
2020-12-05,27242455064
2020-12-06,25293775714
2020-12-07,26896357742
2020-12-08,31692288756
2020-12-09,34420373071
2020-12-10,25547132265
2020-12-11,27919640985
2020-12-12,21752580802
2020-12-13,25450468637
2020-12-14,22473997681
2020-12-15,26741982541
2020-12-16,44409011479
2020-12-17,71378606374
2020-12-18,40387896275
2020-12-19,38487546580
2020-12-20,37844228422
2020-12-21,45852713981
2020-12-22,44171632681
2020-12-23,51146161904
2020-12-24,41080759713
2020-12-25,42068395846
2020-12-26,48332647295
2020-12-27,66479895605
2020-12-28,49056742893
2020-12-29,45265946774
2020-12-30,51287442704
2020-12-31,46754964848
2021-01-01,40730301359
2021-01-02,67865420765
2021-01-03,78665235202
2021-01-04,81163475344
2021-01-05,67547324782
2021-01-06,75289433811
2021-01-07,84762141031
2021-01-08,88107519480
2021-01-09,61984162837
2021-01-10,79980747690
2021-01-11,123320567399
2021-01-12,74773277909
2021-01-13,69364315979
2021-01-14,63615990033
2021-01-15,67760757881
2021-01-16,57706187875
2021-01-17,52359854336
2021-01-18,49511702429
2021-01-19,57244195486
2021-01-20,66834573161
2021-01-21,75643067688
2021-01-22,77207272511
2021-01-23,48354737975
2021-01-24,48643830599
2021-01-25,59897054838
2021-01-26,60255421470
2021-01-27,62576762015
2021-01-28,76517157706
2021-01-29,117894572511
2021-01-30,65141828798
2021-01-31,52754542671
2021-02-01,61400400660
2021-02-02,63088585433
2021-02-03,61166818159
2021-02-04,68838074392
2021-02-05,58598066402
2021-02-06,71326033653
2021-02-07,65500641143
2021-02-08,101467222687
2021-02-09,91809846886
2021-02-10,87301089896
2021-02-11,81388911810
2021-02-12,76555041196
2021-02-13,70250456155
2021-02-14,71248675228
2021-02-15,77069903166
2021-02-16,77049582886
2021-02-17,80820545404
2021-02-18,52054723579
2021-02-19,63495496918
2021-02-20,68145460026
2021-02-21,51897585191
2021-02-22,92052420332
2021-02-23,106102492824
2021-02-24,63695521388
2021-02-25,54506565949
2021-02-26,350967941479
2021-02-27,45910946382
2021-02-28,53443887451
2021-03-01,53891300112
2021-03-02,47530897720
2021-03-03,53220811975
2021-03-04,52343816680
2021-03-05,48625928883
2021-03-06,34363564661
2021-03-07,43137459378
2021-03-08,48597428048
2021-03-09,50912227385
2021-03-10,57295577614
2021-03-11,56772343595
2021-03-12,55689944702
2021-03-13,60669829814
2021-03-14,43901225564
2021-03-15,66419369890
2021-03-16,59749798599
2021-03-17,60258313191
2021-03-18,55746041000
2021-03-19,49063873786
2021-03-20,50361731222
2021-03-21,51943414539
2021-03-22,56521454974
2021-03-23,56435023914
2021-03-24,70567223787
2021-03-25,67999812841
2021-03-26,56652197978
2021-03-27,47266542233
2021-03-28,47686580918
2021-03-29,57625587027
2021-03-30,54414116432
2021-03-31,65520826225
2021-04-01,61669163792
2021-04-02,58727860620
2021-04-03,59641344484
2021-04-04,50749662970
2021-04-05,60706272115
2021-04-06,66058027988
2021-04-07,75645303584
2021-04-08,53053855641
2021-04-09,46655208546
2021-04-10,58238470525
2021-04-11,46280252580
2021-04-12,51828688519
2021-04-13,69983454362
2021-04-14,77451779687
2021-04-15,60954381579
2021-04-16,84293007468
2021-04-17,66138759198
2021-04-18,97468872758
2021-04-19,65344865159
2021-04-20,67849323955
2021-04-21,54926612466
2021-04-22,74798630778
2021-04-23,86668667320
2021-04-24,49014494781
2021-04-25,46117114240
2021-04-26,58284039825
2021-04-27,49448222757
2021-04-28,48000572955
2021-04-29,46088929780
2021-04-30,52395931985
2021-05-01,42836427360
2021-05-02,38177405335
2021-05-03,51713139031
2021-05-04,68564706967
2021-05-05,69241316747
2021-05-06,69523285106
2021-05-07,68434023376
2021-05-08,65382980634
2021-05-09,65906690347
2021-05-10,71776546298
2021-05-11,61308396325
2021-05-12,75215403907
2021-05-13,96721152926
2021-05-14,55737497453
2021-05-15,59161047474
2021-05-16,64047871555
2021-05-17,74903638450
2021-05-18,56187365084
2021-05-19,126358098747
2021-05-20,88281943359
2021-05-21,82051616861
2021-05-22,57377273240
2021-05-23,78469274361
2021-05-24,67359584098
2021-05-25,56211915803
2021-05-26,51346735160
2021-05-27,43210968721
2021-05-28,55200191952
2021-05-29,45231013335
2021-05-30,31646080921
2021-05-31,39009847639
2021-06-01,34639423297
2021-06-02,33070867190
2021-06-03,35460750427
2021-06-04,41831090187
2021-06-05,35959473399
2021-06-06,28913440585
2021-06-07,33683936663
2021-06-08,49902050442
2021-06-09,53972919008
2021-06-10,43576032854
2021-06-11,38699736985
2021-06-12,37924228550
2021-06-13,40669112838
2021-06-14,43148914673
2021-06-15,46420149185
2021-06-16,39211635100
2021-06-17,37096670047
2021-06-18,36200887275
2021-06-19,31207279719
2021-06-20,36664034054
2021-06-21,52809038594
2021-06-22,58964353058
2021-06-23,46317108925
2021-06-24,33123368116
2021-06-25,40230904226
2021-06-26,38585385521
2021-06-27,35511640894
2021-06-28,33892523752
2021-06-29,37901460044
2021-06-30,34059036099
2021-07-01,37838957079
2021-07-02,38728974942
2021-07-03,24383958643
2021-07-04,24924307911
2021-07-05,26721554282
2021-07-06,26501259870
2021-07-07,24796027477
2021-07-08,29910396946
2021-07-09,27436021028
2021-07-10,22971873468
2021-07-11,20108729370
2021-07-12,24321499537
2021-07-13,19120856669
2021-07-14,21376531210
2021-07-15,21300524237
2021-07-16,23699476918
2021-07-17,18895018942
2021-07-18,18787986667
2021-07-19,20434789545
2021-07-20,23148267245
2021-07-21,28203024559
2021-07-22,19555230518
2021-07-23,22552046192
2021-07-24,21664706865
2021-07-25,20856685287
2021-07-26,51022126212
2021-07-27,35097370560
2021-07-28,38702404695
2021-07-29,27167146027
2021-07-30,33072782960
2021-07-31,25802845343
2021-08-01,26688438115
2021-08-02,25595265436
2021-08-03,26189830450
2021-08-04,25372562724
2021-08-05,35185031017
2021-08-06,38226483046
2021-08-07,40030862141
2021-08-08,36302664750
2021-08-09,38734079049
2021-08-10,33546019517
2021-08-11,34319709073
2021-08-12,33723620826
2021-08-13,31744259539
2021-08-14,31211354442
2021-08-15,30988958446
2021-08-16,32776876610
2021-08-17,33451362600
2021-08-18,32194123075
2021-08-19,37204312299
2021-08-20,34706867452
2021-08-21,40585205312
2021-08-22,25370975378
2021-08-23,34305053719
2021-08-24,35361168834
2021-08-25,32646349931
2021-08-26,32666549568
2021-08-27,34511076995
2021-08-28,28568103401
2021-08-29,25889650240
2021-08-30,31847007016
2021-08-31,34730363427
2021-09-01,39139399125
2021-09-02,39508070319
2021-09-03,43206179619
2021-09-04,37471327794
2021-09-05,30322676319
2021-09-06,38884105426
2021-09-07,65210059683
2021-09-08,49007762488
2021-09-09,38672657013
2021-09-10,39154666597
2021-09-11,34499835245
2021-09-12,27881980161
2021-09-13,40969943253
2021-09-14,38652152880
2021-09-15,30484496466
2021-09-16,31764293754
2021-09-17,28727713711
2021-09-18,28575630451
2021-09-19,26967722648
2021-09-20,43909845642
2021-09-21,48701090088
2021-09-22,38139709246
2021-09-23,34244064430
2021-09-24,42839345714
2021-09-25,31604717236
2021-09-26,30661222077
2021-09-27,30980029059
2021-09-28,30214940550
2021-09-29,30602359905
2021-09-30,31141681925
2021-10-01,42850641582
2021-10-02,30614346492
2021-10-03,26638115879
2021-10-04,33383173002
2021-10-05,35873904236
2021-10-06,49034730168
2021-10-07,36807860413
2021-10-08,34800873924
2021-10-09,32491211414
2021-10-10,39527792364
2021-10-11,42637331698
2021-10-12,41083758949
2021-10-13,41684252783
2021-10-14,36615791366
2021-10-15,51780081801
2021-10-16,34250964237
2021-10-17,29032367511
2021-10-18,38055562075
2021-10-19,40471196346
2021-10-20,40788955582
2021-10-21,45908121370
2021-10-22,38434082775
2021-10-23,26882546034
2021-10-24,27316183882
2021-10-25,31064911614
2021-10-26,34878965587
2021-10-27,43657076893
2021-10-28,45257083247
2021-10-29,36856881767
2021-10-30,32157938616
2021-10-31,32241199927
2021-11-01,36150572843
2021-11-02,37746665647
2021-11-03,36124731509
2021-11-04,32615846901
2021-11-05,30605102446
2021-11-06,29094934221
2021-11-07,24726754302
2021-11-08,41125608330
2021-11-09,42357991721
2021-11-10,48730828378
2021-11-11,35880633236
2021-11-12,36084893887
2021-11-13,30474228777
2021-11-14,25122092191
2021-11-15,30558763548
2021-11-16,46844335592
2021-11-17,39178392930
2021-11-18,41388338699
2021-11-19,38702407772
2021-11-20,30624264863
2021-11-21,26123447605
2021-11-22,35036121783
2021-11-23,37485803899
2021-11-24,36635566789
2021-11-25,34284016248
2021-11-26,41810748221
2021-11-27,30560857714
2021-11-28,28116886357
2021-11-29,32370840356
2021-11-30,36708594618
2021-12-01,36858195307
2021-12-02,32379968686
2021-12-03,39789134215
2021-12-04,61385677469
2021-12-05,37198201161
2021-12-06,37707308001
2021-12-07,33676814852
2021-12-08,28479699446
2021-12-09,29603577251
2021-12-10,30966005122
2021-12-11,25775869261
2021-12-12,21939223599
2021-12-13,32166727776
2021-12-14,34638619079
2021-12-15,36541828520
2021-12-16,27268150947
2021-12-17,32902725329
2021-12-18,26098292690
2021-12-19,25154053861
2021-12-20,30961902129
2021-12-21,27055803928
2021-12-22,24447979559
2021-12-23,28223878108
2021-12-24,24367912228
2021-12-25,19030650914
2021-12-26,20964372926
2021-12-27,24324345758
2021-12-28,33430376883
2021-12-29,30049226299
2021-12-30,26686491018
2021-12-31,36974172400
2022-01-01,24582667004
2022-01-02,27951569547
2022-01-03,33071628362
2022-01-04,42494677905
2022-01-05,36851084859
2022-01-06,30208048289
2022-01-07,84196607520
2022-01-08,28066355845
2022-01-09,21294384372
2022-01-10,32104232331
2022-01-11,26327648900
2022-01-12,33499938689
2022-01-13,47691135082
2022-01-14,23577403399
2022-01-15,18371348298
2022-01-16,17902097845
2022-01-17,21690904261
2022-01-18,22417209227
2022-01-19,23091543258
2022-01-20,20382033940
2022-01-21,43011992031
2022-01-22,39714385405
2022-01-23,26017975951
2022-01-24,41856658597
2022-01-25,26428189594
2022-01-26,31324598034
2022-01-27,25041426629
2022-01-28,22238830523
2022-01-29,17194183075
2022-01-30,14643548444
2022-01-31,20734730465
2022-02-01,20288500328
2022-02-02,19155189416
2022-02-03,18591534769
2022-02-04,29412210792
2022-02-05,19652846215
2022-02-06,16142097334
2022-02-07,28641855926
2022-02-08,33079398868
2022-02-09,23245887300
2022-02-10,32142048537
2022-02-11,26954925781
2022-02-12,18152390304
2022-02-13,14741589015
2022-02-14,20827783012
2022-02-15,22721659051
2022-02-16,19792547657
2022-02-17,26246662813
2022-02-18,23310007704
2022-02-19,13736557863
2022-02-20,18340576452