,date,Return
0,2015-02-20,120
1,2015-02-21,87
2,2015-02-22,82
3,2015-02-23,82
4,2015-02-24,75
5,2015-02-25,73
6,2015-02-26,71
7,2015-02-27,76
8,2015-02-28,68
9,2015-03-01,72
10,2015-03-02,80
11,2015-03-03,80
12,2015-03-04,78
13,2015-03-05,78
14,2015-03-06,89
15,2015-03-07,88
16,2015-03-08,79
17,2015-03-09,82
18,2015-03-10,91
19,2015-03-11,94
20,2015-03-12,82
21,2015-03-13,83
22,2015-03-14,84
23,2015-03-15,89
24,2015-03-16,102
25,2015-03-17,92
26,2015-03-18,97
27,2015-03-19,96
28,2015-03-20,81
29,2015-03-21,77
30,2015-03-22,73
31,2015-03-23,78
32,2015-03-24,80
33,2015-03-25,91
34,2015-03-26,78
35,2015-03-27,71
36,2015-03-28,67
37,2015-03-29,68
38,2015-03-30,87
39,2015-03-31,75
40,2015-04-01,78
41,2015-04-02,70
42,2015-04-03,73
43,2015-04-04,71
44,2015-04-05,76
45,2015-04-06,74
46,2015-04-07,78
47,2015-04-08,80
48,2015-04-09,78
49,2015-04-10,74
50,2015-04-11,73
51,2015-04-12,67
52,2015-04-13,75
53,2015-04-14,74
54,2015-04-15,69
55,2015-04-16,67
56,2015-04-17,69
57,2015-04-18,66
58,2015-04-19,68
59,2015-04-20,70
60,2015-04-21,73
61,2015-04-22,75
62,2015-04-23,69
63,2015-04-24,69
64,2015-04-25,67
65,2015-04-26,68
66,2015-04-27,69
67,2015-04-28,70
68,2015-04-29,69
69,2015-04-30,72
70,2015-05-01,66
71,2015-05-02,63
72,2015-05-03,64
73,2015-05-04,64
74,2015-05-05,66
75,2015-05-06,71
76,2015-05-07,66
77,2015-05-08,71
78,2015-05-09,62
79,2015-05-10,64
80,2015-05-11,70
81,2015-05-12,70
82,2015-05-13,73
83,2015-05-14,86
84,2015-05-15,70
85,2015-05-16,69
86,2015-05-17,71
87,2015-05-18,72
88,2015-05-19,73
89,2015-05-20,78
90,2015-05-21,72
91,2015-05-22,68
92,2015-05-23,64
93,2015-05-24,67
94,2015-05-25,73
95,2015-05-26,74
96,2015-05-27,74
97,2015-05-28,64
98,2015-05-29,75
99,2015-05-30,82
100,2015-05-31,74
101,2015-06-01,71
102,2015-06-02,69
103,2015-06-03,73
104,2015-06-04,70
105,2015-06-05,66
106,2015-06-06,68
107,2015-06-07,68
108,2015-06-08,63
109,2015-06-09,69
110,2015-06-10,68
111,2015-06-11,69
112,2015-06-12,71
113,2015-06-13,59
114,2015-06-14,68
115,2015-06-15,67
116,2015-06-16,75
117,2015-06-17,79
118,2015-06-18,122
119,2015-06-19,81
120,2015-06-20,86
121,2015-06-21,72
122,2015-06-22,71
123,2015-06-23,73
124,2015-06-24,71
125,2015-06-25,74
126,2015-06-26,71
127,2015-06-27,69
128,2015-06-28,76
129,2015-06-29,82
130,2015-06-30,102
131,2015-07-01,82
132,2015-07-02,83
133,2015-07-03,84
134,2015-07-04,87
135,2015-07-05,85
136,2015-07-06,102
137,2015-07-07,90
138,2015-07-08,112
139,2015-07-09,102
140,2015-07-10,112
141,2015-07-11,104
142,2015-07-12,107
143,2015-07-13,101
144,2015-07-14,92
145,2015-07-15,90
146,2015-07-16,91
147,2015-07-17,89
148,2015-07-18,83
149,2015-07-19,86
150,2015-07-20,87
151,2015-07-21,83
152,2015-07-22,80
153,2015-07-23,75
154,2015-07-24,85
155,2015-07-25,81
156,2015-07-26,82
157,2015-07-27,90
158,2015-07-28,108
159,2015-07-29,93
160,2015-07-30,89
161,2015-07-31,89
162,2015-08-01,124
163,2015-08-02,99
164,2015-08-03,98
165,2015-08-04,99
166,2015-08-05,92
167,2015-08-06,89
168,2015-08-07,87
169,2015-08-08,91
170,2015-08-09,88
171,2015-08-10,92
172,2015-08-11,101
173,2015-08-12,95
174,2015-08-13,95
175,2015-08-14,79
176,2015-08-15,76
177,2015-08-16,78
178,2015-08-17,81
179,2015-08-18,82
180,2015-08-19,105
181,2015-08-20,92
182,2015-08-21,86
183,2015-08-22,81
184,2015-08-23,81
185,2015-08-24,99
186,2015-08-25,102
187,2015-08-26,86
188,2015-08-27,78
189,2015-08-28,81
190,2015-08-29,71
191,2015-08-30,76
192,2015-08-31,73
193,2015-09-01,74
194,2015-09-02,99
195,2015-09-03,90
196,2015-09-04,87
197,2015-09-05,92
198,2015-09-06,90
199,2015-09-07,146
200,2015-09-08,151
201,2015-09-09,144
202,2015-09-10,116
203,2015-09-11,92
204,2015-09-12,91
205,2015-09-13,83
206,2015-09-14,84
207,2015-09-15,83
208,2015-09-16,98
209,2015-09-17,99
210,2015-09-18,99
211,2015-09-19,89
212,2015-09-20,92
213,2015-09-21,109
214,2015-09-22,117
215,2015-09-23,105
216,2015-09-24,97
217,2015-09-25,94
218,2015-09-26,89
219,2015-09-27,83
220,2015-09-28,80
221,2015-09-29,86
222,2015-09-30,84
223,2015-10-01,81
224,2015-10-02,90
225,2015-10-03,87
226,2015-10-04,82
227,2015-10-05,85
228,2015-10-06,88
229,2015-10-07,80
230,2015-10-08,83
231,2015-10-09,82
232,2015-10-10,82
233,2015-10-11,77
234,2015-10-12,84
235,2015-10-13,82
236,2015-10-14,79
237,2015-10-15,83
238,2015-10-16,82
239,2015-10-17,84
240,2015-10-18,76
241,2015-10-19,78
242,2015-10-20,86
243,2015-10-21,84
244,2015-10-22,91
245,2015-10-23,88
246,2015-10-24,84
247,2015-10-25,82
248,2015-10-26,89
249,2015-10-27,95
250,2015-10-28,137
251,2015-10-29,53
252,2015-10-30,60
253,2015-10-31,50
254,2015-11-01,52
255,2015-11-02,58
256,2015-11-03,77
257,2015-11-04,101
258,2015-11-05,88
259,2015-11-06,63
260,2015-11-07,55
261,2015-11-08,50
262,2015-11-09,57
263,2015-11-10,51
264,2015-11-11,52
265,2015-11-12,49
266,2015-11-13,46
267,2015-11-14,39
268,2015-11-15,39
269,2015-11-16,42
270,2015-11-17,45
271,2015-11-18,44
272,2015-11-19,44
273,2015-11-20,46
274,2015-11-21,45
275,2015-11-22,41
276,2015-11-23,43
277,2015-11-24,41
278,2015-11-25,38
279,2015-11-26,44
280,2015-11-27,41
281,2015-11-28,38
282,2015-11-29,40
283,2015-11-30,45
284,2015-12-01,45
285,2015-12-02,47
286,2015-12-03,43
287,2015-12-04,40
288,2015-12-05,40
289,2015-12-06,43
290,2015-12-07,45
291,2015-12-08,55
292,2015-12-09,98
293,2015-12-10,71
294,2015-12-11,61
295,2015-12-12,55
296,2015-12-13,50
297,2015-12-14,48
298,2015-12-15,56
299,2015-12-16,50
300,2015-12-17,53
301,2015-12-18,50
302,2015-12-19,44
303,2015-12-20,45
304,2015-12-21,48
305,2015-12-22,45
306,2015-12-23,50
307,2015-12-24,48
308,2015-12-25,44
309,2015-12-26,48
310,2015-12-27,44
311,2015-12-28,45
312,2015-12-29,45
313,2015-12-30,46
314,2015-12-31,42
315,2016-01-01,35
316,2016-01-02,40
317,2016-01-03,42
318,2016-01-04,43
319,2016-01-05,46
320,2016-01-06,43
321,2016-01-07,53
322,2016-01-08,50
323,2016-01-09,42
324,2016-01-10,38
325,2016-01-11,46
326,2016-01-12,40
327,2016-01-13,45
328,2016-01-14,43
329,2016-01-15,57
330,2016-01-16,58
331,2016-01-17,51
332,2016-01-18,53
333,2016-01-19,50
334,2016-01-20,54
335,2016-01-21,50
336,2016-01-22,49
337,2016-01-23,47
338,2016-01-24,39
339,2016-01-25,45
340,2016-01-26,45
341,2016-01-27,43
342,2016-01-28,44
343,2016-01-29,45
344,2016-01-30,40
345,2016-01-31,38
346,2016-02-01,43
347,2016-02-02,41
348,2016-02-03,41
349,2016-02-04,40
350,2016-02-05,40
351,2016-02-06,38
352,2016-02-07,38
353,2016-02-08,39
354,2016-02-09,41
355,2016-02-10,45
356,2016-02-11,47
357,2016-02-12,43
358,2016-02-13,40
359,2016-02-14,38
360,2016-02-15,47
361,2016-02-16,46
362,2016-02-17,45
363,2016-02-18,50
364,2016-02-19,48
365,2016-02-20,43
366,2016-02-21,46
367,2016-02-22,45
368,2016-02-23,44
369,2016-02-24,47
370,2016-02-25,43
371,2016-02-26,45
372,2016-02-27,43
373,2016-02-28,40
374,2016-02-29,43
375,2016-03-01,44
376,2016-03-02,45
377,2016-03-03,48
378,2016-03-04,42
379,2016-03-05,49
380,2016-03-06,39
381,2016-03-07,44
382,2016-03-08,43
383,2016-03-09,46
384,2016-03-10,43
385,2016-03-11,40
386,2016-03-12,39
387,2016-03-13,39
388,2016-03-14,45
389,2016-03-15,44
390,2016-03-16,43
391,2016-03-17,40
392,2016-03-18,40
393,2016-03-19,40
394,2016-03-20,41
395,2016-03-21,43
396,2016-03-22,44
397,2016-03-23,40
398,2016-03-24,42
399,2016-03-25,38
400,2016-03-26,38
401,2016-03-27,39
402,2016-03-28,42
403,2016-03-29,42
404,2016-03-30,43
405,2016-03-31,41
406,2016-04-01,40
407,2016-04-02,39
408,2016-04-03,36
409,2016-04-04,40
410,2016-04-05,43
411,2016-04-06,41
412,2016-04-07,43
413,2016-04-08,42
414,2016-04-09,37
415,2016-04-10,40
416,2016-04-11,41
417,2016-04-12,42
418,2016-04-13,45
419,2016-04-14,42
420,2016-04-15,38
421,2016-04-16,37
422,2016-04-17,37
423,2016-04-18,39
424,2016-04-19,42
425,2016-04-20,40
426,2016-04-21,46
427,2016-04-22,48
428,2016-04-23,42
429,2016-04-24,44
430,2016-04-25,46
431,2016-04-26,48
432,2016-04-27,50
433,2016-04-28,51
434,2016-04-29,47
435,2016-04-30,45
436,2016-05-01,40
437,2016-05-02,114
438,2016-05-03,78
439,2016-05-04,56
440,2016-05-05,56
441,2016-05-06,53
442,2016-05-07,51
443,2016-05-08,48
444,2016-05-09,50
445,2016-05-10,48
446,2016-05-11,50
447,2016-05-12,46
448,2016-05-13,45
449,2016-05-14,41
450,2016-05-15,38
451,2016-05-16,40
452,2016-05-17,47
453,2016-05-18,45
454,2016-05-19,47
455,2016-05-20,47
456,2016-05-21,41
457,2016-05-22,40
458,2016-05-23,44
459,2016-05-24,42
460,2016-05-25,46
461,2016-05-26,41
462,2016-05-27,50
463,2016-05-28,57
464,2016-05-29,59
465,2016-05-30,61
466,2016-05-31,58
467,2016-06-01,56
468,2016-06-02,53
469,2016-06-03,57
470,2016-06-04,58
471,2016-06-05,56
472,2016-06-06,57
473,2016-06-07,58
474,2016-06-08,54
475,2016-06-09,55
476,2016-06-10,50
477,2016-06-11,54
478,2016-06-12,74
479,2016-06-13,88
480,2016-06-14,78
481,2016-06-15,68
482,2016-06-16,87
483,2016-06-17,87
484,2016-06-18,75
485,2016-06-19,67
486,2016-06-20,70
487,2016-06-21,80
488,2016-06-22,75
489,2016-06-23,83
490,2016-06-24,110
491,2016-06-25,81
492,2016-06-26,71
493,2016-06-27,74
494,2016-06-28,71
495,2016-06-29,63
496,2016-06-30,65
497,2016-07-01,66
498,2016-07-02,61
499,2016-07-03,61
500,2016-07-04,114
501,2016-07-05,51
502,2016-07-06,53
503,2016-07-07,56
504,2016-07-08,55
505,2016-07-09,70
506,2016-07-10,59
507,2016-07-11,55
508,2016-07-12,51
509,2016-07-13,47
510,2016-07-14,48
511,2016-07-15,45
512,2016-07-16,43
513,2016-07-17,42
514,2016-07-18,44
515,2016-07-19,44
516,2016-07-20,43
517,2016-07-21,44
518,2016-07-22,39
519,2016-07-23,38
520,2016-07-24,39
521,2016-07-25,39
522,2016-07-26,44
523,2016-07-27,45
524,2016-07-28,43
525,2016-07-29,38
526,2016-07-30,38
527,2016-07-31,41
528,2016-08-01,47
529,2016-08-02,59
530,2016-08-03,90
531,2016-08-04,65
532,2016-08-05,52
533,2016-08-06,51
534,2016-08-07,54
535,2016-08-08,72
536,2016-08-09,72
537,2016-08-10,58
538,2016-08-11,55
539,2016-08-12,52
540,2016-08-13,51
541,2016-08-14,49
542,2016-08-15,48
543,2016-08-16,53
544,2016-08-17,51
545,2016-08-18,51
546,2016-08-19,53
547,2016-08-20,51
548,2016-08-21,54
549,2016-08-22,54
550,2016-08-23,58
551,2016-08-24,54
552,2016-08-25,53
553,2016-08-26,56
554,2016-08-27,49
555,2016-08-28,47
556,2016-08-29,48
557,2016-08-30,48
558,2016-08-31,50
559,2016-09-01,52
560,2016-09-02,49
561,2016-09-03,50
562,2016-09-04,51
563,2016-09-05,52
564,2016-09-06,49
565,2016-09-07,49
566,2016-09-08,53
567,2016-09-09,52
568,2016-09-10,51
569,2016-09-11,47
570,2016-09-12,52
571,2016-09-13,50
572,2016-09-14,48
573,2016-09-15,51
574,2016-09-16,49
575,2016-09-17,46
576,2016-09-18,44
577,2016-09-19,50
578,2016-09-20,46
579,2016-09-21,49
580,2016-09-22,48
581,2016-09-23,45
582,2016-09-24,43
583,2016-09-25,39
584,2016-09-26,42
585,2016-09-27,41
586,2016-09-28,40
587,2016-09-29,40
588,2016-09-30,39
589,2016-10-01,41
590,2016-10-02,36
591,2016-10-03,42
592,2016-10-04,41
593,2016-10-05,40
594,2016-10-06,43
595,2016-10-07,44
596,2016-10-08,39
597,2016-10-09,39
598,2016-10-10,42
599,2016-10-11,48
600,2016-10-12,46
601,2016-10-13,42
602,2016-10-14,43
603,2016-10-15,39
604,2016-10-16,42
605,2016-10-17,42
606,2016-10-18,41
607,2016-10-19,41
608,2016-10-20,39
609,2016-10-21,40
610,2016-10-22,41
611,2016-10-23,43
612,2016-10-24,44
613,2016-10-25,42
614,2016-10-26,44
615,2016-10-27,47
616,2016-10-28,49
617,2016-10-29,56
618,2016-10-30,48
619,2016-10-31,48
620,2016-11-01,54
621,2016-11-02,52
622,2016-11-03,52
623,2016-11-04,49
624,2016-11-05,49
625,2016-11-06,45
626,2016-11-07,46
627,2016-11-08,48
628,2016-11-09,65
629,2016-11-10,48
630,2016-11-11,48
631,2016-11-12,45
632,2016-11-13,48
633,2016-11-14,48
634,2016-11-15,51
635,2016-11-16,51
636,2016-11-17,52
637,2016-11-18,55
638,2016-11-19,50
639,2016-11-20,49
640,2016-11-21,49
641,2016-11-22,50
642,2016-11-23,53
643,2016-11-24,51
644,2016-11-25,50
645,2016-11-26,48
646,2016-11-27,47
647,2016-11-28,50
648,2016-11-29,50
649,2016-11-30,48
650,2016-12-01,52
651,2016-12-02,56
652,2016-12-03,50
653,2016-12-04,46
654,2016-12-05,53
655,2016-12-06,49
656,2016-12-07,51
657,2016-12-08,54
658,2016-12-09,51
659,2016-12-10,47
660,2016-12-11,47
661,2016-12-12,51
662,2016-12-13,52
663,2016-12-14,51
664,2016-12-15,50
665,2016-12-16,49
666,2016-12-17,50
667,2016-12-18,48
668,2016-12-19,52
669,2016-12-20,53
670,2016-12-21,65
671,2016-12-22,76
672,2016-12-23,85
673,2016-12-24,69
674,2016-12-25,67
675,2016-12-26,68
676,2016-12-27,71
677,2016-12-28,85
678,2016-12-29,82
679,2016-12-30,73
680,2016-12-31,62
681,2017-01-01,67
682,2017-01-02,102
683,2017-01-03,94
684,2017-01-04,110
685,2017-01-05,127
686,2017-01-06,117
687,2017-01-07,98
688,2017-01-08,92
689,2017-01-09,88
690,2017-01-10,80
691,2017-01-11,91
692,2017-01-12,93
693,2017-01-13,77
694,2017-01-14,72
695,2017-01-15,69
696,2017-01-16,67
697,2017-01-17,72
698,2017-01-18,70
699,2017-01-19,68
700,2017-01-20,63
701,2017-01-21,63
702,2017-01-22,61
703,2017-01-23,65
704,2017-01-24,64
705,2017-01-25,62
706,2017-01-26,59
707,2017-01-27,62
708,2017-01-28,58
709,2017-01-29,57
710,2017-01-30,61
711,2017-01-31,63
712,2017-02-01,67
713,2017-02-02,71
714,2017-02-03,71
715,2017-02-04,65
716,2017-02-05,67
717,2017-02-06,66
718,2017-02-07,67
719,2017-02-08,72
720,2017-02-09,73
721,2017-02-10,70
722,2017-02-11,67
723,2017-02-12,61
724,2017-02-13,61
725,2017-02-14,62
726,2017-02-15,63
727,2017-02-16,68
728,2017-02-17,65
729,2017-02-18,64
730,2017-02-19,56
731,2017-02-20,64
732,2017-02-21,75
733,2017-02-22,73
734,2017-02-23,82
735,2017-02-24,94
736,2017-02-25,77
737,2017-02-26,71
738,2017-02-27,72
739,2017-02-28,76
740,2017-03-01,77
741,2017-03-02,95
742,2017-03-03,114
743,2017-03-04,100
744,2017-03-05,84
745,2017-03-06,85
746,2017-03-07,95
747,2017-03-08,95
748,2017-03-09,89
749,2017-03-10,117
750,2017-03-11,124
751,2017-03-12,15
752,2017-03-13,16
753,2017-03-14,16
754,2017-03-15,16
755,2017-03-16,16
756,2017-03-17,17
757,2017-03-18,20
758,2017-03-19,17
759,2017-03-20,16
760,2017-03-21,17
761,2017-03-22,16
762,2017-03-23,16
763,2017-03-24,16
764,2017-03-25,17
765,2017-03-26,16
766,2017-03-27,15
767,2017-03-28,15
768,2017-03-29,15
769,2017-03-30,14
770,2017-03-31,14
771,2017-04-01,14
772,2017-04-02,13
773,2017-04-03,15
774,2017-04-04,15
775,2017-04-05,14
776,2017-04-06,14
777,2017-04-07,14
778,2017-04-08,14
779,2017-04-09,14
780,2017-04-10,14
781,2017-04-11,15
782,2017-04-12,14
783,2017-04-13,15
784,2017-04-14,14
785,2017-04-15,13
786,2017-04-16,13
787,2017-04-17,14
788,2017-04-18,14
789,2017-04-19,13
790,2017-04-20,14
791,2017-04-21,14
792,2017-04-22,14
793,2017-04-23,12
794,2017-04-24,13
795,2017-04-25,16
796,2017-04-26,16
797,2017-04-27,16
798,2017-04-28,16
799,2017-04-29,15
800,2017-04-30,15
801,2017-05-01,18
802,2017-05-02,20
803,2017-05-03,20
804,2017-05-04,24
805,2017-05-05,23
806,2017-05-06,20
807,2017-05-07,18
808,2017-05-08,21
809,2017-05-09,27
810,2017-05-10,24
811,2017-05-11,26
812,2017-05-12,31
813,2017-05-13,31
814,2017-05-14,27
815,2017-05-15,36
816,2017-05-16,31
817,2017-05-17,28
818,2017-05-18,25
819,2017-05-19,29
820,2017-05-20,28
821,2017-05-21,30
822,2017-05-22,49
823,2017-05-23,52
824,2017-05-24,57
825,2017-05-25,78
826,2017-05-26,63
827,2017-05-27,51
828,2017-05-28,36
829,2017-05-29,34
830,2017-05-30,34
831,2017-05-31,34
832,2017-06-01,33
833,2017-06-02,30
834,2017-06-03,29
835,2017-06-04,27
836,2017-06-05,29
837,2017-06-06,45
838,2017-06-07,39
839,2017-06-08,33
840,2017-06-09,33
841,2017-06-10,31
842,2017-06-11,31
843,2017-06-12,44
844,2017-06-13,38
845,2017-06-14,36
846,2017-06-15,48
847,2017-06-16,35
848,2017-06-17,29
849,2017-06-18,27
850,2017-06-19,28
851,2017-06-20,32
852,2017-06-21,32
853,2017-06-22,30
854,2017-06-23,29
855,2017-06-24,29
856,2017-06-25,27
857,2017-06-26,32
858,2017-06-27,37
859,2017-06-28,34
860,2017-06-29,28
861,2017-06-30,26
862,2017-07-01,26
863,2017-07-02,25
864,2017-07-03,26
865,2017-07-04,26
866,2017-07-05,26
867,2017-07-06,25
868,2017-07-07,25
869,2017-07-08,25
870,2017-07-09,23
871,2017-07-10,26
872,2017-07-11,29
873,2017-07-12,28
874,2017-07-13,27
875,2017-07-14,28
876,2017-07-15,30
877,2017-07-16,32
878,2017-07-17,33
879,2017-07-18,33
880,2017-07-19,29
881,2017-07-20,34
882,2017-07-21,32
883,2017-07-22,28
884,2017-07-23,29
885,2017-07-24,28
886,2017-07-25,30
887,2017-07-26,30
888,2017-07-27,27
889,2017-07-28,31
890,2017-07-29,28
891,2017-07-30,28
892,2017-07-31,34
893,2017-08-01,64
894,2017-08-02,55
895,2017-08-03,36
896,2017-08-04,31
897,2017-08-05,43
898,2017-08-06,33
899,2017-08-07,42
900,2017-08-08,47
901,2017-08-09,39
902,2017-08-10,35
903,2017-08-11,38
904,2017-08-12,45
905,2017-08-13,57
906,2017-08-14,66
907,2017-08-15,66
908,2017-08-16,54
909,2017-08-17,55
910,2017-08-18,52
911,2017-08-19,49
912,2017-08-20,46
913,2017-08-21,46
914,2017-08-22,51
915,2017-08-23,48
916,2017-08-24,46
917,2017-08-25,47
918,2017-08-26,38
919,2017-08-27,36
920,2017-08-28,46
921,2017-08-29,53
922,2017-08-30,51
923,2017-08-31,56
924,2017-09-01,59
925,2017-09-02,56
926,2017-09-03,49
927,2017-09-04,60
928,2017-09-05,61
929,2017-09-06,52
930,2017-09-07,47
931,2017-09-08,51
932,2017-09-09,41
933,2017-09-10,38
934,2017-09-11,48
935,2017-09-12,49
936,2017-09-13,63
937,2017-09-14,80
938,2017-09-15,87
939,2017-09-16,57
940,2017-09-17,44
941,2017-09-18,55
942,2017-09-19,51
943,2017-09-20,44
944,2017-09-21,42
945,2017-09-22,41
946,2017-09-23,31
947,2017-09-24,29
948,2017-09-25,34
949,2017-09-26,35
950,2017-09-27,38
951,2017-09-28,37
952,2017-09-29,35
953,2017-09-30,32
954,2017-10-01,31
955,2017-10-02,37
956,2017-10-03,35
957,2017-10-04,37
958,2017-10-05,34
959,2017-10-06,32
960,2017-10-07,30
961,2017-10-08,32
962,2017-10-09,42
963,2017-10-10,45
964,2017-10-11,42
965,2017-10-12,72
966,2017-10-13,85
967,2017-10-14,57
968,2017-10-15,53
969,2017-10-16,56
970,2017-10-17,54
971,2017-10-18,54
972,2017-10-19,51
973,2017-10-20,62
974,2017-10-21,69
975,2017-10-22,54
976,2017-10-23,65
977,2017-10-24,69
978,2017-10-25,63
979,2017-10-26,60
980,2017-10-27,54
981,2017-10-28,45
982,2017-10-29,47
983,2017-10-30,59
984,2017-10-31,68
985,2017-11-01,81
986,2017-11-02,114
987,2017-11-03,100
988,2017-11-04,78
989,2017-11-05,77
990,2017-11-06,81
991,2017-11-07,77
992,2017-11-08,87
993,2017-11-09,77
994,2017-11-10,94
995,2017-11-11,91
996,2017-11-12,116
997,2017-11-13,100
998,2017-11-14,82
999,2017-11-15,81
1000,2017-11-16,102
1001,2017-11-17,23
1002,2017-11-18,18
1003,2017-11-19,18
1004,2017-11-20,22
1005,2017-11-21,23
1006,2017-11-22,20
1007,2017-11-23,19
1008,2017-11-24,18
1009,2017-11-25,20
1010,2017-11-26,28
1011,2017-11-27,38
1012,2017-11-28,44
1013,2017-11-29,70
1014,2017-11-30,56
1015,2017-12-01,43
1016,2017-12-02,34
1017,2017-12-03,33
1018,2017-12-04,39
1019,2017-12-05,39
1020,2017-12-06,55
1021,2017-12-07,111
1022,2017-12-08,100
1023,2017-12-09,63
1024,2017-12-10,62
1025,2017-12-11,70
1026,2017-12-12,68
1027,2017-12-13,62
1028,2017-12-14,53
1029,2017-12-15,48
1030,2017-12-16,49
1031,2017-12-17,55
1032,2017-12-18,53
1033,2017-12-19,59
1034,2017-12-20,79
1035,2017-12-21,59
1036,2017-12-22,114
1037,2017-12-23,71
1038,2017-12-24,53
1039,2017-12-25,47
1040,2017-12-26,46
1041,2017-12-27,45
1042,2017-12-28,44
1043,2017-12-29,39
1044,2017-12-30,40
1045,2017-12-31,32
1046,2018-01-01,31
1047,2018-01-02,38
1048,2018-01-03,38
1049,2018-01-04,36
1050,2018-01-05,35
1051,2018-01-06,33
1052,2018-01-07,31
1053,2018-01-08,36
1054,2018-01-09,34
1055,2018-01-10,33
1056,2018-01-11,39
1057,2018-01-12,32
1058,2018-01-13,29
1059,2018-01-14,25
1060,2018-01-15,26
1061,2018-01-16,50
1062,2018-01-17,68
1063,2018-01-18,47
1064,2018-01-19,34
1065,2018-01-20,29
1066,2018-01-21,27
1067,2018-01-22,31
1068,2018-01-23,30
1069,2018-01-24,27
1070,2018-01-25,27
1071,2018-01-26,27
1072,2018-01-27,22
1073,2018-01-28,20
1074,2018-01-29,21
1075,2018-01-30,25
1076,2018-01-31,26
1077,2018-02-01,31
1078,2018-02-02,43
1079,2018-02-03,29
1080,2018-02-04,25
1081,2018-02-05,43
1082,2018-02-06,56
1083,2018-02-07,35
1084,2018-02-08,29
1085,2018-02-09,26
1086,2018-02-10,21
1087,2018-02-11,20
1088,2018-02-12,21
1089,2018-02-13,19
1090,2018-02-14,20
1091,2018-02-15,21
1092,2018-02-16,19
1093,2018-02-17,18
1094,2018-02-18,19
1095,2018-02-19,18
1096,2018-02-20,20
1097,2018-02-21,20
1098,2018-02-22,18
1099,2018-02-23,16
1100,2018-02-24,14
1101,2018-02-25,13
1102,2018-02-26,14
1103,2018-02-27,16
1104,2018-02-28,14
1105,2018-03-01,13
1106,2018-03-02,14
1107,2018-03-03,13
1108,2018-03-04,11
1109,2018-03-05,13
1110,2018-03-06,13
1111,2018-03-07,14
1112,2018-03-08,14
1113,2018-03-09,17
1114,2018-03-10,12
1115,2018-03-11,12
1116,2018-03-12,13
1117,2018-03-13,13
1118,2018-03-14,14
1119,2018-03-15,16
1120,2018-03-16,14
1121,2018-03-17,12
1122,2018-03-18,15
1123,2018-03-19,14
1124,2018-03-20,13
1125,2018-03-21,13
1126,2018-03-22,12
1127,2018-03-23,12
1128,2018-03-24,10
1129,2018-03-25,10
1130,2018-03-26,14
1131,2018-03-27,12
1132,2018-03-28,12
1133,2018-03-29,14
1134,2018-03-30,15
1135,2018-03-31,11
1136,2018-04-01,12
1137,2018-04-02,13
1138,2018-04-03,12
1139,2018-04-04,12
1140,2018-04-05,12
1141,2018-04-06,13
1142,2018-04-07,10
1143,2018-04-08,9
1144,2018-04-09,12
1145,2018-04-10,11
1146,2018-04-11,11
1147,2018-04-12,12
1148,2018-04-13,13
1149,2018-04-14,9
1150,2018-04-15,9
1151,2018-04-16,10
1152,2018-04-17,10
1153,2018-04-18,10
1154,2018-04-19,10
1155,2018-04-20,11
1156,2018-04-21,9
1157,2018-04-22,9
1158,2018-04-23,11
1159,2018-04-24,12
1160,2018-04-25,11
1161,2018-04-26,10
1162,2018-04-27,9
1163,2018-04-28,8
1164,2018-04-29,8
1165,2018-04-30,9
1166,2018-05-01,8
1167,2018-05-02,8
1168,2018-05-03,10
1169,2018-05-04,9
1170,2018-05-05,9
1171,2018-05-06,8
1172,2018-05-07,9
1173,2018-05-08,9
1174,2018-05-09,9
1175,2018-05-10,8
1176,2018-05-11,10
1177,2018-05-12,8
1178,2018-05-13,7
1179,2018-05-14,9
1180,2018-05-15,8
1181,2018-05-16,7
1182,2018-05-17,8
1183,2018-05-18,8
1184,2018-05-19,6
1185,2018-05-20,6
1186,2018-05-21,8
1187,2018-05-22,8
1188,2018-05-23,10
1189,2018-05-24,9
1190,2018-05-25,8
1191,2018-05-26,6
1192,2018-05-27,6
1193,2018-05-28,8
1194,2018-05-29,7
1195,2018-05-30,7
1196,2018-05-31,6
1197,2018-06-01,6
1198,2018-06-02,6
1199,2018-06-03,6
1200,2018-06-04,6
1201,2018-06-05,6
1202,2018-06-06,6
1203,2018-06-07,6
1204,2018-06-08,6
1205,2018-06-09,6
1206,2018-06-10,8
1207,2018-06-11,11
1208,2018-06-12,9
1209,2018-06-13,10
1210,2018-06-14,9
1211,2018-06-15,6
1212,2018-06-16,6
1213,2018-06-17,6
1214,2018-06-18,6
1215,2018-06-19,6
1216,2018-06-20,6
1217,2018-06-21,6
1218,2018-06-22,7
1219,2018-06-23,6
1220,2018-06-24,8
1221,2018-06-25,7
1222,2018-06-26,6
1223,2018-06-27,6
1224,2018-06-28,6
1225,2018-06-29,8
1226,2018-06-30,8
1227,2018-07-01,6
1228,2018-07-02,6
1229,2018-07-03,6
1230,2018-07-04,6
1231,2018-07-05,6
1232,2018-07-06,6
1233,2018-07-07,5
1234,2018-07-08,6
1235,2018-07-09,6
1236,2018-07-10,6
1237,2018-07-11,5
1238,2018-07-12,6
1239,2018-07-13,6
1240,2018-07-14,5
1241,2018-07-15,5
1242,2018-07-16,6
1243,2018-07-17,9
1244,2018-07-18,10
1245,2018-07-19,8
1246,2018-07-20,8
1247,2018-07-21,6
1248,2018-07-22,6
1249,2018-07-23,8
1250,2018-07-24,99
1251,2018-07-25,79
1252,2018-07-26,65
1253,2018-07-27,63
1254,2018-07-28,53
1255,2018-07-29,51
1256,2018-07-30,59
1257,2018-07-31,58
1258,2018-08-01,58
1259,2018-08-02,53
1260,2018-08-03,55
1261,2018-08-04,54
1262,2018-08-05,51
1263,2018-08-06,54
1264,2018-08-07,56
1265,2018-08-08,74
1266,2018-08-09,61
1267,2018-08-10,56
1268,2018-08-11,58
1269,2018-08-12,51
1270,2018-08-13,58
1271,2018-08-14,77
1272,2018-08-15,63
1273,2018-08-16,55
1274,2018-08-17,54
1275,2018-08-18,49
1276,2018-08-19,46
1277,2018-08-20,51
1278,2018-08-21,54
1279,2018-08-22,59
1280,2018-08-23,52
1281,2018-08-24,50
1282,2018-08-25,48
1283,2018-08-26,45
1284,2018-08-27,49
1285,2018-08-28,62
1286,2018-08-29,55
1287,2018-08-30,53
1288,2018-08-31,52
1289,2018-09-01,51
1290,2018-09-02,51
1291,2018-09-03,51
1292,2018-09-04,55
1293,2018-09-05,69
1294,2018-09-06,82
1295,2018-09-07,59
1296,2018-09-08,54
1297,2018-09-09,49
1298,2018-09-10,52
1299,2018-09-11,54
1300,2018-09-12,57
1301,2018-09-13,55
1302,2018-09-14,53
1303,2018-09-15,57
1304,2018-09-16,53
1305,2018-09-17,50
1306,2018-09-18,49
1307,2018-09-19,49
1308,2018-09-20,48
1309,2018-09-21,54
1310,2018-09-22,46
1311,2018-09-23,46
1312,2018-09-24,48
1313,2018-09-25,54
1314,2018-09-26,50
1315,2018-09-27,48
1316,2018-09-28,46
1317,2018-09-29,44
1318,2018-09-30,43
1319,2018-10-01,43
1320,2018-10-02,46
1321,2018-10-03,45
1322,2018-10-04,45
1323,2018-10-05,44
1324,2018-10-06,42
1325,2018-10-07,39
1326,2018-10-08,46
1327,2018-10-09,45
1328,2018-10-10,46
1329,2018-10-11,59
1330,2018-10-12,48
1331,2018-10-13,43
1332,2018-10-14,43
1333,2018-10-15,53
1334,2018-10-16,48
1335,2018-10-17,47
1336,2018-10-18,45
1337,2018-10-19,44
1338,2018-10-20,42
1339,2018-10-21,40
1340,2018-10-22,43
1341,2018-10-23,44
1342,2018-10-24,44
1343,2018-10-25,44
1344,2018-10-26,42
1345,2018-10-27,38
1346,2018-10-28,37
1347,2018-10-29,43
1348,2018-10-30,44
1349,2018-10-31,45
1350,2018-11-01,44
1351,2018-11-02,43
1352,2018-11-03,39
1353,2018-11-04,42
1354,2018-11-05,44
1355,2018-11-06,45
1356,2018-11-07,44
1357,2018-11-08,42
1358,2018-11-09,42
1359,2018-11-10,38
1360,2018-11-11,36
1361,2018-11-12,41
1362,2018-11-13,42
1363,2018-11-14,69
1364,2018-11-15,83
1365,2018-11-16,55
1366,2018-11-17,48
1367,2018-11-18,46
1368,2018-11-19,83
1369,2018-11-20,122
1370,2018-11-21,94
1371,2018-11-22,62
1372,2018-11-23,70
1373,2018-11-24,60
1374,2018-11-25,98
1375,2018-11-26,98
1376,2018-11-27,91
1377,2018-11-28,81
1378,2018-11-29,68
1379,2018-11-30,61
1380,2018-12-01,53
1381,2018-12-02,47
1382,2018-12-03,60
1383,2018-12-04,59
1384,2018-12-05,58
1385,2018-12-06,61
1386,2018-12-07,89
1387,2018-12-08,60
1388,2018-12-09,53
1389,2018-12-10,58
1390,2018-12-11,61
1391,2018-12-12,65
1392,2018-12-13,56
1393,2018-12-14,59
1394,2018-12-15,55
1395,2018-12-16,51
1396,2018-12-17,65
1397,2018-12-18,63
1398,2018-12-19,70
1399,2018-12-20,73
1400,2018-12-21,60
1401,2018-12-22,52
1402,2018-12-23,52
1403,2018-12-24,60
1404,2018-12-25,57
1405,2018-12-26,53
1406,2018-12-27,52
1407,2018-12-28,52
1408,2018-12-29,50
1409,2018-12-30,46
1410,2018-12-31,46
1411,2019-01-01,46
1412,2019-01-02,50
1413,2019-01-03,49
1414,2019-01-04,49
1415,2019-01-05,45
1416,2019-01-06,45
1417,2019-01-07,48
1418,2019-01-08,47
1419,2019-01-09,48
1420,2019-01-10,52
1421,2019-01-11,49
1422,2019-01-12,43
1423,2019-01-13,44
1424,2019-01-14,48
1425,2019-01-15,45
1426,2019-01-16,44
1427,2019-01-17,43
1428,2019-01-18,40
1429,2019-01-19,41
1430,2019-01-20,39
1431,2019-01-21,41
1432,2019-01-22,41
1433,2019-01-23,41
1434,2019-01-24,42
1435,2019-01-25,40
1436,2019-01-26,37
1437,2019-01-27,37
1438,2019-01-28,43
1439,2019-01-29,42
1440,2019-01-30,40
1441,2019-01-31,39
1442,2019-02-01,39
1443,2019-02-02,37
1444,2019-02-03,36
1445,2019-02-04,40
1446,2019-02-05,47
1447,2019-02-06,44
1448,2019-02-07,42
1449,2019-02-08,45
1450,2019-02-09,42
1451,2019-02-10,39
1452,2019-02-11,41
1453,2019-02-12,40
1454,2019-02-13,40
1455,2019-02-14,38
1456,2019-02-15,37
1457,2019-02-16,35
1458,2019-02-17,35
1459,2019-02-18,46
1460,2019-02-19,49
1461,2019-02-20,45
1462,2019-02-21,43
1463,2019-02-22,43
1464,2019-02-23,46
1465,2019-02-24,51
1466,2019-02-25,45
1467,2019-02-26,41
1468,2019-02-27,39
1469,2019-02-28,40
1470,2019-03-01,38
1471,2019-03-02,35
1472,2019-03-03,36
1473,2019-03-04,39
1474,2019-03-05,41
1475,2019-03-06,40
1476,2019-03-07,41
1477,2019-03-08,39
1478,2019-03-09,38
1479,2019-03-10,36
1480,2019-03-11,39
1481,2019-03-12,39
1482,2019-03-13,37
1483,2019-03-14,36
1484,2019-03-15,36
1485,2019-03-16,38
1486,2019-03-17,35
1487,2019-03-18,39
1488,2019-03-19,40
1489,2019-03-20,42
1490,2019-03-21,40
1491,2019-03-22,40
1492,2019-03-23,36
1493,2019-03-24,34
1494,2019-03-25,38
1495,2019-03-26,37
1496,2019-03-27,41
1497,2019-03-28,37
1498,2019-03-29,41
1499,2019-03-30,38
1500,2019-03-31,39
1501,2019-04-01,5
1502,2019-04-02,11
1503,2019-04-03,12
1504,2019-04-04,9
1505,2019-04-05,7
1506,2019-04-06,6
1507,2019-04-07,6
1508,2019-04-08,8
1509,2019-04-09,6
1510,2019-04-10,6
1511,2019-04-11,7
1512,2019-04-12,6
1513,2019-04-13,5
1514,2019-04-14,5
1515,2019-04-15,5
1516,2019-04-16,5
1517,2019-04-17,5
1518,2019-04-18,6
1519,2019-04-19,5
1520,2019-04-20,5
1521,2019-04-21,5
1522,2019-04-22,5
1523,2019-04-23,8
1524,2019-04-24,7
1525,2019-04-25,6
1526,2019-04-26,7
1527,2019-04-27,7
1528,2019-04-28,5
1529,2019-04-29,5
1530,2019-04-30,5
1531,2019-05-01,5
1532,2019-05-02,5
1533,2019-05-03,7
1534,2019-05-04,5
1535,2019-05-05,5
1536,2019-05-06,5
1537,2019-05-07,7
1538,2019-05-08,7
1539,2019-05-09,8
1540,2019-05-10,9
1541,2019-05-11,12
1542,2019-05-12,13
1543,2019-05-13,15
1544,2019-05-14,16
1545,2019-05-15,14
1546,2019-05-16,13
1547,2019-05-17,13
1548,2019-05-18,9
1549,2019-05-19,10
1550,2019-05-20,10
1551,2019-05-21,10
1552,2019-05-22,10
1553,2019-05-23,9
1554,2019-05-24,8
1555,2019-05-25,7
1556,2019-05-26,8
1557,2019-05-27,13
1558,2019-05-28,11
1559,2019-05-29,10
1560,2019-05-30,10
1561,2019-05-31,10
1562,2019-06-01,8
1563,2019-06-02,8
1564,2019-06-03,9
1565,2019-06-04,10
1566,2019-06-05,8
1567,2019-06-06,8
1568,2019-06-07,8
1569,2019-06-08,7
1570,2019-06-09,7
1571,2019-06-10,7
1572,2019-06-11,8
1573,2019-06-12,8
1574,2019-06-13,7
1575,2019-06-14,8
1576,2019-06-15,8
1577,2019-06-16,10
1578,2019-06-17,11
1579,2019-06-18,11
1580,2019-06-19,9
1581,2019-06-20,10
1582,2019-06-21,13
1583,2019-06-22,20
1584,2019-06-23,14
1585,2019-06-24,14
1586,2019-06-25,16
1587,2019-06-26,27
1588,2019-06-27,23
1589,2019-06-28,18
1590,2019-06-29,14
1591,2019-06-30,12
1592,2019-07-01,14
1593,2019-07-02,14
1594,2019-07-03,13
1595,2019-07-04,12
1596,2019-07-05,11
1597,2019-07-06,9
1598,2019-07-07,8
1599,2019-07-08,10
1600,2019-07-09,13
1601,2019-07-10,14
1602,2019-07-11,13
1603,2019-07-12,12
1604,2019-07-13,9
1605,2019-07-14,9
1606,2019-07-15,12
1607,2019-07-16,13
1608,2019-07-17,13
1609,2019-07-18,12
1610,2019-07-19,10
1611,2019-07-20,8
1612,2019-07-21,8
1613,2019-07-22,9
1614,2019-07-23,9
1615,2019-07-24,10
1616,2019-07-25,9
1617,2019-07-26,8
1618,2019-07-27,8
1619,2019-07-28,7
1620,2019-07-29,8
1621,2019-07-30,9
1622,2019-07-31,8
1623,2019-08-01,8
1624,2019-08-02,9
1625,2019-08-03,8
1626,2019-08-04,7
1627,2019-08-05,13
1628,2019-08-06,12
1629,2019-08-07,11
1630,2019-08-08,10
1631,2019-08-09,9
1632,2019-08-10,8
1633,2019-08-11,7
1634,2019-08-12,9
1635,2019-08-13,9
1636,2019-08-14,10
1637,2019-08-15,10
1638,2019-08-16,9
1639,2019-08-17,6
1640,2019-08-18,7
1641,2019-08-19,8
1642,2019-08-20,8
1643,2019-08-21,9
1644,2019-08-22,8
1645,2019-08-23,8
1646,2019-08-24,7
1647,2019-08-25,6
1648,2019-08-26,7
1649,2019-08-27,8
1650,2019-08-28,8
1651,2019-08-29,9
1652,2019-08-30,64
1653,2019-08-31,105
1654,2019-09-01,97
1655,2019-09-02,83
1656,2019-09-03,79
1657,2019-09-04,89
1658,2019-09-05,89
1659,2019-09-06,72
1660,2019-09-07,46
1661,2019-09-08,44
1662,2019-09-09,43
1663,2019-09-10,41
1664,2019-09-11,44
1665,2019-09-12,44
1666,2019-09-13,43
1667,2019-09-14,44
1668,2019-09-15,44
1669,2019-09-16,40
1670,2019-09-17,41
1671,2019-09-18,39
1672,2019-09-19,39
1673,2019-09-20,36
1674,2019-09-21,39
1675,2019-09-22,37
1676,2019-09-23,34
1677,2019-09-24,32
1678,2019-09-25,31
1679,2019-09-26,29
1680,2019-09-27,11
1681,2019-09-28,7
1682,2019-09-29,6
1683,2019-09-30,8
1684,2019-10-01,7
1685,2019-10-02,7
1686,2019-10-03,6
1687,2019-10-04,5
1688,2019-10-05,5
1689,2019-10-06,5
1690,2019-10-07,7
1691,2019-10-08,6
1692,2019-10-09,6
1693,2019-10-10,7
1694,2019-10-11,6
1695,2019-10-12,5
1696,2019-10-13,5
1697,2019-10-14,5
1698,2019-10-15,6
1699,2019-10-16,6
1700,2019-10-17,5
1701,2019-10-18,5
1702,2019-10-19,5
1703,2019-10-20,5
1704,2019-10-21,5
1705,2019-10-22,6
1706,2019-10-23,8
1707,2019-10-24,7
1708,2019-10-25,8
1709,2019-10-26,12
1710,2019-10-27,8
1711,2019-10-28,9
1712,2019-10-29,8
1713,2019-10-30,7
1714,2019-10-31,6
1715,2019-11-01,6
1716,2019-11-02,5
1717,2019-11-03,5
1718,2019-11-04,6
1719,2019-11-05,6
1720,2019-11-06,6
1721,2019-11-07,5
1722,2019-11-08,6
1723,2019-11-09,5
1724,2019-11-10,5
1725,2019-11-11,5
1726,2019-11-12,5
1727,2019-11-13,5
1728,2019-11-14,5
1729,2019-11-15,5
1730,2019-11-16,5
1731,2019-11-17,5
1732,2019-11-18,5
1733,2019-11-19,6
1734,2019-11-20,5
1735,2019-11-21,7
1736,2019-11-22,9
1737,2019-11-23,7
1738,2019-11-24,6
1739,2019-11-25,9
1740,2019-11-26,8
1741,2019-11-27,7
1742,2019-11-28,7
1743,2019-11-29,6
1744,2019-11-30,5
1745,2019-12-01,5
1746,2019-12-02,5
1747,2019-12-03,5
1748,2019-12-04,6
1749,2019-12-05,5
1750,2019-12-06,32
1751,2019-12-07,26
1752,2019-12-08,25
1753,2019-12-09,27
1754,2019-12-10,27
1755,2019-12-11,28
1756,2019-12-12,28
1757,2019-12-13,28
1758,2019-12-14,28
1759,2019-12-15,27
1760,2019-12-16,28
1761,2019-12-17,35
1762,2019-12-18,36
1763,2019-12-19,34
1764,2019-12-20,29
1765,2019-12-21,27
1766,2019-12-22,27
1767,2019-12-23,32
1768,2019-12-24,29
1769,2019-12-25,27
1770,2019-12-26,28
1771,2019-12-27,27
1772,2019-12-28,27
1773,2019-12-29,27
1774,2019-12-30,27
1775,2019-12-31,27
1776,2020-01-01,29
1777,2020-01-02,29
1778,2020-01-03,33
1779,2020-01-04,29
1780,2020-01-05,29
1781,2020-01-06,33
1782,2020-01-07,44
1783,2020-01-08,49
1784,2020-01-09,35
1785,2020-01-10,34
1786,2020-01-11,31
1787,2020-01-12,29
1788,2020-01-13,30
1789,2020-01-14,48
1790,2020-01-15,46
1791,2020-01-16,37
1792,2020-01-17,38
1793,2020-01-18,35
1794,2020-01-19,38
1795,2020-01-20,35
1796,2020-01-21,34
1797,2020-01-22,32
1798,2020-01-23,32
1799,2020-01-24,30
1800,2020-01-25,28
1801,2020-01-26,26
1802,2020-01-27,33
1803,2020-01-28,40
1804,2020-01-29,42
1805,2020-01-30,42
1806,2020-01-31,38
1807,2020-02-01,32
1808,2020-02-02,32
1809,2020-02-03,33
1810,2020-02-04,35
1811,2020-02-05,40
1812,2020-02-06,44
1813,2020-02-07,39
1814,2020-02-08,36
1815,2020-02-09,52
1816,2020-02-10,45
1817,2020-02-11,47
1818,2020-02-12,52
1819,2020-02-13,48
1820,2020-02-14,39
1821,2020-02-15,38
1822,2020-02-16,36
1823,2020-02-17,41
1824,2020-02-18,40
1825,2020-02-19,43
1826,2020-02-20,42
1827,2020-02-21,36
1828,2020-02-22,30
1829,2020-02-23,32
1830,2020-02-24,39
1831,2020-02-25,38
1832,2020-02-26,46
1833,2020-02-27,44
1834,2020-02-28,45
1835,2020-02-29,34
1836,2020-03-01,33
1837,2020-03-02,37
1838,2020-03-03,35
1839,2020-03-04,36
1840,2020-03-05,39
1841,2020-03-06,37
1842,2020-03-07,30
1843,2020-03-08,34
1844,2020-03-09,64
1845,2020-03-10,49
1846,2020-03-11,43
1847,2020-03-12,91
1848,2020-03-13,124
1849,2020-03-14,81
1850,2020-03-15,69
1851,2020-03-16,88
1852,2020-03-17,74
1853,2020-03-18,69
1854,2020-03-19,73
1855,2020-03-20,73
1856,2020-03-21,63
1857,2020-03-22,55
1858,2020-03-23,60
1859,2020-03-24,60
1860,2020-03-25,53
1861,2020-03-26,50
1862,2020-03-27,46
1863,2020-03-28,49
1864,2020-03-29,46
1865,2020-03-30,47
1866,2020-03-31,44
1867,2020-04-01,42
1868,2020-04-02,52
1869,2020-04-03,46
1870,2020-04-04,42
1871,2020-04-05,39
1872,2020-04-06,51
1873,2020-04-07,52
1874,2020-04-08,46
1875,2020-04-09,44
1876,2020-04-10,48
1877,2020-04-11,44
1878,2020-04-12,41
1879,2020-04-13,47
1880,2020-04-14,45
1881,2020-04-15,44
1882,2020-04-16,47
1883,2020-04-17,44
1884,2020-04-18,40
1885,2020-04-19,41
1886,2020-04-20,44
1887,2020-04-21,43
1888,2020-04-22,41
1889,2020-04-23,48
1890,2020-04-24,49
1891,2020-04-25,45
1892,2020-04-26,46
1893,2020-04-27,47
1894,2020-04-28,46
1895,2020-04-29,70
1896,2020-04-30,81
1897,2020-05-01,62
1898,2020-05-02,57
1899,2020-05-03,58
1900,2020-05-04,54
1901,2020-05-05,54
1902,2020-05-06,61
1903,2020-05-07,75
1904,2020-05-08,83
1905,2020-05-09,74
1906,2020-05-10,92
1907,2020-05-11,108
1908,2020-05-12,80
1909,2020-05-13,69
1910,2020-05-14,72
1911,2020-05-15,62
1912,2020-05-16,56
1913,2020-05-17,57
1914,2020-05-18,57
1915,2020-05-19,52
1916,2020-05-20,52
1917,2020-05-21,56
1918,2020-05-22,52
1919,2020-05-23,45
1920,2020-05-24,47
1921,2020-05-25,52
1922,2020-05-26,48
1923,2020-05-27,48
1924,2020-05-28,46
1925,2020-05-29,45
1926,2020-05-30,41
1927,2020-05-31,42
1928,2020-06-01,43
1929,2020-06-02,62
1930,2020-06-03,50
1931,2020-06-04,46
1932,2020-06-05,44
1933,2020-06-06,39
1934,2020-06-07,40
1935,2020-06-08,42
1936,2020-06-09,42
1937,2020-06-10,43
1938,2020-06-11,46
1939,2020-06-12,43
1940,2020-06-13,34
1941,2020-06-14,34
1942,2020-06-15,43
1943,2020-06-16,41
1944,2020-06-17,38
1945,2020-06-18,36
1946,2020-06-19,35
1947,2020-06-20,32
1948,2020-06-21,29
1949,2020-06-22,38
1950,2020-06-23,39
1951,2020-06-24,38
1952,2020-06-25,36
1953,2020-06-26,36
1954,2020-06-27,33
1955,2020-06-28,35
1956,2020-06-29,35
1957,2020-06-30,36
1958,2020-07-01,33
1959,2020-07-02,35
1960,2020-07-03,31
1961,2020-07-04,30
1962,2020-07-05,30
1963,2020-07-06,34
1964,2020-07-07,33
1965,2020-07-08,37
1966,2020-07-09,35
1967,2020-07-10,32
1968,2020-07-11,30
1969,2020-07-12,31
1970,2020-07-13,33
1971,2020-07-14,34
1972,2020-07-15,42
1973,2020-07-16,51
1974,2020-07-17,36
1975,2020-07-18,48
1976,2020-07-19,31
1977,2020-07-20,29
1978,2020-07-21,34
1979,2020-07-22,33
1980,2020-07-23,39
1981,2020-07-24,37
1982,2020-07-25,36
1983,2020-07-26,47
1984,2020-07-27,72
1985,2020-07-28,77
1986,2020-07-29,60
1987,2020-07-30,54
1988,2020-07-31,55
1989,2020-08-01,68
1990,2020-08-02,69
1991,2020-08-03,57
1992,2020-08-04,51
1993,2020-08-05,55
1994,2020-08-06,59
1995,2020-08-07,53
1996,2020-08-08,46
1997,2020-08-09,45
1998,2020-08-10,56
1999,2020-08-11,53
2000,2020-08-12,67
2001,2020-08-13,16
2002,2020-08-14,16
2003,2020-08-15,16
2004,2020-08-16,16
2005,2020-08-17,19
2006,2020-08-18,19
2007,2020-08-19,17
2008,2020-08-20,16
2009,2020-08-21,14
2010,2020-08-22,13
2011,2020-08-23,12
2012,2020-08-24,14
2013,2020-08-25,15
2014,2020-08-26,14
2015,2020-08-27,13
2016,2020-08-28,13
2017,2020-08-29,11
2018,2020-08-30,12
2019,2020-08-31,12
2020,2020-09-01,15
2021,2020-09-02,16
2022,2020-09-03,17
2023,2020-09-04,18
2024,2020-09-05,16
2025,2020-09-06,14
2026,2020-09-07,14
2027,2020-09-08,14
2028,2020-09-09,13
2029,2020-09-10,12
2030,2020-09-11,12
2031,2020-09-12,11
2032,2020-09-13,11
2033,2020-09-14,12
2034,2020-09-15,12
2035,2020-09-16,12
2036,2020-09-17,12
2037,2020-09-18,11
2038,2020-09-19,10
2039,2020-09-20,11
2040,2020-09-21,12
2041,2020-09-22,11
2042,2020-09-23,11
2043,2020-09-24,11
2044,2020-09-25,11
2045,2020-09-26,9
2046,2020-09-27,9
2047,2020-09-28,11
2048,2020-09-29,11
2049,2020-09-30,10
2050,2020-10-01,10
2051,2020-10-02,11
2052,2020-10-03,9
2053,2020-10-04,9
2054,2020-10-05,9
2055,2020-10-06,9
2056,2020-10-07,9
2057,2020-10-08,10
2058,2020-10-09,11
2059,2020-10-10,12
2060,2020-10-11,11
2061,2020-10-12,11
2062,2020-10-13,11
2063,2020-10-14,11
2064,2020-10-15,10
2065,2020-10-16,11
2066,2020-10-17,9
2067,2020-10-18,9
2068,2020-10-19,11
2069,2020-10-20,13
2070,2020-10-21,22
2071,2020-10-22,23
2072,2020-10-23,18
2073,2020-10-24,14
2074,2020-10-25,14
2075,2020-10-26,17
2076,2020-10-27,19
2077,2020-10-28,20
2078,2020-10-29,17
2079,2020-10-30,17
2080,2020-10-31,17
2081,2020-11-01,16
2082,2020-11-02,17
2083,2020-11-03,16
2084,2020-11-04,16
2085,2020-11-05,23
2086,2020-11-06,27
2087,2020-11-07,21
2088,2020-11-08,19
2089,2020-11-09,20
2090,2020-11-10,18
2091,2020-11-11,18
2092,2020-11-12,21
2093,2020-11-13,23
2094,2020-11-14,19
2095,2020-11-15,17
2096,2020-11-16,22
2097,2020-11-17,30
2098,2020-11-18,36
2099,2020-11-19,29
2100,2020-11-20,30
2101,2020-11-21,30
2102,2020-11-22,26
2103,2020-11-23,28
2104,2020-11-24,37
2105,2020-11-25,33
2106,2020-11-26,38
2107,2020-11-27,28
2108,2020-11-28,24
2109,2020-11-29,23
2110,2020-11-30,32
2111,2020-12-01,33
2112,2020-12-02,26
2113,2020-12-03,25
2114,2020-12-04,24
2115,2020-12-05,21
2116,2020-12-06,20
2117,2020-12-07,21
2118,2020-12-08,21
2119,2020-12-09,23
2120,2020-12-10,20
2121,2020-12-11,21
2122,2020-12-12,21
2123,2020-12-13,20
2124,2020-12-14,20
2125,2020-12-15,20
2126,2020-12-16,38
2127,2020-12-17,64
2128,2020-12-18,41
2129,2020-12-19,36
2130,2020-12-20,35
2131,2020-12-21,38
2132,2020-12-22,33
2133,2020-12-23,31
2134,2020-12-24,28
2135,2020-12-25,31
2136,2020-12-26,45
2137,2020-12-27,61
2138,2020-12-28,46
2139,2020-12-29,40
2140,2020-12-30,47
2141,2020-12-31,47
2142,2021-01-01,45
2143,2021-01-02,82
2144,2021-01-03,94
2145,2021-01-04,78
2146,2021-01-05,64
2147,2021-01-06,71
2148,2021-01-07,104
2149,2021-01-08,102
2150,2021-01-09,81
2151,2021-01-10,79
2152,2021-01-11,122
2153,2021-01-12,87
2154,2021-01-13,75
2155,2021-01-14,77
2156,2021-01-15,68
2157,2021-01-16,57
2158,2021-01-17,51
2159,2021-01-18,49
2160,2021-01-19,47
2161,2021-01-20,45
2162,2021-01-21,57
2163,2021-01-22,62
2164,2021-01-23,45
2165,2021-01-24,41
2166,2021-01-25,43
2167,2021-01-26,39
2168,2021-01-27,44
2169,2021-01-28,44
2170,2021-01-29,74
2171,2021-01-30,50
2172,2021-01-31,43
2173,2021-02-01,42
2174,2021-02-02,39
2175,2021-02-03,42
2176,2021-02-04,44
2177,2021-02-05,41
2178,2021-02-06,49
2179,2021-02-07,43
2180,2021-02-08,94
2181,2021-02-09,113
2182,2021-02-10,76
2183,2021-02-11,68
2184,2021-02-12,66
2185,2021-02-13,54
2186,2021-02-14,61
2187,2021-02-15,61
2188,2021-02-16,69
2189,2021-02-17,78
2190,2021-02-18,69
2191,2021-02-19,77
2192,2021-02-20,88
2193,2021-02-21,76
2194,2021-02-22,90
2195,2021-02-23,112
2196,2021-02-24,83
2197,2021-02-25,67
2198,2021-02-26,69
2199,2021-02-27,54
2200,2021-02-28,63
2201,2021-03-01,60
2202,2021-03-02,54
2203,2021-03-03,52
2204,2021-03-04,48
2205,2021-03-05,46
2206,2021-03-06,42
2207,2021-03-07,43
2208,2021-03-08,45
2209,2021-03-09,56
2210,2021-03-10,54
2211,2021-03-11,51
2212,2021-03-12,50
2213,2021-03-13,67
2214,2021-03-14,63
2215,2021-03-15,56
2216,2021-03-16,54
2217,2021-03-17,49
2218,2021-03-18,49
2219,2021-03-19,45
2220,2021-03-20,41
2221,2021-03-21,42
2222,2021-03-22,46
2223,2021-03-23,44
2224,2021-03-24,51
2225,2021-03-25,54
2226,2021-03-26,45
2227,2021-03-27,42
2228,2021-03-28,39
2229,2021-03-29,43
2230,2021-03-30,47
2231,2021-03-31,46
2232,2021-04-01,47
2233,2021-04-02,44
2234,2021-04-03,41
2235,2021-04-04,39
2236,2021-04-05,42
2237,2021-04-06,41
2238,2021-04-07,40
2239,2021-04-08,39
2240,2021-04-09,35
2241,2021-04-10,43
2242,2021-04-11,40
2243,2021-04-12,42
2244,2021-04-13,59
2245,2021-04-14,65
2246,2021-04-15,51
2247,2021-04-16,56
2248,2021-04-17,45
2249,2021-04-18,86
2250,2021-04-19,120
2251,2021-04-20,47
2252,2021-04-21,37
2253,2021-04-22,44
2254,2021-04-23,70
2255,2021-04-24,47
2256,2021-04-25,41
2257,2021-04-26,46
2258,2021-04-27,40
2259,2021-04-28,37
2260,2021-04-29,33
2261,2021-04-30,33
2262,2021-05-01,33
2263,2021-05-02,30
2264,2021-05-03,34
2265,2021-05-04,35
2266,2021-05-05,34
2267,2021-05-06,32
2268,2021-05-07,31
2269,2021-05-08,31
2270,2021-05-09,32
2271,2021-05-10,34
2272,2021-05-11,32
2273,2021-05-12,33
2274,2021-05-13,81
2275,2021-05-14,49
2276,2021-05-15,39
2277,2021-05-16,44
2278,2021-05-17,65
2279,2021-05-18,49
2280,2021-05-19,122
2281,2021-05-20,95
2282,2021-05-21,73
2283,2021-05-22,62
2284,2021-05-23,75
2285,2021-05-24,69
2286,2021-05-25,54
2287,2021-05-26,47
2288,2021-05-27,41
2289,2021-05-28,42
2290,2021-05-29,42
2291,2021-05-30,39
2292,2021-05-31,38
2293,2021-06-01,37
2294,2021-06-02,37
2295,2021-06-03,36
2296,2021-06-04,40
2297,2021-06-05,36
2298,2021-06-06,37
2299,2021-06-07,35
2300,2021-06-08,51
2301,2021-06-09,44
2302,2021-06-10,39
2303,2021-06-11,34
2304,2021-06-12,29
2305,2021-06-13,30
2306,2021-06-14,39
2307,2021-06-15,32
2308,2021-06-16,30
2309,2021-06-17,28
2310,2021-06-18,27
2311,2021-06-19,25
2312,2021-06-20,28
2313,2021-06-21,40
2314,2021-06-22,54
2315,2021-06-23,38
2316,2021-06-24,32
2317,2021-06-25,31
2318,2021-06-26,30
2319,2021-06-27,28
2320,2021-06-28,30
2321,2021-06-29,30
2322,2021-06-30,26
2323,2021-07-01,24
2324,2021-07-02,24
2325,2021-07-03,23
2326,2021-07-04,24
2327,2021-07-05,24
2328,2021-07-06,23
2329,2021-07-07,21
2330,2021-07-08,23
2331,2021-07-09,22
2332,2021-07-10,20
2333,2021-07-11,19
2334,2021-07-12,21
2335,2021-07-13,21
2336,2021-07-14,22
2337,2021-07-15,22
2338,2021-07-16,22
2339,2021-07-17,21
2340,2021-07-18,21
2341,2021-07-19,24
2342,2021-07-20,31
2343,2021-07-21,29
2344,2021-07-22,26
2345,2021-07-23,22
2346,2021-07-24,23
2347,2021-07-25,24
2348,2021-07-26,44
2349,2021-07-27,30
2350,2021-07-28,30
2351,2021-07-29,26
2352,2021-07-30,25
2353,2021-07-31,26
2354,2021-08-01,24
2355,2021-08-02,25
2356,2021-08-03,23
2357,2021-08-04,22
2358,2021-08-05,22
2359,2021-08-06,25
2360,2021-08-07,28
2361,2021-08-08,27
2362,2021-08-09,30
2363,2021-08-10,28
2364,2021-08-11,29
2365,2021-08-12,28
2366,2021-08-13,26
2367,2021-08-14,26
2368,2021-08-15,25
2369,2021-08-16,26
2370,2021-08-17,25
2371,2021-08-18,24
2372,2021-08-19,23
2373,2021-08-20,26
2374,2021-08-21,25
2375,2021-08-22,25
2376,2021-08-23,30
2377,2021-08-24,27
2378,2021-08-25,25
2379,2021-08-26,25
2380,2021-08-27,22
2381,2021-08-28,21
2382,2021-08-29,20
2383,2021-08-30,21
2384,2021-08-31,22
2385,2021-09-01,21
2386,2021-09-02,22
2387,2021-09-03,23
2388,2021-09-04,20
2389,2021-09-05,21
2390,2021-09-06,24
2391,2021-09-07,40
2392,2021-09-08,36
2393,2021-09-09,27
2394,2021-09-10,24
2395,2021-09-11,21
2396,2021-09-12,20
2397,2021-09-13,24
2398,2021-09-14,21
2399,2021-09-15,21
2400,2021-09-16,21
2401,2021-09-17,20
2402,2021-09-18,19
2403,2021-09-19,17
2404,2021-09-20,27
2405,2021-09-21,28
2406,2021-09-22,25
2407,2021-09-23,22
2408,2021-09-24,32
2409,2021-09-25,23
2410,2021-09-26,21
2411,2021-09-27,21
2412,2021-09-28,21
2413,2021-09-29,21
2414,2021-09-30,20
2415,2021-10-01,25
2416,2021-10-02,21
2417,2021-10-03,20
2418,2021-10-04,22
2419,2021-10-05,26
2420,2021-10-06,33
2421,2021-10-07,28
2422,2021-10-08,26
2423,2021-10-09,22
2424,2021-10-10,22
2425,2021-10-11,29
2426,2021-10-12,27
2427,2021-10-13,25
2428,2021-10-14,26
2429,2021-10-15,38
2430,2021-10-16,33
2431,2021-10-17,27
2432,2021-10-18,32
2433,2021-10-19,38
2434,2021-10-20,48
2435,2021-10-21,43
2436,2021-10-22,34
2437,2021-10-23,27
2438,2021-10-24,26
2439,2021-10-25,29
2440,2021-10-26,30
2441,2021-10-27,32
2442,2021-10-28,29
2443,2021-10-29,27
2444,2021-10-30,23
2445,2021-10-31,23
2446,2021-11-01,24
2447,2021-11-02,26
2448,2021-11-03,25
2449,2021-11-04,24
2450,2021-11-05,23
2451,2021-11-06,21
2452,2021-11-07,21
2453,2021-11-08,31
2454,2021-11-09,34
2455,2021-11-10,32
2456,2021-11-11,28
2457,2021-11-12,26
2458,2021-11-13,24
2459,2021-11-14,24
2460,2021-11-15,25
2461,2021-11-16,33
2462,2021-11-17,29
2463,2021-11-18,30
2464,2021-11-19,30
2465,2021-11-20,24
2466,2021-11-21,22
2467,2021-11-22,26
2468,2021-11-23,28
2469,2021-11-24,28
2470,2021-11-25,25
2471,2021-11-26,32
2472,2021-11-27,26
2473,2021-11-28,25
2474,2021-11-29,26
2475,2021-11-30,27
2476,2021-12-01,24
2477,2021-12-02,23
2478,2021-12-03,24
2479,2021-12-04,55
2480,2021-12-05,37
2481,2021-12-06,37
2482,2021-12-07,31
2483,2021-12-08,28
2484,2021-12-09,28
2485,2021-12-10,27
2486,2021-12-11,25
2487,2021-12-12,23
2488,2021-12-13,29
2489,2021-12-14,29
2490,2021-12-15,28
2491,2021-12-16,26
2492,2021-12-17,25
2493,2021-12-18,24
2494,2021-12-19,21
2495,2021-12-20,25
2496,2021-12-21,25
2497,2021-12-22,24
2498,2021-12-23,24
2499,2021-12-24,25
2500,2021-12-25,72
2501,2021-12-26,48
2502,2021-12-27,52
2503,2021-12-28,55
2504,2021-12-29,53
2505,2021-12-30,53
2506,2021-12-31,50
2507,2022-01-01,47
2508,2022-01-02,47
2509,2022-01-03,50
2510,2022-01-04,49
2511,2022-01-05,55
2512,2022-01-06,79
2513,2022-01-07,79
2514,2022-01-08,69
2515,2022-01-09,63
2516,2022-01-10,68
2517,2022-01-11,65
2518,2022-01-12,60
2519,2022-01-13,57
2520,2022-01-14,54
2521,2022-01-15,46
2522,2022-01-16,46
2523,2022-01-17,49
2524,2022-01-18,52
2525,2022-01-19,49
2526,2022-01-20,51
2527,2022-01-21,98
2528,2022-01-22,125
2529,2022-01-23,89
2530,2022-01-24,121
2531,2022-01-25,87
2532,2022-01-26,81
2533,2022-01-27,72
2534,2022-01-28,68
2535,2022-01-29,59
2536,2022-01-30,55
2537,2022-01-31,59
2538,2022-02-01,60
2539,2022-02-02,57
2540,2022-02-03,57
2541,2022-02-04,62
2542,2022-02-05,64
2543,2022-02-06,54
2544,2022-02-07,67
2545,2022-02-08,63
2546,2022-02-09,61
2547,2022-02-10,60
2548,2022-02-11,55
2549,2022-02-12,48
2550,2022-02-13,45
2551,2022-02-14,52
2552,2022-02-15,53
2553,2022-02-16,49
2554,2022-02-17,52
2555,2022-02-18,53
2556,2022-02-19,47
2557,2022-02-20,53
