Date,Open,High,Low,Close,Adj Close
2018-01-01,0.127982,0.127998,0.127979,0.127982,0.127982
2018-01-02,0.127983,0.127985,0.12789,0.127982,0.127982
2018-01-03,0.127938,0.127959,0.127913,0.127938,0.127938
2018-01-04,0.127926,0.127931,0.127897,0.127928,0.127928
2018-01-05,0.127918,0.127922,0.127858,0.127916,0.127916
2018-01-06,0.127918,0.127922,0.127858,0.127916,0.127916
2018-01-07,0.127918,0.127922,0.127858,0.127916,0.127916
2018-01-08,0.127889,0.1279,0.127831,0.127889,0.127889
2018-01-09,0.127863,0.127889,0.127822,0.127853,0.127853
2018-01-10,0.127863,0.127881,0.1278,0.127849,0.127849
2018-01-11,0.127843,0.127854,0.127792,0.127843,0.127843
2018-01-12,0.127822,0.12784,0.127799,0.12782,0.12782
2018-01-13,0.127822,0.12784,0.127799,0.12782,0.12782
2018-01-14,0.127822,0.12784,0.127799,0.12782,0.12782
2018-01-15,0.127841,0.127843,0.127797,0.127842,0.127842
2018-01-16,0.12782,0.127858,0.127797,0.127818,0.127818
2018-01-17,0.12782,0.127943,0.127797,0.12782,0.12782
2018-01-18,0.127917,0.12796,0.12785,0.127916,0.127916
2018-01-19,0.127918,0.127933,0.127865,0.12792,0.12792
2018-01-20,0.127918,0.127933,0.127865,0.12792,0.12792
2018-01-21,0.127918,0.127933,0.127865,0.12792,0.12792
2018-01-22,0.127938,0.127941,0.127864,0.127936,0.127936
2018-01-23,0.127907,0.127936,0.12788,0.127906,0.127906
2018-01-24,0.127902,0.127936,0.127889,0.127901,0.127901
2018-01-25,0.127916,0.127944,0.1279,0.127916,0.127916
2018-01-26,0.127921,0.127928,0.127889,0.127918,0.127918
2018-01-27,0.127921,0.127928,0.127889,0.127918,0.127918
2018-01-28,0.127921,0.127928,0.127889,0.127918,0.127918
2018-01-29,0.127916,0.127927,0.127885,0.127921,0.127921
2018-01-30,0.127918,0.127923,0.127881,0.127918,0.127918
2018-01-31,0.127871,0.127895,0.127851,0.127868,0.127868
2018-02-01,0.127858,0.127884,0.127846,0.127858,0.127858
2018-02-02,0.127884,0.127902,0.127854,0.127881,0.127881
2018-02-03,0.127884,0.127902,0.127854,0.127881,0.127881
2018-02-04,0.127884,0.127902,0.127854,0.127881,0.127881
2018-02-05,0.127866,0.127885,0.12783,0.127864,0.127864
2018-02-06,0.127877,0.127915,0.127856,0.127885,0.127885
2018-02-07,0.127903,0.127912,0.127882,0.127905,0.127905
2018-02-08,0.127913,0.127928,0.127872,0.12791,0.12791
2018-02-09,0.127882,0.127907,0.127864,0.127881,0.127881
2018-02-10,0.127882,0.127907,0.127864,0.127881,0.127881
2018-02-11,0.127882,0.127907,0.127864,0.127881,0.127881
2018-02-12,0.127907,0.12791,0.127856,0.127913,0.127913
2018-02-13,0.127885,0.127897,0.127822,0.127887,0.127887
2018-02-14,0.127858,0.127869,0.127836,0.127859,0.127859
2018-02-15,0.127845,0.127882,0.127828,0.127848,0.127848
2018-02-16,0.127877,0.127884,0.12784,0.127877,0.127877
2018-02-17,0.127877,0.127884,0.12784,0.127877,0.127877
2018-02-18,0.127877,0.127884,0.12784,0.127877,0.127877
2018-02-19,0.127854,0.127856,0.127827,0.127851,0.127851
2018-02-20,0.127854,0.127863,0.12781,0.127848,0.127848
2018-02-21,0.127811,0.127815,0.127786,0.127812,0.127812
2018-02-22,0.127794,0.127815,0.127763,0.127792,0.127792
2018-02-23,0.12781,0.127851,0.127807,0.127805,0.127805
2018-02-24,0.12781,0.127851,0.127807,0.127805,0.127805
2018-02-25,0.12781,0.127851,0.127807,0.127805,0.127805
2018-02-26,0.127826,0.127832,0.127799,0.127826,0.127826
2018-02-27,0.12783,0.127831,0.127755,0.127829,0.127829
2018-02-28,0.127755,0.127799,0.127719,0.127755,0.127755
2018-03-01,0.127781,0.127783,0.127745,0.127782,0.127782
2018-03-02,0.127762,0.127765,0.127698,0.127763,0.127763
2018-03-03,0.127762,0.127765,0.127698,0.127763,0.127763
2018-03-04,0.127762,0.127765,0.127698,0.127763,0.127763
2018-03-05,0.127697,0.127704,0.127663,0.127696,0.127696
2018-03-06,0.127685,0.127698,0.127656,0.127678,0.127678
2018-03-07,0.127665,0.127676,0.127611,0.12765,0.12765
2018-03-08,0.127643,0.127667,0.127494,0.127644,0.127644
2018-03-09,0.127552,0.127614,0.127489,0.127556,0.127556
2018-03-10,0.127552,0.127614,0.127489,0.127556,0.127556
2018-03-11,0.127552,0.127614,0.127489,0.127556,0.127556
2018-03-12,0.127606,0.127606,0.127541,0.127603,0.127603
2018-03-13,0.127558,0.127578,0.127538,0.127558,0.127558
2018-03-14,0.127558,0.127562,0.127512,0.127561,0.127561
2018-03-15,0.127551,0.127552,0.127512,0.127548,0.127548
2018-03-16,0.127526,0.127528,0.127489,0.127523,0.127523
2018-03-17,0.127526,0.127528,0.127489,0.127523,0.127523
2018-03-18,0.127526,0.127528,0.127489,0.127523,0.127523
2018-03-19,0.127501,0.12752,0.127478,0.127499,0.127499
2018-03-20,0.127508,0.127518,0.127475,0.127507,0.127507
2018-03-21,0.127476,0.127484,0.127445,0.127473,0.127473
2018-03-22,0.127473,0.127478,0.127419,0.127475,0.127475
2018-03-23,0.127421,0.12746,0.1274,0.127418,0.127418
2018-03-24,0.127421,0.12746,0.1274,0.127418,0.127418
2018-03-25,0.127421,0.12746,0.1274,0.127418,0.127418
2018-03-26,0.127453,0.127464,0.127395,0.127455,0.127455
2018-03-27,0.127447,0.127452,0.127426,0.127447,0.127447
2018-03-28,0.127444,0.127465,0.127421,0.127445,0.127445
2018-03-29,0.127444,0.12745,0.127406,0.127445,0.127445
2018-03-30,0.127424,0.127431,0.127402,0.127415,0.127415
2018-03-31,0.127424,0.127431,0.127402,0.127415,0.127415
2018-04-01,0.127424,0.127431,0.127402,0.127415,0.127415
2018-04-02,0.127411,0.127426,0.12738,0.12741,0.12741
2018-04-03,0.127418,0.127423,0.127393,0.127415,0.127415
2018-04-04,0.127413,0.127421,0.127397,0.127413,0.127413
2018-04-05,0.1274,0.127416,0.127382,0.127377,0.127377
2018-04-06,0.127406,0.127426,0.127385,0.127408,0.127408
2018-04-07,0.127406,0.127426,0.127385,0.127408,0.127408
2018-04-08,0.127406,0.127426,0.127385,0.127408,0.127408
2018-04-09,0.127418,0.127419,0.127376,0.127418,0.127418
2018-04-10,0.127406,0.127413,0.127389,0.127405,0.127405
2018-04-11,0.1274,0.127403,0.127366,0.127402,0.127402
2018-04-12,0.1274,0.127405,0.12738,0.127392,0.127392
2018-04-13,0.127395,0.127398,0.12733,0.127396,0.127396
2018-04-14,0.127395,0.127398,0.12733,0.127396,0.127396
2018-04-15,0.127395,0.127398,0.12733,0.127396,0.127396
2018-04-16,0.127392,0.127397,0.127353,0.127393,0.127393
2018-04-17,0.127392,0.127408,0.127369,0.127393,0.127393
2018-04-18,0.127393,0.127405,0.127356,0.127393,0.127393
2018-04-19,0.127402,0.127484,0.127387,0.127403,0.127403
2018-04-20,0.127421,0.127484,0.12741,0.127423,0.127423
2018-04-21,0.127421,0.127484,0.12741,0.127423,0.127423
2018-04-22,0.127421,0.127484,0.12741,0.127423,0.127423
2018-04-23,0.127481,0.127531,0.127462,0.12748,0.12748
2018-04-24,0.127509,0.127523,0.127434,0.127509,0.127509
2018-04-25,0.127437,0.127447,0.127411,0.127424,0.127424
2018-04-26,0.127437,0.127465,0.127403,0.127435,0.127435
2018-04-27,0.127452,0.127453,0.12741,0.127453,0.127453
2018-04-28,0.127452,0.127453,0.12741,0.127453,0.127453
2018-04-29,0.127452,0.127453,0.12741,0.127453,0.127453
2018-04-30,0.127419,0.127431,0.127389,0.127421,0.127421
2018-05-01,0.127418,0.127421,0.127376,0.127416,0.127416
2018-05-02,0.127405,0.12741,0.127366,0.127403,0.127403
2018-05-03,0.127398,0.12742,0.127384,0.127398,0.127398
2018-05-04,0.127403,0.127416,0.127366,0.127401,0.127401
2018-05-05,0.127403,0.127416,0.127366,0.127401,0.127401
2018-05-06,0.127403,0.127416,0.127366,0.127401,0.127401
2018-05-07,0.1274,0.12741,0.127337,0.127403,0.127403
2018-05-08,0.127392,0.127403,0.127382,0.127382,0.127382
2018-05-09,0.127398,0.1274,0.127372,0.127377,0.127377
2018-05-10,0.127402,0.12741,0.127356,0.127398,0.127398
2018-05-11,0.127398,0.12741,0.127364,0.127397,0.127397
2018-05-12,0.127398,0.12741,0.127364,0.127397,0.127397
2018-05-13,0.127398,0.12741,0.127364,0.127397,0.127397
2018-05-14,0.127397,0.127408,0.127379,0.127397,0.127397
2018-05-15,0.127395,0.127406,0.127348,0.127395,0.127395
2018-05-16,0.127392,0.127406,0.127376,0.127393,0.127393
2018-05-17,0.127398,0.127408,0.127353,0.127397,0.127397
2018-05-18,0.127392,0.127408,0.127366,0.12738,0.12738
2018-05-19,0.127392,0.127408,0.127366,0.12738,0.12738
2018-05-20,0.127392,0.127408,0.127366,0.12738,0.12738
2018-05-21,0.127395,0.12741,0.127343,0.127393,0.127393
2018-05-22,0.127427,0.127434,0.127387,0.127426,0.127426
2018-05-23,0.127393,0.127419,0.127371,0.127393,0.127393
2018-05-24,0.127424,0.127449,0.127406,0.127424,0.127424
2018-05-25,0.127435,0.12751,0.127413,0.127429,0.127429
2018-05-26,0.127435,0.12751,0.127413,0.127429,0.127429
2018-05-27,0.127435,0.12751,0.127413,0.127429,0.127429
2018-05-28,0.127468,0.127506,0.127449,0.12748,0.12748
2018-05-29,0.12747,0.127477,0.127425,0.127472,0.127472
2018-05-30,0.127462,0.127489,0.127427,0.12746,0.12746
2018-05-31,0.127442,0.127526,0.127406,0.127443,0.127443
2018-06-01,0.127454,0.127488,0.127452,0.127455,0.127455
2018-06-02,0.127454,0.127488,0.127452,0.127455,0.127455
2018-06-03,0.127454,0.127488,0.127452,0.127455,0.127455
2018-06-04,0.127466,0.127471,0.127398,0.127465,0.127465
2018-06-05,0.127457,0.127458,0.127436,0.127453,0.127453
2018-06-06,0.127434,0.127458,0.127424,0.127433,0.127433
2018-06-07,0.127436,0.127492,0.127432,0.127437,0.127437
2018-06-08,0.127452,0.127483,0.127445,0.12745,0.12745
2018-06-09,0.127452,0.127483,0.127445,0.12745,0.12745
2018-06-10,0.127452,0.127483,0.127445,0.12745,0.12745
2018-06-11,0.12745,0.12746,0.127437,0.127455,0.127455
2018-06-12,0.127455,0.127462,0.127427,0.127452,0.127452
2018-06-13,0.127442,0.127453,0.12741,0.12744,0.12744
2018-06-14,0.127427,0.127447,0.127407,0.127418,0.127418
2018-06-15,0.127404,0.127424,0.127393,0.127397,0.127397
2018-06-16,0.127404,0.127424,0.127393,0.127397,0.127397
2018-06-17,0.127404,0.127424,0.127393,0.127397,0.127397
2018-06-18,0.127404,0.127415,0.127371,0.127402,0.127402
2018-06-19,0.1274,0.127416,0.12739,0.127399,0.127399
2018-06-20,0.127402,0.127455,0.127392,0.127397,0.127397
2018-06-21,0.127463,0.127499,0.127448,0.127453,0.127453
2018-06-22,0.127465,0.127492,0.127445,0.127463,0.127463
2018-06-23,0.127465,0.127492,0.127445,0.127463,0.127463
2018-06-24,0.127465,0.127492,0.127445,0.127463,0.127463
2018-06-25,0.127449,0.127481,0.127425,0.12745,0.12745
2018-06-26,0.127445,0.127449,0.127401,0.127442,0.127442
2018-06-27,0.127408,0.12745,0.127392,0.127406,0.127406
2018-06-28,0.127421,0.127443,0.12741,0.127423,0.127423
2018-06-29,0.127421,0.127475,0.12741,0.127418,0.127418
2018-06-30,0.127421,0.127475,0.12741,0.127418,0.127418
2018-07-01,0.127421,0.127475,0.12741,0.127418,0.127418
2018-07-02,0.127438,0.127489,0.127421,0.127437,0.127437
2018-07-03,0.127478,0.127496,0.127444,0.127476,0.127476
2018-07-04,0.127476,0.127522,0.127463,0.127475,0.127475
2018-07-05,0.127504,0.127504,0.127413,0.127504,0.127504
2018-07-06,0.127438,0.127439,0.127408,0.127435,0.127435
2018-07-07,0.127438,0.127439,0.127408,0.127435,0.127435
2018-07-08,0.127438,0.127439,0.127408,0.127435,0.127435
2018-07-09,0.127423,0.127434,0.12741,0.127421,0.127421
2018-07-10,0.127422,0.127434,0.127404,0.127421,0.127421
2018-07-11,0.127416,0.127426,0.127402,0.127415,0.127415
2018-07-12,0.127415,0.127426,0.127405,0.127415,0.127415
2018-07-13,0.127413,0.127432,0.12739,0.12741,0.12741
2018-07-14,0.127413,0.127432,0.12739,0.12741,0.12741
2018-07-15,0.127413,0.127432,0.12739,0.12741,0.12741
2018-07-16,0.127413,0.127424,0.1274,0.127416,0.127416
2018-07-17,0.127415,0.127427,0.127398,0.127411,0.127411
2018-07-18,0.127412,0.127416,0.127387,0.127411,0.127411
2018-07-19,0.127411,0.127423,0.127395,0.127405,0.127405
2018-07-20,0.1274,0.127429,0.127398,0.1274,0.1274
2018-07-21,0.1274,0.127429,0.127398,0.1274,0.1274
2018-07-22,0.1274,0.127429,0.127398,0.1274,0.1274
2018-07-23,0.127402,0.127436,0.127398,0.127405,0.127405
2018-07-24,0.127421,0.127478,0.127413,0.127419,0.127419
2018-07-25,0.127455,0.127475,0.127447,0.127452,0.127452
2018-07-26,0.127468,0.127481,0.127416,0.127466,0.127466
2018-07-27,0.127427,0.127433,0.127402,0.127429,0.127429
2018-07-28,0.127427,0.127433,0.127402,0.127429,0.127429
2018-07-29,0.127427,0.127433,0.127402,0.127429,0.127429
2018-07-30,0.127426,0.127427,0.127408,0.127423,0.127423
2018-07-31,0.127422,0.127446,0.127403,0.127422,0.127422
2018-08-01,0.127411,0.127424,0.127387,0.127408,0.127408
2018-08-02,0.127416,0.127418,0.127395,0.127421,0.127421
2018-08-03,0.127397,0.127416,0.127395,0.127398,0.127398
2018-08-04,0.127397,0.127416,0.127395,0.127398,0.127398
2018-08-05,0.127397,0.127416,0.127395,0.127398,0.127398
2018-08-06,0.127406,0.127429,0.1274,0.127408,0.127408
2018-08-07,0.127405,0.127421,0.127393,0.127406,0.127406
2018-08-08,0.127398,0.127413,0.127392,0.127397,0.127397
2018-08-09,0.127406,0.127418,0.127367,0.127403,0.127403
2018-08-10,0.127398,0.127408,0.127389,0.127394,0.127394
2018-08-11,0.127398,0.127408,0.127389,0.127394,0.127394
2018-08-12,0.127398,0.127408,0.127389,0.127394,0.127394
2018-08-13,0.127401,0.127408,0.12739,0.1274,0.1274
2018-08-14,0.127393,0.127406,0.12738,0.127395,0.127395
2018-08-15,0.12739,0.127405,0.127387,0.127392,0.127392
2018-08-16,0.1274,0.127413,0.127392,0.127399,0.127399
2018-08-17,0.127397,0.127413,0.12739,0.127397,0.127397
2018-08-18,0.127397,0.127413,0.12739,0.127397,0.127397
2018-08-19,0.127397,0.127413,0.12739,0.127397,0.127397
2018-08-20,0.127398,0.127411,0.12739,0.127398,0.127398
2018-08-21,0.127398,0.12741,0.127392,0.127398,0.127398
2018-08-22,0.127402,0.12741,0.127379,0.1274,0.1274
2018-08-23,0.127402,0.127402,0.127377,0.1274,0.1274
2018-08-24,0.127405,0.127408,0.127354,0.127393,0.127393
2018-08-25,0.127405,0.127408,0.127354,0.127393,0.127393
2018-08-26,0.127405,0.127408,0.127354,0.127393,0.127393
2018-08-27,0.127393,0.127397,0.127299,0.127393,0.127393
2018-08-28,0.127393,0.127405,0.127367,0.127396,0.127396
2018-08-29,0.12739,0.127421,0.127337,0.127382,0.127382
2018-08-30,0.127416,0.127427,0.127392,0.127416,0.127416
2018-08-31,0.127405,0.127436,0.1274,0.127403,0.127403
2018-09-01,0.127405,0.127436,0.1274,0.127403,0.127403
2018-09-02,0.127405,0.127436,0.1274,0.127403,0.127403
2018-09-03,0.127406,0.127413,0.12739,0.127406,0.127406
2018-09-04,0.127398,0.127429,0.127392,0.127398,0.127398
2018-09-05,0.127405,0.127423,0.127385,0.127395,0.127395
2018-09-06,0.127413,0.127415,0.12739,0.127414,0.127414
2018-09-07,0.127403,0.127411,0.127371,0.1274,0.1274
2018-09-08,0.127403,0.127411,0.127371,0.1274,0.1274
2018-09-09,0.127403,0.127411,0.127371,0.1274,0.1274
2018-09-10,0.127397,0.127408,0.127356,0.127395,0.127395
2018-09-11,0.127397,0.127413,0.12739,0.127397,0.127397
2018-09-12,0.127405,0.127422,0.127392,0.127384,0.127384
2018-09-13,0.127417,0.127432,0.127403,0.127416,0.127416
2018-09-14,0.127423,0.127457,0.127406,0.127423,0.127423
2018-09-15,0.127423,0.127457,0.127406,0.127423,0.127423
2018-09-16,0.127423,0.127457,0.127406,0.127423,0.127423
2018-09-17,0.127439,0.1275,0.127395,0.127444,0.127444
2018-09-18,0.127471,0.127507,0.127447,0.12747,0.12747
2018-09-19,0.127489,0.127504,0.127439,0.127492,0.127492
2018-09-20,0.127466,0.12752,0.12746,0.12746,0.12746
2018-09-21,0.127507,0.128313,0.127499,0.127516,0.127516
2018-09-22,0.127507,0.128313,0.127499,0.127516,0.127516
2018-09-23,0.127507,0.128313,0.127499,0.127516,0.127516
2018-09-24,0.128031,0.128244,0.12799,0.128049,0.128049
2018-09-25,0.128008,0.128069,0.127982,0.128016,0.128016
2018-09-26,0.128056,0.128057,0.127903,0.128043,0.128043
2018-09-27,0.12802,0.128134,0.127941,0.12802,0.12802
2018-09-28,0.127943,0.127948,0.127768,0.127952,0.127952
2018-09-29,0.127943,0.127948,0.127768,0.127952,0.127952
2018-09-30,0.127943,0.127948,0.127768,0.127952,0.127952
2018-10-01,0.127746,0.127794,0.127688,0.127743,0.127743
2018-10-02,0.127753,0.12776,0.127582,0.127733,0.127733
2018-10-03,0.127641,0.12766,0.127559,0.127632,0.127632
2018-10-04,0.127587,0.127686,0.127564,0.127585,0.127585
2018-10-05,0.127641,0.127689,0.127618,0.127639,0.127639
2018-10-06,0.127641,0.127689,0.127618,0.127639,0.127639
2018-10-07,0.127641,0.127689,0.127618,0.127639,0.127639
2018-10-08,0.127632,0.127818,0.127607,0.127633,0.127633
2018-10-09,0.127748,0.127758,0.127621,0.12775,0.12775
2018-10-10,0.127655,0.12766,0.127586,0.127654,0.127654
2018-10-11,0.127593,0.127632,0.127582,0.127593,0.127593
2018-10-12,0.127634,0.127652,0.127603,0.127639,0.127639
2018-10-13,0.127634,0.127652,0.127603,0.127639,0.127639
2018-10-14,0.127634,0.127652,0.127603,0.127639,0.127639
2018-10-15,0.127641,0.127649,0.127577,0.127639,0.127639
2018-10-16,0.127628,0.127636,0.127585,0.127632,0.127632
2018-10-17,0.127611,0.127618,0.127566,0.12759,0.12759
2018-10-18,0.127569,0.127587,0.127556,0.127567,0.127567
2018-10-19,0.12758,0.127582,0.127523,0.12758,0.12758
2018-10-20,0.12758,0.127582,0.127523,0.12758,0.12758
2018-10-21,0.12758,0.127582,0.127523,0.12758,0.12758
2018-10-22,0.127542,0.127582,0.127514,0.127541,0.127541
2018-10-23,0.127562,0.127588,0.127548,0.127554,0.127554
2018-10-24,0.127582,0.127584,0.127514,0.12757,0.12757
2018-10-25,0.127548,0.127601,0.127536,0.127541,0.127541
2018-10-26,0.127549,0.127566,0.127531,0.127551,0.127551
2018-10-27,0.127549,0.127566,0.127531,0.127551,0.127551
2018-10-28,0.127549,0.127566,0.127531,0.127551,0.127551
2018-10-29,0.127546,0.127556,0.127491,0.127549,0.127549
2018-10-30,0.127499,0.12751,0.127444,0.127496,0.127496
2018-10-31,0.127476,0.127569,0.127431,0.127479,0.127479
2018-11-01,0.127514,0.127619,0.127496,0.127514,0.127514
2018-11-02,0.127648,0.128009,0.127567,0.127645,0.127645
2018-11-03,0.127648,0.128009,0.127567,0.127645,0.127645
2018-11-04,0.127648,0.128009,0.127567,0.127645,0.127645
2018-11-05,0.127802,0.127811,0.12762,0.12785,0.12785
2018-11-06,0.127678,0.127748,0.127605,0.127678,0.127678
2018-11-07,0.127673,0.127736,0.127637,0.127672,0.127672
2018-11-08,0.127734,0.127807,0.127673,0.127733,0.127733
2018-11-09,0.127761,0.127776,0.127685,0.127743,0.127743
2018-11-10,0.127761,0.127776,0.127685,0.127743,0.127743
2018-11-11,0.127761,0.127776,0.127685,0.127743,0.127743
2018-11-12,0.1277,0.12773,0.127637,0.127696,0.127696
2018-11-13,0.127651,0.127749,0.127639,0.127603,0.127603
2018-11-14,0.127705,0.12774,0.127662,0.127701,0.127701
2018-11-15,0.1277,0.127745,0.127652,0.127703,0.127703
2018-11-16,0.127696,0.127717,0.127665,0.127704,0.127704
2018-11-17,0.127696,0.127717,0.127665,0.127704,0.127704
2018-11-18,0.127696,0.127717,0.127665,0.127704,0.127704
2018-11-19,0.127712,0.12772,0.127658,0.127715,0.127715
2018-11-20,0.127688,0.127717,0.127662,0.12769,0.12769
2018-11-21,0.127691,0.127728,0.127667,0.127695,0.127695
2018-11-22,0.127683,0.12775,0.127678,0.127681,0.127681
2018-11-23,0.127712,0.127829,0.127709,0.127711,0.127711
2018-11-24,0.127712,0.127829,0.127709,0.127711,0.127711
2018-11-25,0.127712,0.127829,0.127709,0.127711,0.127711
2018-11-26,0.127778,0.127871,0.127751,0.127774,0.127774
2018-11-27,0.127841,0.127871,0.12772,0.127848,0.127848
2018-11-28,0.127784,0.127797,0.127741,0.127774,0.127774
2018-11-29,0.127799,0.127856,0.127768,0.1278,0.1278
2018-11-30,0.127851,0.127903,0.127778,0.127851,0.127851
2018-12-01,0.127851,0.127903,0.127778,0.127851,0.127851
2018-12-02,0.127851,0.127903,0.127778,0.127851,0.127851
2018-12-03,0.127843,0.127961,0.127843,0.12784,0.12784
2018-12-04,0.127936,0.128176,0.127912,0.127935,0.127935
2018-12-05,0.128149,0.128166,0.127947,0.12815,0.12815
2018-12-06,0.127974,0.128058,0.12792,0.127974,0.127974
2018-12-07,0.128033,0.128072,0.127925,0.128036,0.128036
2018-12-08,0.128033,0.128072,0.127925,0.128036,0.128036
2018-12-09,0.128033,0.128072,0.127925,0.128036,0.128036
2018-12-10,0.12794,0.128007,0.127928,0.127943,0.127943
2018-12-11,0.127974,0.128003,0.127946,0.12798,0.12798
2018-12-12,0.127936,0.12798,0.127918,0.127937,0.127937
2018-12-13,0.127971,0.128087,0.127961,0.127966,0.127966
2018-12-14,0.128002,0.128098,0.127921,0.127998,0.127998
2018-12-15,0.128002,0.128098,0.127921,0.127998,0.127998
2018-12-16,0.128002,0.128098,0.127921,0.127998,0.127998
2018-12-17,0.12799,0.128025,0.127961,0.12799,0.12799
2018-12-18,0.127987,0.128002,0.127859,0.127992,0.127992
2018-12-19,0.127892,0.127898,0.12777,0.127881,0.127881
2018-12-20,0.127776,0.127817,0.127696,0.12778,0.12778
2018-12-21,0.127735,0.127828,0.127676,0.127739,0.127739
2018-12-22,0.127735,0.127828,0.127676,0.127739,0.127739
2018-12-23,0.127735,0.127828,0.127676,0.127739,0.127739
2018-12-24,0.127665,0.127743,0.127642,0.127659,0.127659
2018-12-25,0.127655,0.127685,0.127486,0.127639,0.127639
2018-12-26,0.127688,0.127742,0.12766,0.127658,0.127658
2018-12-27,0.127745,0.127769,0.127636,0.127735,0.127735
2018-12-28,0.127698,0.127747,0.127647,0.127698,0.127698
2018-12-29,0.127698,0.127747,0.127647,0.127698,0.127698
2018-12-30,0.127698,0.127747,0.127647,0.127698,0.127698
2018-12-31,0.127696,0.127741,0.127652,0.127699,0.127699
2019-01-01,0.127691,0.127735,0.127676,0.127681,0.127681
2019-01-02,0.127658,0.127676,0.127592,0.12766,0.12766
2019-01-03,0.127639,0.127716,0.127628,0.127626,0.127626
2019-01-04,0.127696,0.127757,0.127639,0.127699,0.127699
2019-01-05,0.127696,0.127757,0.127639,0.127699,0.127699
2019-01-06,0.127696,0.127757,0.127639,0.127699,0.127699
2019-01-07,0.127672,0.127672,0.127595,0.127672,0.127672
2019-01-08,0.127623,0.127644,0.127564,0.127628,0.127628
2019-01-09,0.127567,0.127607,0.127541,0.127566,0.127566
2019-01-10,0.127596,0.127603,0.127553,0.127595,0.127595
2019-01-11,0.127579,0.127588,0.12752,0.12758,0.12758
2019-01-12,0.127579,0.127588,0.12752,0.12758,0.12758
2019-01-13,0.127579,0.127588,0.12752,0.12758,0.12758
2019-01-14,0.127564,0.127567,0.127489,0.127564,0.127564
2019-01-15,0.127512,0.127534,0.127489,0.127512,0.127512
2019-01-16,0.127496,0.127506,0.127464,0.127492,0.127492
2019-01-17,0.127507,0.127514,0.127471,0.127507,0.127507
2019-01-18,0.127501,0.127509,0.127473,0.127502,0.127502
2019-01-19,0.127501,0.127509,0.127473,0.127502,0.127502
2019-01-20,0.127501,0.127509,0.127473,0.127502,0.127502
2019-01-21,0.127489,0.127499,0.127458,0.127483,0.127483
2019-01-22,0.127467,0.127473,0.12744,0.127463,0.127463
2019-01-23,0.127453,0.127476,0.127429,0.127455,0.127455
2019-01-24,0.127473,0.127486,0.127436,0.127467,0.127467
2019-01-25,0.127449,0.127471,0.12744,0.12745,0.12745
2019-01-26,0.127449,0.127471,0.12744,0.12745,0.12745
2019-01-27,0.127449,0.127471,0.12744,0.12745,0.12745
2019-01-28,0.127466,0.127472,0.127449,0.127468,0.127468
2019-01-29,0.127457,0.12747,0.127437,0.12746,0.12746
2019-01-30,0.12746,0.12763,0.12745,0.127455,0.127455
2019-01-31,0.127515,0.127543,0.127439,0.127509,0.127509
2019-02-01,0.127451,0.127494,0.127434,0.127452,0.127452
2019-02-02,0.127451,0.127494,0.127434,0.127452,0.127452
2019-02-03,0.127451,0.127494,0.127434,0.127452,0.127452
2019-02-04,0.127465,0.127487,0.12744,0.127465,0.127465
2019-02-05,0.127462,0.127489,0.127445,0.127463,0.127463
2019-02-06,0.127464,0.127479,0.127444,0.127466,0.127466
2019-02-07,0.127453,0.127476,0.127432,0.12745,0.12745
2019-02-08,0.127439,0.127473,0.127434,0.127439,0.127439
2019-02-09,0.127439,0.127473,0.127434,0.127439,0.127439
2019-02-10,0.127439,0.127473,0.127434,0.127439,0.127439
2019-02-11,0.127444,0.127456,0.127413,0.127444,0.127444
2019-02-12,0.127436,0.12745,0.127411,0.127436,0.127436
2019-02-13,0.12742,0.127432,0.127408,0.127421,0.127421
2019-02-14,0.127418,0.127445,0.127417,0.127402,0.127402
2019-02-15,0.127434,0.127449,0.127415,0.127436,0.127436
2019-02-16,0.127434,0.127449,0.127415,0.127436,0.127436
2019-02-17,0.127434,0.127449,0.127415,0.127436,0.127436
2019-02-18,0.127426,0.127445,0.127402,0.127426,0.127426
2019-02-19,0.127432,0.127433,0.127403,0.127431,0.127431
2019-02-20,0.127415,0.127426,0.127398,0.127397,0.127397
2019-02-21,0.127417,0.127455,0.127408,0.127415,0.127415
2019-02-22,0.127434,0.127445,0.127403,0.127434,0.127434
2019-02-23,0.127434,0.127445,0.127403,0.127434,0.127434
2019-02-24,0.127434,0.127445,0.127403,0.127434,0.127434
2019-02-25,0.127424,0.127435,0.127403,0.127429,0.127429
2019-02-26,0.127415,0.127426,0.12739,0.127413,0.127413
2019-02-27,0.127407,0.127415,0.127389,0.127408,0.127408
2019-02-28,0.127406,0.127415,0.127387,0.127406,0.127406
2019-03-01,0.127395,0.127432,0.127382,0.127393,0.127393
2019-03-02,0.127395,0.127432,0.127382,0.127393,0.127393
2019-03-03,0.127395,0.127432,0.127382,0.127393,0.127393
2019-03-04,0.127408,0.127423,0.127395,0.127413,0.127413
2019-03-05,0.127402,0.12741,0.127389,0.127393,0.127393
2019-03-06,0.127387,0.12741,0.127379,0.127379,0.127379
2019-03-07,0.127403,0.12741,0.127377,0.127398,0.127398
2019-03-08,0.127398,0.127406,0.127377,0.127392,0.127392
2019-03-09,0.127398,0.127406,0.127377,0.127392,0.127392
2019-03-10,0.127398,0.127406,0.127377,0.127392,0.127392
2019-03-11,0.127393,0.127406,0.127377,0.127393,0.127393
2019-03-12,0.127397,0.127406,0.127374,0.127397,0.127397
2019-03-13,0.127393,0.127403,0.127337,0.127395,0.127395
2019-03-14,0.127402,0.127413,0.127372,0.127395,0.127395
2019-03-15,0.127395,0.127417,0.127366,0.127395,0.127395
2019-03-16,0.127395,0.127417,0.127366,0.127395,0.127395
2019-03-17,0.127395,0.127417,0.127366,0.127395,0.127395
2019-03-18,0.127397,0.127414,0.127374,0.127397,0.127397
2019-03-19,0.127397,0.12741,0.127361,0.127396,0.127396
2019-03-20,0.127393,0.127406,0.127363,0.127369,0.127369
2019-03-21,0.12741,0.127466,0.127398,0.127406,0.127406
2019-03-22,0.127429,0.12747,0.127411,0.127431,0.127431
2019-03-23,0.127429,0.12747,0.127411,0.127431,0.127431
2019-03-24,0.127429,0.12747,0.127411,0.127431,0.127431
2019-03-25,0.127434,0.127455,0.127406,0.127434,0.127434
2019-03-26,0.127432,0.127434,0.127398,0.127429,0.127429
2019-03-27,0.127405,0.127419,0.127384,0.127406,0.127406
2019-03-28,0.1274,0.127406,0.127364,0.127397,0.127397
2019-03-29,0.127393,0.127403,0.127371,0.127395,0.127395
2019-03-30,0.127393,0.127403,0.127371,0.127395,0.127395
2019-03-31,0.127393,0.127403,0.127371,0.127395,0.127395
2019-04-01,0.127396,0.127411,0.127377,0.127395,0.127395
2019-04-02,0.127397,0.12741,0.127374,0.127385,0.127385
2019-04-03,0.1274,0.127416,0.127382,0.127408,0.127408
2019-04-04,0.127405,0.127432,0.127393,0.1274,0.1274
2019-04-05,0.127408,0.127421,0.12739,0.127397,0.127397
2019-04-06,0.127408,0.127421,0.12739,0.127397,0.127397
2019-04-07,0.127408,0.127421,0.12739,0.127397,0.127397
2019-04-08,0.127402,0.127473,0.127385,0.127402,0.127402
2019-04-09,0.127439,0.127535,0.127437,0.127435,0.127435
2019-04-10,0.12753,0.127714,0.127514,0.127526,0.127526
2019-04-11,0.127614,0.127614,0.127478,0.127614,0.127614
2019-04-12,0.127499,0.127562,0.127439,0.127501,0.127501
2019-04-13,0.127499,0.127562,0.127439,0.127501,0.127501
2019-04-14,0.127499,0.127562,0.127439,0.127501,0.127501
2019-04-15,0.127518,0.127599,0.127475,0.12752,0.12752
2019-04-16,0.127549,0.12759,0.127489,0.127547,0.127547
2019-04-17,0.127494,0.127519,0.127458,0.127496,0.127496
2019-04-18,0.127468,0.127493,0.127447,0.127476,0.127476
2019-04-19,0.127466,0.127495,0.127453,0.127466,0.127466
2019-04-20,0.127466,0.127495,0.127453,0.127466,0.127466
2019-04-21,0.127466,0.127495,0.127453,0.127466,0.127466
2019-04-22,0.127491,0.1275,0.127442,0.127501,0.127501
2019-04-23,0.127478,0.127504,0.127452,0.127444,0.127444
2019-04-24,0.127518,0.127577,0.127499,0.12751,0.12751
2019-04-25,0.12751,0.127551,0.127482,0.127507,0.127507
2019-04-26,0.127491,0.127509,0.12747,0.127492,0.127492
2019-04-27,0.127491,0.127509,0.12747,0.127492,0.127492
2019-04-28,0.127491,0.127509,0.12747,0.127492,0.127492
2019-04-29,0.127496,0.127508,0.127478,0.127505,0.127505
2019-04-30,0.127499,0.127502,0.12746,0.127484,0.127484
2019-05-01,0.127479,0.127486,0.12745,0.127462,0.127462
2019-05-02,0.127476,0.127503,0.127452,0.127473,0.127473
2019-05-03,0.127496,0.127499,0.127465,0.127505,0.127505
2019-05-04,0.127496,0.127499,0.127465,0.127505,0.127505
2019-05-05,0.127496,0.127499,0.127465,0.127505,0.127505
2019-05-06,0.127478,0.127488,0.127436,0.12748,0.12748
2019-05-07,0.127452,0.127462,0.127414,0.127447,0.127447
2019-05-08,0.127416,0.127431,0.127398,0.127415,0.127415
2019-05-09,0.127419,0.127439,0.127403,0.127419,0.127419
2019-05-10,0.127421,0.127437,0.127408,0.127421,0.127421
2019-05-11,0.127421,0.127437,0.127408,0.127421,0.127421
2019-05-12,0.127421,0.127437,0.127408,0.127421,0.127421
2019-05-13,0.127427,0.12743,0.127402,0.127418,0.127418
2019-05-14,0.127406,0.127423,0.127398,0.127406,0.127406
2019-05-15,0.127401,0.127418,0.127392,0.127402,0.127402
2019-05-16,0.1274,0.127422,0.127395,0.12741,0.12741
2019-05-17,0.127402,0.127413,0.127393,0.127402,0.127402
2019-05-18,0.127402,0.127413,0.127393,0.127402,0.127402
2019-05-19,0.127402,0.127413,0.127393,0.127402,0.127402
2019-05-20,0.127402,0.127426,0.127395,0.127402,0.127402
2019-05-21,0.127398,0.127426,0.127395,0.127399,0.127399
2019-05-22,0.127398,0.127426,0.127395,0.127399,0.127399
2019-05-23,0.127405,0.127439,0.127402,0.127405,0.127405
2019-05-24,0.127412,0.127437,0.127398,0.127412,0.127412
2019-05-25,0.127412,0.127437,0.127398,0.127412,0.127412
2019-05-26,0.127412,0.127437,0.127398,0.127412,0.127412
2019-05-27,0.127406,0.127428,0.127395,0.127415,0.127415
2019-05-28,0.1274,0.127431,0.127394,0.1274,0.1274
2019-05-29,0.127405,0.127416,0.127393,0.127402,0.127402
2019-05-30,0.127404,0.127434,0.127398,0.127403,0.127403
2019-05-31,0.127423,0.127582,0.127418,0.127421,0.127421
2019-06-01,0.127423,0.127582,0.127418,0.127421,0.127421
2019-06-02,0.127423,0.127582,0.127418,0.127421,0.127421
2019-06-03,0.127593,0.127665,0.127531,0.127597,0.127597
2019-06-04,0.127614,0.127616,0.127517,0.127614,0.127614
2019-06-05,0.127536,0.127576,0.127514,0.127538,0.127538
2019-06-06,0.127544,0.127574,0.127525,0.127543,0.127543
2019-06-07,0.127527,0.127564,0.127518,0.127545,0.127545
2019-06-08,0.127527,0.127564,0.127518,0.127545,0.127545
2019-06-09,0.127527,0.127564,0.127518,0.127545,0.127545
2019-06-10,0.127521,0.127533,0.127483,0.127524,0.127524
2019-06-11,0.127509,0.12765,0.127505,0.127509,0.127509
2019-06-12,0.127622,0.127943,0.127592,0.127615,0.127615
2019-06-13,0.127813,0.12791,0.127725,0.12781,0.12781
2019-06-14,0.127733,0.127813,0.12767,0.127735,0.127735
2019-06-15,0.127733,0.127813,0.12767,0.127735,0.127735
2019-06-16,0.127733,0.127813,0.12767,0.127735,0.127735
2019-06-17,0.127733,0.127755,0.127647,0.127733,0.127733
2019-06-18,0.127658,0.127695,0.127642,0.127658,0.127658
2019-06-19,0.127693,0.12784,0.127672,0.12768,0.12768
2019-06-20,0.127827,0.12801,0.127827,0.127818,0.127818
2019-06-21,0.127977,0.128167,0.127967,0.127977,0.127977
2019-06-22,0.127977,0.128167,0.127967,0.127977,0.127977
2019-06-23,0.127977,0.128167,0.127967,0.127977,0.127977
2019-06-24,0.12799,0.128084,0.127938,0.127989,0.127989
2019-06-25,0.128062,0.128135,0.128029,0.128064,0.128064
2019-06-26,0.128028,0.128116,0.128016,0.128034,0.128034
2019-06-27,0.128028,0.128074,0.127967,0.128029,0.128029
2019-06-28,0.127953,0.128108,0.12795,0.127953,0.127953
2019-06-29,0.127953,0.128108,0.12795,0.127953,0.127953
2019-06-30,0.127953,0.128108,0.12795,0.127953,0.127953
2019-07-01,0.128009,0.128091,0.127987,0.128009,0.128009
2019-07-02,0.127997,0.128227,0.127962,0.128004,0.128004
2019-07-03,0.128207,0.128292,0.128199,0.128215,0.128215
2019-07-04,0.12825,0.128494,0.128248,0.128256,0.128256
2019-07-05,0.128444,0.128453,0.128253,0.12845,0.12845
2019-07-06,0.128444,0.128453,0.128253,0.12845,0.12845
2019-07-07,0.128444,0.128453,0.128253,0.12845,0.12845
2019-07-08,0.128277,0.128281,0.128189,0.128264,0.128264
2019-07-09,0.128225,0.128228,0.128018,0.128223,0.128223
2019-07-10,0.128064,0.128066,0.127926,0.128061,0.128061
2019-07-11,0.127941,0.127959,0.127848,0.127939,0.127939
2019-07-12,0.127853,0.127877,0.127804,0.127846,0.127846
2019-07-13,0.127853,0.127877,0.127804,0.127846,0.127846
2019-07-14,0.127853,0.127877,0.127804,0.127846,0.127846
2019-07-15,0.127795,0.127796,0.127728,0.127794,0.127794
2019-07-16,0.12777,0.128004,0.12776,0.127768,0.127768
2019-07-17,0.127923,0.128051,0.127905,0.127926,0.127926
2019-07-18,0.127976,0.128049,0.127935,0.127977,0.127977
2019-07-19,0.127964,0.128165,0.127958,0.127962,0.127962
2019-07-20,0.127964,0.128165,0.127958,0.127962,0.127962
2019-07-21,0.127964,0.128165,0.127958,0.127962,0.127962
2019-07-22,0.12808,0.128185,0.128034,0.128079,0.128079
2019-07-23,0.128038,0.128077,0.127996,0.128044,0.128044
2019-07-24,0.128027,0.12805,0.127964,0.12804,0.12804
2019-07-25,0.127977,0.127997,0.127926,0.127986,0.127986
2019-07-26,0.127941,0.128001,0.127891,0.127941,0.127941
2019-07-27,0.127941,0.128001,0.127891,0.127941,0.127941
2019-07-28,0.127941,0.128001,0.127891,0.127941,0.127941
2019-07-29,0.12791,0.127981,0.127884,0.127913,0.127913
2019-07-30,0.127854,0.127883,0.127809,0.127854,0.127854
2019-07-31,0.127822,0.127827,0.127749,0.127826,0.127826
2019-08-01,0.12776,0.127808,0.127738,0.12776,0.12776
2019-08-02,0.127791,0.127931,0.12773,0.127791,0.127791
2019-08-03,0.127791,0.127931,0.12773,0.127791,0.127791
2019-08-04,0.127791,0.127931,0.12773,0.127791,0.127791
2019-08-05,0.127696,0.127789,0.12752,0.127695,0.127695
2019-08-06,0.127493,0.127713,0.127484,0.127492,0.127492
2019-08-07,0.127596,0.127651,0.127501,0.127588,0.127588
2019-08-08,0.127551,0.127609,0.127517,0.127559,0.127559
2019-08-09,0.127537,0.12759,0.127499,0.127531,0.127531
2019-08-10,0.127537,0.12759,0.127499,0.127531,0.127531
2019-08-11,0.127537,0.12759,0.127499,0.127531,0.127531
2019-08-12,0.127523,0.127561,0.12744,0.127522,0.127522
2019-08-13,0.127475,0.127496,0.127439,0.127473,0.127473
2019-08-14,0.127465,0.127494,0.127437,0.12747,0.12747
2019-08-15,0.127465,0.127682,0.12746,0.127467,0.127467
2019-08-16,0.127512,0.127566,0.127501,0.12751,0.12751
2019-08-17,0.127512,0.127566,0.127501,0.12751,0.12751
2019-08-18,0.127512,0.127566,0.127501,0.12751,0.12751
2019-08-19,0.127493,0.127522,0.127453,0.127492,0.127492
2019-08-20,0.127494,0.127523,0.127457,0.127488,0.127488
2019-08-21,0.127515,0.127549,0.127481,0.127524,0.127524
2019-08-22,0.127502,0.127594,0.127499,0.127502,0.127502
2019-08-23,0.127564,0.127609,0.127489,0.127553,0.127553
2019-08-24,0.127564,0.127609,0.127489,0.127553,0.127553
2019-08-25,0.127564,0.127609,0.127489,0.127553,0.127553
2019-08-26,0.127512,0.127554,0.127457,0.127504,0.127504
2019-08-27,0.127468,0.127504,0.127424,0.12747,0.12747
2019-08-28,0.127446,0.127492,0.127439,0.127444,0.127444
2019-08-29,0.127499,0.127523,0.127444,0.1275,0.1275
2019-08-30,0.127463,0.127646,0.127447,0.127457,0.127457
2019-08-31,0.127463,0.127646,0.127447,0.127457,0.127457
2019-09-01,0.127463,0.127646,0.127447,0.127457,0.127457
2019-09-02,0.127507,0.127554,0.127492,0.127514,0.127514
2019-09-03,0.127518,0.127527,0.127475,0.127518,0.127518
2019-09-04,0.127488,0.127592,0.12747,0.127488,0.127488
2019-09-05,0.12754,0.1276,0.127535,0.12754,0.12754
2019-09-06,0.127587,0.127605,0.127538,0.127588,0.127588
2019-09-07,0.127587,0.127605,0.127538,0.127588,0.127588
2019-09-08,0.127587,0.127605,0.127538,0.127588,0.127588
2019-09-09,0.127551,0.127592,0.127493,0.127551,0.127551
2019-09-10,0.127575,0.127582,0.127519,0.127576,0.127576
2019-09-11,0.127549,0.127576,0.127524,0.127553,0.127553
2019-09-12,0.127587,0.12781,0.127584,0.127585,0.127585
2019-09-13,0.127792,0.127858,0.127747,0.127792,0.127792
2019-09-14,0.127792,0.127858,0.127747,0.127792,0.127792
2019-09-15,0.127792,0.127858,0.127747,0.127792,0.127792
2019-09-16,0.127827,0.127935,0.127751,0.12781,0.12781
2019-09-17,0.127895,0.127935,0.127779,0.127892,0.127892
2019-09-18,0.127835,0.127835,0.1277,0.12783,0.12783
2019-09-19,0.127732,0.127816,0.127671,0.127729,0.127729
2019-09-20,0.127703,0.127711,0.127525,0.127706,0.127706
2019-09-21,0.127703,0.127711,0.127525,0.127706,0.127706
2019-09-22,0.127703,0.127711,0.127525,0.127706,0.127706
2019-09-23,0.127562,0.12761,0.127539,0.127558,0.127558
2019-09-24,0.127575,0.127626,0.127527,0.127574,0.127574
2019-09-25,0.127543,0.127626,0.127534,0.127541,0.127541
2019-09-26,0.127574,0.127606,0.127559,0.127566,0.127566
2019-09-27,0.127572,0.127582,0.127527,0.127579,0.127579
2019-09-28,0.127572,0.127582,0.127527,0.127579,0.127579
2019-09-29,0.127572,0.127582,0.127527,0.127579,0.127579
2019-09-30,0.127541,0.127577,0.127524,0.127547,0.127547
2019-10-01,0.127577,0.12761,0.127505,0.127578,0.127578
2019-10-02,0.127515,0.127569,0.127499,0.127515,0.127515
2019-10-03,0.127498,0.127545,0.127497,0.127505,0.127505
2019-10-04,0.127525,0.127538,0.127483,0.127518,0.127518
2019-10-05,0.127525,0.127538,0.127483,0.127518,0.127518
2019-10-06,0.127525,0.127538,0.127483,0.127518,0.127518
2019-10-07,0.127523,0.127535,0.127474,0.127522,0.127522
2019-10-08,0.127501,0.127523,0.127476,0.127507,0.127507
2019-10-09,0.127479,0.127499,0.127461,0.127482,0.127482
2019-10-10,0.127468,0.127537,0.127468,0.127471,0.127471
2019-10-11,0.127514,0.127545,0.127484,0.127513,0.127513
2019-10-12,0.127514,0.127545,0.127484,0.127513,0.127513
2019-10-13,0.127514,0.127545,0.127484,0.127513,0.127513
2019-10-14,0.127499,0.127505,0.127472,0.127499,0.127499
2019-10-15,0.127475,0.127495,0.127458,0.127475,0.127475
2019-10-16,0.127466,0.127496,0.127455,0.127466,0.127466
2019-10-17,0.127475,0.127505,0.127471,0.127473,0.127473
2019-10-18,0.12749,0.127527,0.127483,0.127486,0.127486
2019-10-19,0.12749,0.127527,0.127483,0.127486,0.127486
2019-10-20,0.12749,0.127527,0.127483,0.127486,0.127486
2019-10-21,0.12751,0.127551,0.127493,0.127507,0.127507
2019-10-22,0.127519,0.12753,0.127491,0.127516,0.127516
2019-10-23,0.127512,0.127531,0.127503,0.127513,0.127513
2019-10-24,0.127528,0.127611,0.127528,0.12753,0.12753
2019-10-25,0.127579,0.127615,0.127567,0.127579,0.127579
2019-10-26,0.127579,0.127615,0.127567,0.127579,0.127579
2019-10-27,0.127579,0.127615,0.127567,0.127579,0.127579
2019-10-28,0.127588,0.127593,0.127545,0.127598,0.127598
2019-10-29,0.12756,0.127572,0.127533,0.127571,0.127571
2019-10-30,0.127559,0.127574,0.127528,0.127557,0.127557
2019-10-31,0.127561,0.127651,0.127561,0.127562,0.127562
2019-11-01,0.127605,0.127639,0.127576,0.127605,0.127605
2019-11-02,0.127605,0.127639,0.127576,0.127605,0.127605
2019-11-03,0.127605,0.127639,0.127576,0.127605,0.127605
2019-11-04,0.1276,0.127619,0.127556,0.1276,0.1276
2019-11-05,0.127601,0.127688,0.127575,0.127606,0.127606
2019-11-06,0.127667,0.12783,0.127645,0.127675,0.127675
2019-11-07,0.127772,0.127833,0.127767,0.127772,0.127772
2019-11-08,0.127789,0.127835,0.127735,0.127786,0.127786
2019-11-09,0.127789,0.127835,0.127735,0.127786,0.127786
2019-11-10,0.127789,0.127835,0.127735,0.127786,0.127786
2019-11-11,0.12774,0.12779,0.127641,0.127743,0.127743
2019-11-12,0.127785,0.127797,0.127738,0.127786,0.127786
2019-11-13,0.127733,0.127749,0.127662,0.127735,0.127735
2019-11-14,0.127747,0.127784,0.127689,0.127745,0.127745
2019-11-15,0.127756,0.127781,0.127691,0.127748,0.127748
2019-11-16,0.127756,0.127781,0.127691,0.127748,0.127748
2019-11-17,0.127756,0.127781,0.127691,0.127748,0.127748
2019-11-18,0.127777,0.127782,0.127707,0.127772,0.127772
2019-11-19,0.12775,0.127774,0.127715,0.127764,0.127764
2019-11-20,0.127751,0.127799,0.127723,0.127758,0.127758
2019-11-21,0.127778,0.127881,0.127739,0.127776,0.127776
2019-11-22,0.127877,0.127877,0.127782,0.127874,0.127874
2019-11-23,0.127877,0.127877,0.127782,0.127874,0.127874
2019-11-24,0.127877,0.127877,0.127782,0.127874,0.127874
2019-11-25,0.127794,0.127805,0.127743,0.127792,0.127792
2019-11-26,0.127784,0.127789,0.127671,0.127786,0.127786
2019-11-27,0.127738,0.127768,0.127722,0.127738,0.127738
2019-11-28,0.12775,0.127789,0.127721,0.127757,0.127757
2019-11-29,0.12776,0.127794,0.127738,0.127761,0.127761
2019-11-30,0.12776,0.127794,0.127738,0.127761,0.127761
2019-12-01,0.12776,0.127794,0.127738,0.127761,0.127761
2019-12-02,0.12774,0.12776,0.12772,0.127742,0.127742
2019-12-03,0.127746,0.12775,0.127707,0.127742,0.127742
2019-12-04,0.127722,0.127756,0.127717,0.127719,0.127719
2019-12-05,0.127732,0.127745,0.127724,0.127733,0.127733
2019-12-06,0.127733,0.127745,0.127703,0.127735,0.127735
2019-12-07,0.127733,0.127745,0.127703,0.127735,0.127735
2019-12-08,0.127733,0.127745,0.127703,0.127735,0.127735
2019-12-09,0.127725,0.127771,0.127707,0.127731,0.127731
2019-12-10,0.12774,0.127799,0.127737,0.127741,0.127741
2019-12-11,0.127768,0.128036,0.127768,0.127768,0.127768
2019-12-12,0.128059,0.128238,0.128042,0.128063,0.128063
2019-12-13,0.128118,0.12836,0.128097,0.128115,0.128115
2019-12-14,0.128118,0.12836,0.128097,0.128115,0.128115
2019-12-15,0.128118,0.12836,0.128097,0.128115,0.128115
2019-12-16,0.128218,0.128422,0.128194,0.128225,0.128225
2019-12-17,0.128325,0.128436,0.128312,0.128326,0.128326
2019-12-18,0.128423,0.128489,0.128368,0.128419,0.128419
2019-12-19,0.1284,0.128408,0.128217,0.128401,0.128401
2019-12-20,0.128295,0.128298,0.128187,0.128297,0.128297
2019-12-21,0.128295,0.128298,0.128187,0.128297,0.128297
2019-12-22,0.128295,0.128298,0.128187,0.128297,0.128297
2019-12-23,0.128258,0.128464,0.128235,0.128257,0.128257
2019-12-24,0.128419,0.128464,0.128389,0.128421,0.128421
2019-12-25,0.128399,0.128609,0.128348,0.128401,0.128401
2019-12-26,0.128388,0.128429,0.128371,0.128393,0.128393
2019-12-27,0.128413,0.128455,0.128383,0.128404,0.128404
2019-12-28,0.128413,0.128455,0.128383,0.128404,0.128404
2019-12-29,0.128413,0.128455,0.128383,0.128404,0.128404
2019-12-30,0.128413,0.128444,0.128358,0.128414,0.128414
2019-12-31,0.128396,0.128492,0.128339,0.128401,0.128401
2020-01-01,0.128427,0.128752,0.128325,0.128427,0.128427
2020-01-02,0.128333,0.128405,0.128315,0.128329,0.128329
2020-01-03,0.128393,0.128603,0.128376,0.128398,0.128398
2020-01-04,0.128393,0.128603,0.128376,0.128398,0.128398
2020-01-05,0.128393,0.128603,0.128376,0.128398,0.128398
2020-01-06,0.128511,0.128738,0.128508,0.12851,0.12851
2020-01-07,0.128673,0.128697,0.128586,0.128694,0.128694
2020-01-08,0.128582,0.128643,0.128546,0.128579,0.128579
2020-01-09,0.128607,0.128778,0.128573,0.128598,0.128598
2020-01-10,0.128761,0.12882,0.128739,0.128758,0.128758
2020-01-11,0.128761,0.12882,0.128739,0.128758,0.128758
2020-01-12,0.128761,0.12882,0.128739,0.128758,0.128758
2020-01-13,0.128757,0.128773,0.128621,0.128758,0.128758
2020-01-14,0.128678,0.128679,0.128564,0.128675,0.128675
2020-01-15,0.128584,0.128703,0.128548,0.128591,0.128591
2020-01-16,0.128661,0.128732,0.128626,0.128675,0.128675
2020-01-17,0.128664,0.128745,0.128646,0.128674,0.128674
2020-01-18,0.128664,0.128745,0.128646,0.128674,0.128674
2020-01-19,0.128664,0.128745,0.128646,0.128674,0.128674
2020-01-20,0.128728,0.128768,0.128707,0.128736,0.128736
2020-01-21,0.128713,0.128718,0.128626,0.128713,0.128713
2020-01-22,0.128697,0.128756,0.128639,0.128697,0.128697
2020-01-23,0.128682,0.128689,0.128621,0.128685,0.128685
2020-01-24,0.128662,0.128685,0.128632,0.128662,0.128662
2020-01-25,0.128662,0.128685,0.128632,0.128662,0.128662
2020-01-26,0.128662,0.128685,0.128632,0.128662,0.128662
2020-01-27,0.128627,0.12865,0.128576,0.128627,0.128627
2020-01-28,0.128584,0.128612,0.128548,0.128583,0.128583
2020-01-29,0.128604,0.128674,0.128587,0.12861,0.12861
2020-01-30,0.12865,0.128766,0.128639,0.128651,0.128651
2020-01-31,0.128745,0.128805,0.128694,0.128742,0.128742
2020-02-01,0.128745,0.128805,0.128694,0.128742,0.128742
2020-02-02,0.128745,0.128805,0.128694,0.128742,0.128742
2020-02-03,0.128769,0.12878,0.128716,0.128772,0.128772
2020-02-04,0.128765,0.128782,0.128707,0.128766,0.128766
2020-02-05,0.128744,0.128834,0.128743,0.12876,0.12876
2020-02-06,0.128808,0.128836,0.128792,0.12881,0.12881
2020-02-07,0.12881,0.128868,0.12876,0.128808,0.128808
2020-02-08,0.12881,0.128868,0.12876,0.128808,0.128808
2020-02-09,0.12881,0.128868,0.12876,0.128808,0.128808
2020-02-10,0.12877,0.128792,0.128752,0.12877,0.12877
2020-02-11,0.128768,0.128824,0.128763,0.128763,0.128763
2020-02-12,0.12878,0.128796,0.128685,0.12878,0.12878
2020-02-13,0.128722,0.128778,0.128694,0.128718,0.128718
2020-02-14,0.128757,0.12877,0.128725,0.128756,0.128756
2020-02-15,0.128757,0.12877,0.128725,0.128756,0.128756
2020-02-16,0.128757,0.12877,0.128725,0.128756,0.128756
2020-02-17,0.12875,0.128771,0.128728,0.128746,0.128746
2020-02-18,0.128737,0.12876,0.128697,0.128737,0.128737
2020-02-19,0.128723,0.128725,0.128668,0.128723,0.128723
2020-02-20,0.128655,0.128665,0.128467,0.12865,0.12865
2020-02-21,0.128523,0.128524,0.128317,0.128523,0.128523
2020-02-22,0.128523,0.128524,0.128317,0.128523,0.128523
2020-02-23,0.128523,0.128524,0.128317,0.128523,0.128523
2020-02-24,0.128335,0.128354,0.128249,0.128338,0.128338
2020-02-25,0.128328,0.128418,0.128319,0.128334,0.128334
2020-02-26,0.128375,0.128393,0.12829,0.128375,0.128375
2020-02-27,0.128324,0.128345,0.128238,0.128328,0.128328
2020-02-28,0.128298,0.128343,0.128227,0.128294,0.128294
2020-02-29,0.128298,0.128343,0.128227,0.128294,0.128294
2020-03-01,0.128298,0.128343,0.128227,0.128294,0.128294
2020-03-02,0.128322,0.128596,0.128289,0.128319,0.128319
2020-03-03,0.128513,0.128769,0.128467,0.12852,0.12852
2020-03-04,0.128685,0.128796,0.128655,0.128698,0.128698
2020-03-05,0.128671,0.128708,0.128643,0.128671,0.128671
2020-03-06,0.128687,0.128737,0.128612,0.128688,0.128688
2020-03-07,0.128687,0.128737,0.128612,0.128688,0.128688
2020-03-08,0.128687,0.128737,0.128612,0.128688,0.128688
2020-03-09,0.12871,0.12878,0.128642,0.128712,0.128712
2020-03-10,0.128684,0.128729,0.128649,0.128684,0.128684
2020-03-11,0.128733,0.128765,0.128703,0.12873,0.12873
2020-03-12,0.12873,0.128737,0.128434,0.128725,0.128725
2020-03-13,0.128594,0.128788,0.128518,0.128591,0.128591
2020-03-14,0.128594,0.128788,0.128518,0.128591,0.128591
2020-03-15,0.128594,0.128788,0.128518,0.128591,0.128591
2020-03-16,0.128814,0.128873,0.128699,0.128812,0.128812
2020-03-17,0.128768,0.128816,0.128695,0.128771,0.128771
2020-03-18,0.128822,0.128836,0.128724,0.128831,0.128831
2020-03-19,0.128803,0.128865,0.12874,0.128808,0.128808
2020-03-20,0.128837,0.128946,0.128823,0.128837,0.128837
2020-03-21,0.128837,0.128946,0.128823,0.128837,0.128837
2020-03-22,0.128837,0.128946,0.128823,0.128837,0.128837
2020-03-23,0.128891,0.128971,0.128888,0.128886,0.128886
2020-03-24,0.128934,0.128985,0.128927,0.128932,0.128932
2020-03-25,0.128986,0.129002,0.128934,0.128986,0.128986
2020-03-26,0.128985,0.129001,0.128955,0.128989,0.128989
2020-03-27,0.128997,0.129021,0.128979,0.128996,0.128996
2020-03-28,0.128997,0.129021,0.128979,0.128996,0.128996
2020-03-29,0.128997,0.129021,0.128979,0.128996,0.128996
2020-03-30,0.128995,0.129006,0.128951,0.129016,0.129016
2020-03-31,0.128964,0.129025,0.128949,0.128966,0.128966
2020-04-01,0.128999,0.129019,0.128969,0.129002,0.129002
2020-04-02,0.128999,0.129017,0.128982,0.129001,0.129001
2020-04-03,0.129009,0.129016,0.128958,0.129006,0.129006
2020-04-04,0.129009,0.129016,0.128958,0.129006,0.129006
2020-04-05,0.129009,0.129016,0.128958,0.129006,0.129006
2020-04-06,0.128983,0.129019,0.128962,0.128987,0.128987
2020-04-07,0.129007,0.129014,0.128976,0.129007,0.129007
2020-04-08,0.128996,0.129016,0.128986,0.128996,0.128996
2020-04-09,0.129006,0.129016,0.128944,0.129005,0.129005
2020-04-10,0.128982,0.129004,0.128974,0.128986,0.128986
2020-04-11,0.128982,0.129004,0.128974,0.128986,0.128986
2020-04-12,0.128982,0.129004,0.128974,0.128986,0.128986
2020-04-13,0.128987,0.129009,0.12898,0.129004,0.129004
2020-04-14,0.128997,0.129027,0.128984,0.128992,0.128992
2020-04-15,0.129007,0.129029,0.128999,0.129009,0.129009
2020-04-16,0.129015,0.129031,0.129006,0.129014,0.129014
2020-04-17,0.129019,0.129033,0.129,0.129019,0.129019
2020-04-18,0.129019,0.129033,0.129,0.129019,0.129019
2020-04-19,0.129019,0.129033,0.129,0.129019,0.129019
2020-04-20,0.129021,0.129035,0.129014,0.12902,0.12902
2020-04-21,0.129029,0.129049,0.129025,0.129027,0.129027
2020-04-22,0.129034,0.129039,0.129027,0.129034,0.129034
2020-04-23,0.129032,0.129041,0.129011,0.129028,0.129028
2020-04-24,0.129021,0.129032,0.129009,0.129022,0.129022
2020-04-25,0.129021,0.129032,0.129009,0.129022,0.129022
2020-04-26,0.129021,0.129032,0.129009,0.129022,0.129022
2020-04-27,0.129027,0.129039,0.129017,0.129024,0.129024
2020-04-28,0.129022,0.129037,0.129011,0.129024,0.129024
2020-04-29,0.129023,0.129046,0.129017,0.129027,0.129027
2020-04-30,0.129031,0.129044,0.128994,0.129032,0.129032
2020-05-01,0.129006,0.129016,0.128991,0.129005,0.129005
2020-05-02,0.129006,0.129016,0.128991,0.129005,0.129005
2020-05-03,0.129006,0.129016,0.128991,0.129005,0.129005
2020-05-04,0.128996,0.129016,0.128951,0.128997,0.128997
2020-05-05,0.128978,0.129004,0.128939,0.128981,0.128981
2020-05-06,0.128989,0.129026,0.128982,0.128982,0.128982
2020-05-07,0.128999,0.129032,0.128995,0.128999,0.128999
2020-05-08,0.129019,0.129029,0.129004,0.129019,0.129019
2020-05-09,0.129019,0.129029,0.129004,0.129019,0.129019
2020-05-10,0.129019,0.129029,0.129004,0.129019,0.129019
2020-05-11,0.129014,0.129041,0.129006,0.129014,0.129014
2020-05-12,0.129027,0.129041,0.129014,0.129024,0.129024
2020-05-13,0.129024,0.129036,0.129011,0.129024,0.129024
2020-05-14,0.129021,0.129032,0.129011,0.129019,0.129019
2020-05-15,0.129018,0.129029,0.129,0.129018,0.129018
2020-05-16,0.129018,0.129029,0.129,0.129018,0.129018
2020-05-17,0.129018,0.129029,0.129,0.129018,0.129018
2020-05-18,0.129019,0.129024,0.128997,0.129021,0.129021
2020-05-19,0.129019,0.129032,0.129011,0.129014,0.129014
2020-05-20,0.129022,0.129035,0.129014,0.129026,0.129026
2020-05-21,0.129031,0.129047,0.128951,0.129032,0.129032
2020-05-22,0.128957,0.129003,0.128909,0.128961,0.128961
2020-05-23,0.128957,0.129003,0.128909,0.128961,0.128961
2020-05-24,0.128957,0.129003,0.128909,0.128961,0.128961
2020-05-25,0.128914,0.128982,0.128914,0.12892,0.12892
2020-05-26,0.128961,0.129012,0.128957,0.128959,0.128959
2020-05-27,0.128976,0.129014,0.128976,0.128978,0.128978
2020-05-28,0.128976,0.129001,0.128962,0.128976,0.128976
2020-05-29,0.128984,0.129025,0.128952,0.128987,0.128987
2020-05-30,0.128984,0.129025,0.128952,0.128987,0.128987
2020-05-31,0.128984,0.129025,0.128952,0.128987,0.128987
2020-06-01,0.128983,0.129024,0.128981,0.128983,0.128983
2020-06-02,0.129014,0.129031,0.129012,0.129009,0.129009
2020-06-03,0.129027,0.129044,0.129017,0.129024,0.129024
2020-06-04,0.129032,0.129047,0.129025,0.129032,0.129032
2020-06-05,0.129034,0.129039,0.129022,0.129031,0.129031
2020-06-06,0.129034,0.129039,0.129022,0.129031,0.129031
2020-06-07,0.129034,0.129039,0.129022,0.129031,0.129031
2020-06-08,0.12903,0.129047,0.129021,0.12903,0.12903
2020-06-09,0.129019,0.129044,0.129019,0.129007,0.129007
2020-06-10,0.129029,0.129039,0.129021,0.129016,0.129016
2020-06-11,0.129034,0.129042,0.129019,0.129034,0.129034
2020-06-12,0.129026,0.129039,0.129019,0.129029,0.129029
2020-06-13,0.129026,0.129039,0.129019,0.129029,0.129029
2020-06-14,0.129026,0.129039,0.129019,0.129029,0.129029
2020-06-15,0.129032,0.129047,0.129025,0.129032,0.129032
2020-06-16,0.129021,0.129047,0.129021,0.129032,0.129032
2020-06-17,0.129034,0.129046,0.129026,0.129036,0.129036
2020-06-18,0.129031,0.129037,0.129027,0.129034,0.129034
2020-06-19,0.12903,0.129037,0.129017,0.129032,0.129032
2020-06-20,0.12903,0.129037,0.129017,0.129032,0.129032
2020-06-21,0.12903,0.129037,0.129017,0.129032,0.129032
2020-06-22,0.129031,0.129046,0.129016,0.129032,0.129032
2020-06-23,0.129031,0.129046,0.129022,0.129032,0.129032
2020-06-24,0.129032,0.129047,0.129022,0.129031,0.129031
2020-06-25,0.129031,0.129046,0.129012,0.129022,0.129022
2020-06-26,0.129007,0.129036,0.129007,0.129007,0.129007
2020-06-27,0.129007,0.129036,0.129007,0.129007,0.129007
2020-06-28,0.129007,0.129036,0.129007,0.129007,0.129007
2020-06-29,0.129029,0.129041,0.129014,0.129032,0.129032
2020-06-30,0.129029,0.129036,0.129021,0.129029,0.129029
2020-07-01,0.129026,0.129039,0.129014,0.129022,0.129022
2020-07-02,0.129026,0.129034,0.129012,0.129024,0.129024
2020-07-03,0.129029,0.129037,0.129017,0.129029,0.129029
2020-07-04,0.129029,0.129037,0.129017,0.129029,0.129029
2020-07-05,0.129029,0.129037,0.129017,0.129029,0.129029
2020-07-06,0.129034,0.129037,0.129002,0.12903,0.12903
2020-07-07,0.129029,0.129037,0.129004,0.129021,0.129021
2020-07-08,0.129027,0.129037,0.129021,0.129024,0.129024
2020-07-09,0.129031,0.129037,0.129022,0.12903,0.12903
2020-07-10,0.129034,0.129044,0.129008,0.12903,0.12903
2020-07-11,0.129034,0.129044,0.129008,0.12903,0.12903
2020-07-12,0.129034,0.129044,0.129008,0.12903,0.12903
2020-07-13,0.129006,0.129034,0.129004,0.129008,0.129008
2020-07-14,0.129019,0.129039,0.129009,0.129019,0.129019
2020-07-15,0.129017,0.129031,0.128982,0.129017,0.129017
2020-07-16,0.128997,0.129003,0.128956,0.128996,0.128996
2020-07-17,0.128969,0.128996,0.128952,0.128971,0.128971
2020-07-18,0.128969,0.128996,0.128952,0.128971,0.128971
2020-07-19,0.128969,0.128996,0.128952,0.128971,0.128971
2020-07-20,0.128977,0.129011,0.128952,0.128986,0.128986
2020-07-21,0.129001,0.129031,0.128989,0.129002,0.129002
2020-07-22,0.129019,0.129032,0.128996,0.129019,0.129019
2020-07-23,0.128991,0.129027,0.128991,0.128986,0.128986
2020-07-24,0.129007,0.129022,0.128996,0.129006,0.129006
2020-07-25,0.129007,0.129022,0.128996,0.129006,0.129006
2020-07-26,0.129007,0.129022,0.128996,0.129006,0.129006
2020-07-27,0.129007,0.129027,0.128979,0.129018,0.129018
2020-07-28,0.129014,0.129041,0.129007,0.129012,0.129012
2020-07-29,0.129029,0.129046,0.129004,0.129029,0.129029
2020-07-30,0.129034,0.129044,0.129004,0.12903,0.12903
2020-07-31,0.129032,0.129046,0.129016,0.129034,0.129034
2020-08-01,0.129032,0.129046,0.129016,0.129034,0.129034
2020-08-02,0.129032,0.129046,0.129016,0.129034,0.129034
2020-08-03,0.129032,0.129044,0.129017,0.129032,0.129032
2020-08-04,0.129029,0.129044,0.129016,0.129021,0.129021
2020-08-05,0.129032,0.129042,0.129021,0.129029,0.129029
2020-08-06,0.129022,0.129046,0.128984,0.129014,0.129014
2020-08-07,0.129032,0.129043,0.129014,0.129026,0.129026
2020-08-08,0.129032,0.129043,0.129014,0.129026,0.129026
2020-08-09,0.129032,0.129043,0.129014,0.129026,0.129026
2020-08-10,0.129032,0.129042,0.129016,0.129033,0.129033
2020-08-11,0.129031,0.129044,0.129016,0.129033,0.129033
2020-08-12,0.129029,0.129035,0.129007,0.129034,0.129034
2020-08-13,0.129028,0.129042,0.129006,0.129016,0.129016
2020-08-14,0.129039,0.129042,0.129014,0.129039,0.129039
2020-08-15,0.129039,0.129042,0.129014,0.129039,0.129039
2020-08-16,0.129039,0.129042,0.129014,0.129039,0.129039
2020-08-17,0.129022,0.12904,0.129012,0.129022,0.129022
2020-08-18,0.129029,0.129042,0.129016,0.129029,0.129029
2020-08-19,0.129033,0.129046,0.129019,0.129029,0.129029
2020-08-20,0.129031,0.129043,0.128977,0.129019,0.129019
2020-08-21,0.129032,0.129043,0.129019,0.129022,0.129022
2020-08-22,0.129032,0.129043,0.129019,0.129022,0.129022
2020-08-23,0.129032,0.129043,0.129019,0.129022,0.129022
2020-08-24,0.129032,0.129042,0.128994,0.129032,0.129032
2020-08-25,0.129031,0.129042,0.129019,0.129024,0.129024
2020-08-26,0.129026,0.129044,0.129012,0.129027,0.129027
2020-08-27,0.129028,0.129047,0.129007,0.129021,0.129021
2020-08-28,0.129031,0.129047,0.129014,0.129031,0.129031
2020-08-29,0.129031,0.129047,0.129014,0.129031,0.129031
2020-08-30,0.129031,0.129047,0.129014,0.129031,0.129031
2020-08-31,0.129027,0.129047,0.129021,0.129026,0.129026
2020-09-01,0.129034,0.129047,0.128982,0.129033,0.129033
2020-09-02,0.129036,0.129049,0.129014,0.129027,0.129027
2020-09-03,0.129031,0.129046,0.129022,0.129031,0.129031
2020-09-04,0.129034,0.129046,0.129022,0.129032,0.129032
2020-09-05,0.129034,0.129046,0.129022,0.129032,0.129032
2020-09-06,0.129034,0.129046,0.129022,0.129032,0.129032
2020-09-07,0.129027,0.129032,0.129019,0.129029,0.129029
2020-09-08,0.129031,0.129033,0.129021,0.129031,0.129031
2020-09-09,0.129031,0.129032,0.129019,0.129029,0.129029
2020-09-10,0.129025,0.129042,0.129022,0.129022,0.129022
2020-09-11,0.129027,0.129033,0.129021,0.129029,0.129029
2020-09-12,0.129027,0.129033,0.129021,0.129029,0.129029
2020-09-13,0.129027,0.129033,0.129021,0.129029,0.129029
2020-09-14,0.129027,0.129044,0.128994,0.12903,0.12903
2020-09-15,0.129032,0.129037,0.129014,0.129029,0.129029
2020-09-16,0.129035,0.129037,0.129012,0.129035,0.129035
2020-09-17,0.129027,0.129037,0.129016,0.129021,0.129021
2020-09-18,0.129031,0.129047,0.129009,0.129034,0.129034
2020-09-19,0.129031,0.129047,0.129009,0.129034,0.129034
2020-09-20,0.129031,0.129047,0.129009,0.129034,0.129034
2020-09-21,0.129036,0.129039,0.128994,0.129036,0.129036
2020-09-22,0.129034,0.129046,0.129027,0.129034,0.129034
2020-09-23,0.129032,0.129047,0.129027,0.129034,0.129034
2020-09-24,0.129035,0.129036,0.129026,0.129034,0.129034
2020-09-25,0.129031,0.129047,0.129019,0.129032,0.129032
2020-09-26,0.129031,0.129047,0.129019,0.129032,0.129032
2020-09-27,0.129031,0.129047,0.129019,0.129032,0.129032
2020-09-28,0.129032,0.129049,0.129011,0.129034,0.129034
2020-09-29,0.129032,0.129046,0.128982,0.129031,0.129031
2020-09-30,0.129036,0.129049,0.129027,0.129036,0.129036
2020-10-01,0.129033,0.129036,0.129012,0.129034,0.129034
2020-10-02,0.129034,0.129046,0.129022,0.129032,0.129032
2020-10-03,0.129034,0.129046,0.129022,0.129032,0.129032
2020-10-04,0.129034,0.129046,0.129022,0.129032,0.129032
2020-10-05,0.129032,0.129037,0.129009,0.129032,0.129032
2020-10-06,0.129031,0.129046,0.129022,0.129031,0.129031
2020-10-07,0.129031,0.129047,0.129002,0.129034,0.129034
2020-10-08,0.129035,0.129046,0.129004,0.129035,0.129035
2020-10-09,0.129034,0.129037,0.129012,0.129035,0.129035
2020-10-10,0.129034,0.129037,0.129012,0.129035,0.129035
2020-10-11,0.129034,0.129037,0.129012,0.129035,0.129035
2020-10-12,0.129034,0.129047,0.128994,0.129033,0.129033
2020-10-13,0.129036,0.129037,0.128912,0.129036,0.129036
2020-10-14,0.128979,0.129038,0.128957,0.128979,0.128979
2020-10-15,0.129036,0.129037,0.129004,0.129036,0.129036
2020-10-16,0.129034,0.129039,0.129012,0.129033,0.129033
2020-10-17,0.129034,0.129039,0.129012,0.129033,0.129033
2020-10-18,0.129034,0.129039,0.129012,0.129033,0.129033
2020-10-19,0.129029,0.129037,0.129002,0.129029,0.129029
2020-10-20,0.129036,0.129037,0.129002,0.129033,0.129033
2020-10-21,0.129007,0.129037,0.128997,0.129012,0.129012
2020-10-22,0.129034,0.129037,0.128987,0.129036,0.129036
2020-10-23,0.128976,0.129038,0.128899,0.128974,0.128974
2020-10-24,0.128976,0.129038,0.128899,0.128974,0.128974
2020-10-25,0.128976,0.129038,0.128899,0.128974,0.128974
2020-10-26,0.129036,0.129037,0.128996,0.129036,0.129036
2020-10-27,0.128967,0.129037,0.128936,0.128962,0.128962
2020-10-28,0.129022,0.129037,0.129014,0.129022,0.129022
2020-10-29,0.129031,0.129032,0.128962,0.129031,0.129031
2020-10-30,0.129006,0.129016,0.128944,0.129008,0.129008
2020-10-31,0.129006,0.129016,0.128944,0.129008,0.129008
2020-11-01,0.129006,0.129016,0.128944,0.129008,0.129008
2020-11-02,0.128989,0.129027,0.128941,0.128989,0.128989
2020-11-03,0.129011,0.129035,0.128999,0.129016,0.129016
2020-11-04,0.128984,0.129012,0.128931,0.128981,0.128981
2020-11-05,0.128959,0.128984,0.128933,0.128959,0.128959
2020-11-06,0.128967,0.129,0.128964,0.128965,0.128965
2020-11-07,0.128967,0.129,0.128964,0.128965,0.128965
2020-11-08,0.128967,0.129,0.128964,0.128965,0.128965
2020-11-09,0.128979,0.129004,0.12896,0.128977,0.128977
2020-11-10,0.128995,0.128999,0.128947,0.128994,0.128994
2020-11-11,0.128971,0.128992,0.128946,0.128972,0.128972
2020-11-12,0.128962,0.128978,0.128952,0.128966,0.128966
2020-11-13,0.12897,0.128986,0.128957,0.128969,0.128969
2020-11-14,0.12897,0.128986,0.128957,0.128969,0.128969
2020-11-15,0.12897,0.128986,0.128957,0.128969,0.128969
2020-11-16,0.128979,0.129002,0.128969,0.128977,0.128977
2020-11-17,0.128972,0.129014,0.128971,0.128977,0.128977
2020-11-18,0.128991,0.129012,0.128977,0.128994,0.128994
2020-11-19,0.128998,0.129009,0.128961,0.128994,0.128994
2020-11-20,0.128992,0.129001,0.128969,0.128989,0.128989
2020-11-21,0.128992,0.129001,0.128969,0.128989,0.128989
2020-11-22,0.128992,0.129001,0.128969,0.128989,0.128989
2020-11-23,0.128997,0.129014,0.128976,0.128996,0.128996
2020-11-24,0.129,0.129019,0.128986,0.128996,0.128996
2020-11-25,0.129009,0.129027,0.128997,0.129009,0.129009
2020-11-26,0.129013,0.129034,0.129006,0.129013,0.129013
2020-11-27,0.129021,0.129036,0.129009,0.129021,0.129021
2020-11-28,0.129021,0.129036,0.129009,0.129021,0.129021
2020-11-29,0.129021,0.129036,0.129009,0.129021,0.129021
2020-11-30,0.129024,0.129031,0.128985,0.129024,0.129024
2020-12-01,0.129007,0.129017,0.128984,0.129012,0.129012
2020-12-02,0.129,0.129017,0.128979,0.129001,0.129001
2020-12-03,0.129006,0.129019,0.128996,0.128999,0.128999
2020-12-04,0.129014,0.129037,0.129004,0.129012,0.129012
2020-12-05,0.129014,0.129037,0.129004,0.129012,0.129012
2020-12-06,0.129014,0.129037,0.129004,0.129012,0.129012
2020-12-07,0.129024,0.129028,0.129012,0.129024,0.129024
2020-12-08,0.129017,0.129027,0.129009,0.129019,0.129019
2020-12-09,0.129014,0.129027,0.128992,0.129009,0.129009
2020-12-10,0.129009,0.129026,0.128984,0.129009,0.129009
2020-12-11,0.129009,0.129036,0.129002,0.129009,0.129009
2020-12-12,0.129009,0.129036,0.129002,0.129009,0.129009
2020-12-13,0.129009,0.129036,0.129002,0.129009,0.129009
2020-12-14,0.129012,0.129016,0.128992,0.129012,0.129012
2020-12-15,0.129006,0.129019,0.12899,0.129006,0.129006
2020-12-16,0.129013,0.129013,0.128986,0.129012,0.129012
2020-12-17,0.128994,0.129017,0.128974,0.129009,0.129009
2020-12-18,0.128998,0.129004,0.128972,0.128997,0.128997
2020-12-19,0.128998,0.129004,0.128972,0.128997,0.128997
2020-12-20,0.128998,0.129004,0.128972,0.128997,0.128997
2020-12-21,0.128996,0.129004,0.128966,0.128997,0.128997
2020-12-22,0.128986,0.129002,0.128972,0.128988,0.128988
2020-12-23,0.128987,0.129009,0.12898,0.128989,0.128989
2020-12-24,0.128987,0.129002,0.128976,0.128993,0.128993
2020-12-25,0.128979,0.12899,0.128956,0.128977,0.128977
2020-12-26,0.128979,0.12899,0.128956,0.128977,0.128977
2020-12-27,0.128979,0.12899,0.128956,0.128977,0.128977
2020-12-28,0.128975,0.129004,0.128967,0.128975,0.128975
2020-12-29,0.128969,0.129001,0.128961,0.128956,0.128956
2020-12-30,0.128971,0.129006,0.128969,0.12897,0.12897
2020-12-31,0.128999,0.129015,0.128968,0.128996,0.128996
2021-01-01,0.128979,0.129021,0.128936,0.128979,0.128979
2021-01-02,0.128979,0.129021,0.128936,0.128979,0.128979
2021-01-03,0.128979,0.129021,0.128936,0.128979,0.128979
2021-01-04,0.128984,0.129002,0.128969,0.128982,0.128982
2021-01-05,0.128986,0.128996,0.128974,0.128982,0.128982
2021-01-06,0.128986,0.129004,0.128974,0.128986,0.128986
2021-01-07,0.128982,0.129002,0.128966,0.128984,0.128984
2021-01-08,0.128981,0.128994,0.128913,0.128982,0.128982
2021-01-09,0.128981,0.128994,0.128913,0.128982,0.128982
2021-01-10,0.128981,0.128994,0.128913,0.128982,0.128982
2021-01-11,0.128961,0.128976,0.128932,0.12896,0.12896
2021-01-12,0.128954,0.128976,0.128939,0.128947,0.128947
2021-01-13,0.128964,0.128981,0.128957,0.128964,0.128964
2021-01-14,0.128977,0.128988,0.128961,0.128976,0.128976
2021-01-15,0.128982,0.128986,0.128957,0.128979,0.128979
2021-01-16,0.128982,0.128986,0.128957,0.128979,0.128979
2021-01-17,0.128982,0.128986,0.128957,0.128979,0.128979
2021-01-18,0.128978,0.128991,0.128962,0.128978,0.128978
2021-01-19,0.128982,0.129011,0.128974,0.128981,0.128981
2021-01-20,0.128999,0.129019,0.128986,0.128999,0.128999
2021-01-21,0.129008,0.129021,0.128992,0.129002,0.129002
2021-01-22,0.129006,0.129011,0.128986,0.129006,0.129006
2021-01-23,0.129006,0.129011,0.128986,0.129006,0.129006
2021-01-24,0.129006,0.129011,0.128986,0.129006,0.129006
2021-01-25,0.129004,0.129027,0.128992,0.129004,0.129004
2021-01-26,0.129006,0.129029,0.128985,0.129009,0.129009
2021-01-27,0.129004,0.129021,0.128991,0.129004,0.129004
2021-01-28,0.129002,0.129014,0.128977,0.129005,0.129005
2021-01-29,0.12899,0.129001,0.128969,0.12899,0.12899
2021-01-30,0.12899,0.129001,0.128969,0.12899,0.12899
2021-01-31,0.12899,0.129001,0.128969,0.12899,0.12899
2021-02-01,0.128984,0.129002,0.128956,0.128985,0.128985
2021-02-02,0.128985,0.129014,0.128972,0.128989,0.128989
2021-02-03,0.129009,0.129027,0.128991,0.129011,0.129011
2021-02-04,0.129009,0.129014,0.128981,0.129011,0.129011
2021-02-05,0.128993,0.129011,0.128981,0.128991,0.128991
2021-02-06,0.128993,0.129011,0.128981,0.128991,0.128991
2021-02-07,0.128993,0.129011,0.128981,0.128991,0.128991
2021-02-08,0.128991,0.129004,0.128977,0.128991,0.128991
2021-02-09,0.128996,0.129019,0.128992,0.128996,0.128996
2021-02-10,0.129005,0.129009,0.128986,0.129005,0.129005
2021-02-11,0.128996,0.129,0.128979,0.128996,0.128996
2021-02-12,0.128991,0.128997,0.128956,0.128987,0.128987
2021-02-13,0.128991,0.128997,0.128956,0.128987,0.128987
2021-02-14,0.128991,0.128997,0.128956,0.128987,0.128987
2021-02-15,0.128989,0.129004,0.128974,0.128994,0.128994
2021-02-16,0.128992,0.129006,0.128979,0.128992,0.128992
2021-02-17,0.128998,0.129009,0.128984,0.128998,0.128998
2021-02-18,0.128994,0.129006,0.128977,0.128991,0.128991
2021-02-19,0.128993,0.129006,0.128972,0.128986,0.128986
2021-02-20,0.128993,0.129006,0.128972,0.128986,0.128986
2021-02-21,0.128993,0.129006,0.128972,0.128986,0.128986
2021-02-22,0.128984,0.12899,0.128966,0.128986,0.128986
2021-02-23,0.128975,0.128996,0.128967,0.128971,0.128971
2021-02-24,0.128975,0.128994,0.128942,0.128972,0.128972
2021-02-25,0.128956,0.128986,0.128951,0.128957,0.128957
2021-02-26,0.128969,0.128974,0.128909,0.128967,0.128967
2021-02-27,0.128969,0.128974,0.128909,0.128967,0.128967
2021-02-28,0.128969,0.128974,0.128909,0.128967,0.128967
2021-03-01,0.128926,0.128943,0.128889,0.128924,0.128924
2021-03-02,0.128939,0.128942,0.128886,0.128937,0.128937
2021-03-03,0.128918,0.128939,0.128894,0.128911,0.128911
2021-03-04,0.128927,0.128927,0.128884,0.128932,0.128932
2021-03-05,0.128881,0.128884,0.128784,0.128878,0.128878
2021-03-06,0.128881,0.128884,0.128784,0.128878,0.128878
2021-03-07,0.128881,0.128884,0.128784,0.128878,0.128878
2021-03-08,0.128806,0.128833,0.1287,0.128802,0.128802
2021-03-09,0.128718,0.128843,0.128705,0.128724,0.128724
2021-03-10,0.128849,0.128858,0.128788,0.128839,0.128839
2021-03-11,0.128846,0.128906,0.128832,0.128848,0.128848
2021-03-12,0.128895,0.128911,0.128758,0.128895,0.128895
2021-03-13,0.128895,0.128911,0.128758,0.128895,0.128895
2021-03-14,0.128895,0.128911,0.128758,0.128895,0.128895
2021-03-15,0.128823,0.128847,0.12877,0.128822,0.128822
2021-03-16,0.128798,0.12881,0.128752,0.128795,0.128795
2021-03-17,0.128783,0.12879,0.128749,0.12878,0.12878
2021-03-18,0.12878,0.128813,0.128772,0.128783,0.128783
2021-03-19,0.12879,0.128795,0.128745,0.128787,0.128787
2021-03-20,0.12879,0.128795,0.128745,0.128787,0.128787
2021-03-21,0.12879,0.128795,0.128745,0.128787,0.128787
2021-03-22,0.128777,0.128788,0.128738,0.128779,0.128779
2021-03-23,0.12877,0.128785,0.128735,0.128768,0.128768
2021-03-24,0.128752,0.128752,0.128705,0.128751,0.128751
2021-03-25,0.128728,0.12874,0.128701,0.128725,0.128725
2021-03-26,0.128725,0.12873,0.128702,0.128727,0.128727
2021-03-27,0.128725,0.12873,0.128702,0.128727,0.128727
2021-03-28,0.128725,0.12873,0.128702,0.128727,0.128727
2021-03-29,0.128718,0.128719,0.128616,0.128719,0.128719
2021-03-30,0.128655,0.128655,0.128598,0.128655,0.128655
2021-03-31,0.128616,0.128652,0.128604,0.128614,0.128614
2021-04-01,0.128625,0.128645,0.128576,0.128625,0.128625
2021-04-02,0.128609,0.128622,0.12859,0.128609,0.128609
2021-04-03,0.128609,0.128622,0.12859,0.128609,0.128609
2021-04-04,0.128609,0.128622,0.12859,0.128609,0.128609
2021-04-05,0.128595,0.128612,0.128579,0.128597,0.128597
2021-04-06,0.128607,0.128614,0.128571,0.128609,0.128609
2021-04-07,0.1286,0.128604,0.128429,0.128601,0.128601
2021-04-08,0.128459,0.128602,0.128454,0.128461,0.128461
2021-04-09,0.128587,0.128591,0.12854,0.128587,0.128587
2021-04-10,0.128587,0.128591,0.12854,0.128587,0.128587
2021-04-11,0.128587,0.128591,0.12854,0.128587,0.128587
2021-04-12,0.128574,0.128654,0.128535,0.128573,0.128573
2021-04-13,0.128633,0.128679,0.128569,0.128637,0.128637
2021-04-14,0.128655,0.128777,0.128642,0.128659,0.128659
2021-04-15,0.128775,0.128791,0.128728,0.128768,0.128768
2021-04-16,0.128751,0.128771,0.128652,0.128748,0.128748
2021-04-17,0.128751,0.128771,0.128652,0.128748,0.128748
2021-04-18,0.128751,0.128771,0.128652,0.128748,0.128748
2021-04-19,0.12868,0.128786,0.128645,0.128681,0.128681
2021-04-20,0.128773,0.128854,0.128738,0.128771,0.128771
2021-04-21,0.128843,0.128868,0.128792,0.128844,0.128844
2021-04-22,0.128821,0.128888,0.128808,0.128821,0.128821
2021-04-23,0.128874,0.128886,0.128819,0.128869,0.128869
2021-04-24,0.128874,0.128886,0.128819,0.128869,0.128869
2021-04-25,0.128874,0.128886,0.128819,0.128869,0.128869
2021-04-26,0.128855,0.128885,0.128848,0.128851,0.128851
2021-04-27,0.128858,0.128869,0.128828,0.128851,0.128851
2021-04-28,0.12883,0.128846,0.128805,0.128828,0.128828
2021-04-29,0.128823,0.12884,0.128801,0.128826,0.128826
2021-04-30,0.128808,0.128824,0.128745,0.128811,0.128811
2021-05-01,0.128808,0.128824,0.128745,0.128811,0.128811
2021-05-02,0.128808,0.128824,0.128745,0.128811,0.128811
2021-05-03,0.128755,0.128771,0.128729,0.128753,0.128753
2021-05-04,0.128761,0.128769,0.128736,0.128765,0.128765
2021-05-05,0.128736,0.128752,0.128705,0.12873,0.12873
2021-05-06,0.12871,0.128743,0.128705,0.12871,0.12871
2021-05-07,0.12873,0.128766,0.128715,0.12873,0.12873
2021-05-08,0.12873,0.128766,0.128715,0.12873,0.12873
2021-05-09,0.12873,0.128766,0.128715,0.12873,0.12873
2021-05-10,0.128775,0.128786,0.128752,0.128773,0.128773
2021-05-11,0.128775,0.128778,0.128738,0.128777,0.128777
2021-05-12,0.12873,0.128778,0.128722,0.128726,0.128726
2021-05-13,0.128763,0.128765,0.128722,0.128762,0.128762
2021-05-14,0.128736,0.128773,0.128733,0.128735,0.128735
2021-05-15,0.128736,0.128773,0.128733,0.128735,0.128735
2021-05-16,0.128736,0.128773,0.128733,0.128735,0.128735
2021-05-17,0.128748,0.128768,0.128738,0.128747,0.128747
2021-05-18,0.128766,0.1288,0.128755,0.128762,0.128762
2021-05-19,0.128782,0.1288,0.128747,0.128778,0.128778
2021-05-20,0.128783,0.128838,0.128773,0.128785,0.128785
2021-05-21,0.128824,0.128844,0.128781,0.128828,0.128828
2021-05-22,0.128824,0.128844,0.128781,0.128828,0.128828
2021-05-23,0.128824,0.128844,0.128781,0.128828,0.128828
2021-05-24,0.1288,0.128818,0.128758,0.128798,0.128798
2021-05-25,0.128795,0.128843,0.12879,0.128794,0.128794
2021-05-26,0.128824,0.128848,0.128818,0.128824,0.128824
2021-05-27,0.128819,0.128889,0.128814,0.128819,0.128819
2021-05-28,0.128861,0.128903,0.128826,0.128861,0.128861
2021-05-29,0.128861,0.128903,0.128826,0.128861,0.128861
2021-05-30,0.128861,0.128903,0.128826,0.128861,0.128861
2021-05-31,0.128836,0.128871,0.128828,0.128835,0.128835
2021-06-01,0.128856,0.128893,0.128842,0.128849,0.128849
2021-06-02,0.128879,0.128901,0.128864,0.128879,0.128879
2021-06-03,0.128889,0.128917,0.12888,0.128892,0.128892
2021-06-04,0.128904,0.128928,0.128888,0.128899,0.128899
2021-06-05,0.128904,0.128928,0.128888,0.128899,0.128899
2021-06-06,0.128904,0.128928,0.128888,0.128899,0.128899
2021-06-07,0.128916,0.128934,0.128876,0.128914,0.128914
2021-06-08,0.128877,0.128899,0.128866,0.128879,0.128879
2021-06-09,0.128873,0.128898,0.128859,0.128866,0.128866
2021-06-10,0.128867,0.128881,0.128855,0.128866,0.128866
2021-06-11,0.12886,0.128893,0.128851,0.128858,0.128858
2021-06-12,0.12886,0.128893,0.128851,0.128858,0.128858
2021-06-13,0.12886,0.128893,0.128851,0.128858,0.128858
2021-06-14,0.128839,0.128857,0.128824,0.128841,0.128841
2021-06-15,0.128833,0.128851,0.12881,0.128833,0.128833
2021-06-16,0.128816,0.128863,0.128813,0.128815,0.128815
2021-06-17,0.128815,0.128824,0.128776,0.128817,0.128817
2021-06-18,0.128795,0.128836,0.128786,0.128796,0.128796
2021-06-19,0.128795,0.128836,0.128786,0.128796,0.128796
2021-06-20,0.128795,0.128836,0.128786,0.128796,0.128796
2021-06-21,0.128796,0.128827,0.128785,0.128793,0.128793
2021-06-22,0.128788,0.12881,0.128756,0.128789,0.128789
2021-06-23,0.128763,0.128795,0.12876,0.128765,0.128765
2021-06-24,0.12878,0.128822,0.12877,0.128787,0.128787
2021-06-25,0.128815,0.128853,0.128815,0.128816,0.128816
2021-06-26,0.128815,0.128853,0.128815,0.128816,0.128816
2021-06-27,0.128815,0.128853,0.128815,0.128816,0.128816
2021-06-28,0.128856,0.128856,0.128815,0.128841,0.128841
2021-06-29,0.128821,0.128841,0.128791,0.12882,0.12882
2021-06-30,0.128811,0.128823,0.128756,0.128811,0.128811
2021-07-01,0.128793,0.1288,0.12877,0.128794,0.128794
2021-07-02,0.128771,0.128787,0.128722,0.12877,0.12877
2021-07-03,0.128771,0.128787,0.128722,0.12877,0.12877
2021-07-04,0.128771,0.128787,0.128722,0.12877,0.12877
2021-07-05,0.128775,0.128777,0.12872,0.128777,0.128777
2021-07-06,0.128744,0.128771,0.128722,0.128743,0.128743
2021-07-07,0.128751,0.128754,0.128722,0.128752,0.128752
2021-07-08,0.128738,0.128743,0.128703,0.128737,0.128737
2021-07-09,0.128738,0.128768,0.128722,0.128738,0.128738
2021-07-10,0.128738,0.128768,0.128722,0.128738,0.128738
2021-07-11,0.128738,0.128768,0.128722,0.128738,0.128738
2021-07-12,0.128747,0.128768,0.128737,0.128747,0.128747
2021-07-13,0.128767,0.128787,0.128753,0.128761,0.128761
2021-07-14,0.128766,0.128769,0.128735,0.128766,0.128766
2021-07-15,0.128765,0.128767,0.128723,0.128766,0.128766
2021-07-16,0.128737,0.128753,0.128718,0.128735,0.128735
2021-07-17,0.128737,0.128753,0.128718,0.128735,0.128735
2021-07-18,0.128737,0.128753,0.128718,0.128735,0.128735
2021-07-19,0.128732,0.128735,0.128678,0.128733,0.128733
2021-07-20,0.128685,0.128702,0.128644,0.128689,0.128689
2021-07-21,0.128659,0.128676,0.128619,0.128662,0.128662
2021-07-22,0.128656,0.128704,0.128644,0.128656,0.128656
2021-07-23,0.128685,0.128742,0.128678,0.128685,0.128685
2021-07-24,0.128685,0.128742,0.128678,0.128685,0.128685
2021-07-25,0.128685,0.128742,0.128678,0.128685,0.128685
2021-07-26,0.128716,0.128719,0.128557,0.128717,0.128717
2021-07-27,0.128555,0.128613,0.128455,0.128555,0.128555
2021-07-28,0.128502,0.12857,0.128468,0.128493,0.128493
2021-07-29,0.128527,0.128694,0.128523,0.128526,0.128526
2021-07-30,0.128698,0.1287,0.128599,0.128699,0.128699
2021-07-31,0.128698,0.1287,0.128599,0.128699,0.128699
2021-08-01,0.128698,0.1287,0.128599,0.128699,0.128699
2021-08-02,0.128669,0.128674,0.128589,0.128665,0.128665
2021-08-03,0.128641,0.128642,0.128555,0.128638,0.128638
2021-08-04,0.128578,0.128644,0.128561,0.128583,0.128583
2021-08-05,0.128608,0.128623,0.128576,0.128608,0.128608
2021-08-06,0.128594,0.128616,0.128522,0.128595,0.128595
2021-08-07,0.128594,0.128616,0.128522,0.128595,0.128595
2021-08-08,0.128594,0.128616,0.128522,0.128595,0.128595
2021-08-09,0.128533,0.128536,0.128477,0.128531,0.128531
2021-08-10,0.128487,0.128528,0.128474,0.128484,0.128484
2021-08-11,0.128522,0.128569,0.12849,0.12852,0.12852
2021-08-12,0.128561,0.128567,0.12851,0.128562,0.128562
2021-08-13,0.128508,0.128525,0.12847,0.128507,0.128507
2021-08-14,0.128508,0.128525,0.12847,0.128507,0.128507
2021-08-15,0.128508,0.128525,0.12847,0.128507,0.128507
2021-08-16,0.128498,0.128503,0.128437,0.128498,0.128498
2021-08-17,0.128463,0.128468,0.128302,0.128468,0.128468
2021-08-18,0.12834,0.128442,0.128297,0.12834,0.12834
2021-08-19,0.128406,0.128408,0.128325,0.128404,0.128404
2021-08-20,0.128381,0.128402,0.128333,0.128376,0.128376
2021-08-21,0.128381,0.128402,0.128333,0.128376,0.128376
2021-08-22,0.128381,0.128402,0.128333,0.128376,0.128376
2021-08-23,0.128357,0.12841,0.128322,0.128358,0.128358
2021-08-24,0.128343,0.128406,0.128329,0.128343,0.128343
2021-08-25,0.128403,0.128495,0.128386,0.128406,0.128406
2021-08-26,0.128473,0.128493,0.128391,0.128477,0.128477
2021-08-27,0.128416,0.128425,0.128348,0.128416,0.128416
2021-08-28,0.128416,0.128425,0.128348,0.128416,0.128416
2021-08-29,0.128416,0.128425,0.128348,0.128416,0.128416
2021-08-30,0.128408,0.128446,0.128375,0.128413,0.128413
2021-08-31,0.128418,0.128589,0.128418,0.128418,0.128418
2021-09-01,0.128569,0.128617,0.128545,0.128569,0.128569
2021-09-02,0.128588,0.12869,0.128564,0.128589,0.128589
2021-09-03,0.128684,0.128704,0.128644,0.12868,0.12868
2021-09-04,0.128684,0.128704,0.128644,0.12868,0.12868
2021-09-05,0.128684,0.128704,0.128644,0.12868,0.12868
2021-09-06,0.128684,0.128684,0.128622,0.128685,0.128685
2021-09-07,0.128638,0.128667,0.128612,0.128639,0.128639
2021-09-08,0.128623,0.12864,0.128575,0.128626,0.128626
2021-09-09,0.128611,0.128611,0.128557,0.128609,0.128609
2021-09-10,0.128578,0.128632,0.128555,0.12858,0.12858
2021-09-11,0.128578,0.128632,0.128555,0.12858,0.12858
2021-09-12,0.128578,0.128632,0.128555,0.12858,0.12858
2021-09-13,0.128568,0.128585,0.128523,0.128569,0.128569
2021-09-14,0.128546,0.128574,0.128535,0.128546,0.128546
2021-09-15,0.12855,0.128576,0.128491,0.128541,0.128541
2021-09-16,0.128499,0.128529,0.128447,0.128515,0.128515
2021-09-17,0.128489,0.128538,0.128469,0.128488,0.128488
2021-09-18,0.128489,0.128538,0.128469,0.128488,0.128488
2021-09-19,0.128489,0.128538,0.128469,0.128488,0.128488
2021-09-20,0.128502,0.128504,0.128403,0.128503,0.128503
2021-09-21,0.128422,0.128479,0.128401,0.128421,0.128421
2021-09-22,0.128429,0.128475,0.128409,0.12843,0.12843
2021-09-23,0.128441,0.128486,0.128431,0.128442,0.128442
2021-09-24,0.128454,0.128489,0.128429,0.128453,0.128453
2021-09-25,0.128454,0.128489,0.128429,0.128453,0.128453
2021-09-26,0.128454,0.128489,0.128429,0.128453,0.128453
2021-09-27,0.128448,0.128497,0.128439,0.128447,0.128447
2021-09-28,0.128493,0.128529,0.128474,0.12849,0.12849
2021-09-29,0.128486,0.128511,0.128458,0.128485,0.128485
2021-09-30,0.128454,0.128469,0.128383,0.128454,0.128454
2021-10-01,0.128434,0.128465,0.128419,0.128433,0.128433
2021-10-02,0.128434,0.128465,0.128419,0.128433,0.128433
2021-10-03,0.128434,0.128465,0.128419,0.128433,0.128433
2021-10-04,0.12845,0.128457,0.128401,0.128447,0.128447
2021-10-05,0.128415,0.128488,0.128408,0.128413,0.128413
2021-10-06,0.128447,0.12847,0.128406,0.128451,0.128451
2021-10-07,0.128432,0.12847,0.128423,0.128431,0.128431
2021-10-08,0.128458,0.12848,0.128432,0.128454,0.128454
2021-10-09,0.128458,0.12848,0.128432,0.128454,0.128454
2021-10-10,0.128458,0.12848,0.128432,0.128454,0.128454
2021-10-11,0.128464,0.128572,0.128457,0.128464,0.128464
2021-10-12,0.128556,0.128563,0.128494,0.128558,0.128558
2021-10-13,0.128513,0.128556,0.128496,0.128519,0.128519
2021-10-14,0.128557,0.12857,0.128541,0.128553,0.128553
2021-10-15,0.128545,0.128577,0.128508,0.128545,0.128545
2021-10-16,0.128545,0.128577,0.128508,0.128545,0.128545
2021-10-17,0.128545,0.128577,0.128508,0.128545,0.128545
2021-10-18,0.128566,0.128589,0.128529,0.128566,0.128566
2021-10-19,0.128575,0.128626,0.128553,0.128582,0.128582
2021-10-20,0.128616,0.12863,0.128584,0.128619,0.128619
2021-10-21,0.128641,0.12865,0.128588,0.128639,0.128639
2021-10-22,0.128612,0.128663,0.128604,0.128616,0.128616
2021-10-23,0.128612,0.128663,0.128604,0.128616,0.128616
2021-10-24,0.128612,0.128663,0.128604,0.128616,0.128616
2021-10-25,0.128657,0.128665,0.128632,0.128658,0.128658
2021-10-26,0.128627,0.128642,0.128594,0.12863,0.12863
2021-10-27,0.1286,0.128604,0.128553,0.128601,0.128601
2021-10-28,0.128561,0.128602,0.128561,0.128563,0.128563
2021-10-29,0.128571,0.128621,0.128546,0.128568,0.128568
2021-10-30,0.128571,0.128621,0.128546,0.128568,0.128568
2021-10-31,0.128571,0.128621,0.128546,0.128568,0.128568
2021-11-01,0.128544,0.128566,0.128486,0.128531,0.128531
2021-11-02,0.128492,0.12854,0.12848,0.128497,0.128497
2021-11-03,0.128513,0.128523,0.12844,0.128514,0.128514
2021-11-04,0.128482,0.128507,0.128457,0.128482,0.128482
2021-11-05,0.128486,0.128512,0.12844,0.128485,0.128485
2021-11-06,0.128486,0.128512,0.12844,0.128485,0.128485
2021-11-07,0.128486,0.128512,0.12844,0.128485,0.128485
2021-11-08,0.128473,0.12849,0.128389,0.128473,0.128473
2021-11-09,0.128393,0.128406,0.128353,0.128396,0.128396
2021-11-10,0.128369,0.128402,0.128365,0.12837,0.12837
2021-11-11,0.128353,0.12839,0.128317,0.128355,0.128355
2021-11-12,0.128343,0.128366,0.128311,0.128342,0.128342
2021-11-13,0.128343,0.128366,0.128311,0.128342,0.128342
2021-11-14,0.128343,0.128366,0.128311,0.128342,0.128342
2021-11-15,0.128339,0.128398,0.128323,0.128341,0.128341
2021-11-16,0.128385,0.12844,0.128373,0.128388,0.128388
2021-11-17,0.128413,0.128424,0.128375,0.128414,0.128414
2021-11-18,0.128386,0.128413,0.128374,0.128388,0.128388
2021-11-19,0.128388,0.128388,0.128324,0.128388,0.128388
2021-11-20,0.128388,0.128388,0.128324,0.128388,0.128388
2021-11-21,0.128388,0.128388,0.128324,0.128388,0.128388
2021-11-22,0.128352,0.128399,0.128333,0.128354,0.128354
2021-11-23,0.128363,0.12837,0.128307,0.128363,0.128363
2021-11-24,0.12831,0.128347,0.128231,0.128309,0.128309
2021-11-25,0.128233,0.128281,0.128218,0.128232,0.128232
2021-11-26,0.128267,0.128288,0.128217,0.128266,0.128266
2021-11-27,0.128267,0.128288,0.128217,0.128266,0.128266
2021-11-28,0.128267,0.128288,0.128217,0.128266,0.128266
2021-11-29,0.128244,0.128248,0.128207,0.128239,0.128239
2021-11-30,0.128213,0.128287,0.128175,0.128213,0.128213
2021-12-01,0.128251,0.128359,0.128241,0.128248,0.128248
2021-12-02,0.128314,0.128401,0.128302,0.128312,0.128312
2021-12-03,0.128343,0.128382,0.128297,0.128342,0.128342
2021-12-04,0.128343,0.128382,0.128297,0.128342,0.128342
2021-12-05,0.128343,0.128382,0.128297,0.128342,0.128342
2021-12-06,0.12828,0.128281,0.128179,0.128281,0.128281
2021-12-07,0.128177,0.128279,0.128176,0.12818,0.12818
2021-12-08,0.128225,0.128284,0.128217,0.12823,0.12823
2021-12-09,0.12824,0.128281,0.128228,0.128241,0.128241
2021-12-10,0.128256,0.12826,0.1282,0.128259,0.128259
2021-12-11,0.128256,0.12826,0.1282,0.128259,0.128259
2021-12-12,0.128256,0.12826,0.1282,0.128259,0.128259
2021-12-13,0.128226,0.128249,0.128139,0.128227,0.128227
2021-12-14,0.128179,0.128193,0.128138,0.12818,0.12818
2021-12-15,0.128189,0.128202,0.128153,0.12819,0.12819
2021-12-16,0.128161,0.128205,0.128133,0.128159,0.128159
2021-12-17,0.128151,0.128208,0.128141,0.128152,0.128152
2021-12-18,0.128151,0.128208,0.128141,0.128152,0.128152
2021-12-19,0.128151,0.128208,0.128141,0.128152,0.128152
2021-12-20,0.128167,0.128236,0.128144,0.128169,0.128169
2021-12-21,0.128195,0.12824,0.12818,0.12819,0.12819
2021-12-22,0.128191,0.128231,0.128182,0.128187,0.128187
2021-12-23,0.128215,0.128251,0.128197,0.12821,0.12821
2021-12-24,0.128231,0.128239,0.128213,0.12823,0.12823
2021-12-25,0.128231,0.128239,0.128213,0.12823,0.12823
2021-12-26,0.128231,0.128239,0.128213,0.12823,0.12823
2021-12-27,0.128216,0.128235,0.128177,0.128216,0.128216
2021-12-28,0.12823,0.128241,0.128201,0.12823,0.12823
2021-12-29,0.128238,0.128281,0.128222,0.128238,0.128238
2021-12-30,0.128261,0.128264,0.1282,0.128262,0.128262
2021-12-31,0.128245,0.128291,0.128215,0.128245,0.128245
