Date,Return
2018-01-01,-0.0012170805152605
2018-01-02,0.0020523371854271
2018-01-03,0.0040783269631321
2018-01-04,-0.0034319530666829
2018-01-05,0.0045204507787744
2018-01-06,0.0
2018-01-07,0.0
2018-01-08,0.0078046324194372
2018-01-09,-0.0017253819562766
2018-01-10,-0.0047087545985367
2018-01-11,-0.0045919325076159
2018-01-12,0.0009268351999121
2018-01-13,0.0
2018-01-14,0.0
2018-01-15,0.004691114984626
2018-01-16,0.002885401618525
2018-01-17,-5.591183822816999e-05
2018-01-18,-0.0009895353720979
2018-01-19,0.0021084197339794
2018-01-20,0.0
2018-01-21,0.0
2018-01-22,-0.0060077063169183
2018-01-23,0.0027344582882769
2018-01-24,0.0030324397059366
2018-01-25,0.0049904875856175
2018-01-26,-0.001900383183119
2018-01-27,0.0
2018-01-28,0.0
2018-01-29,0.005103191860168
2018-01-30,-0.0017203732867871
2018-01-31,-0.0001541893559357
2018-02-01,0.0027680868673226
2018-02-02,0.0033712098944684
2018-02-03,0.0
2018-02-04,0.0
2018-02-05,-0.0138829647336116
2018-02-06,-0.0083229522604174
2018-02-07,0.0025240492819089
2018-02-08,-0.0048421145919075
2018-02-09,-0.0020363442155814
2018-02-10,0.0
2018-02-11,0.0
2018-02-12,0.0002857659017641
2018-02-13,0.0007951826445129
2018-02-14,-0.0009537915191378
2018-02-15,0.008440455493882
2018-02-16,9.611597835687912e-05
2018-02-17,0.0
2018-02-18,0.0
2018-02-19,-0.0059754737169036
2018-02-20,-0.0008114987041785
2018-02-21,-0.0063463220649157
2018-02-22,-0.0040006516234218
2018-02-23,-0.0011256498131158
2018-02-24,0.0
2018-02-25,0.0
2018-02-26,0.0050086773667231
2018-02-27,-0.0028030364083715
2018-02-28,-0.0068435490677395
2018-03-01,-0.0048353152184601
2018-03-02,7.057901098644463e-05
2018-03-03,0.0
2018-03-04,0.0
2018-03-05,-0.0043544139491979
2018-03-06,-0.0070981174054856
2018-03-07,0.002390633593085
2018-03-08,0.0033029846710083
2018-03-09,0.0007831000452444
2018-03-10,0.0
2018-03-11,0.0
2018-03-12,0.0065272923263245
2018-03-13,-0.002330690930273
2018-03-14,-0.0089070182461815
2018-03-15,0.0003860438712958
2018-03-16,-0.0076684122283222
2018-03-17,0.0
2018-03-18,0.0
2018-03-19,-0.003083644435142
2018-03-20,0.0008715475623595
2018-03-21,0.0004734055997351
2018-03-22,0.0136463585725052
2018-03-23,-0.0026254445435299
2018-03-24,0.0
2018-03-25,0.0
2018-03-26,0.0039053172723208
2018-03-27,0.0034691896993341
2018-03-28,-0.003297890990675
2018-03-29,-0.0031317985441505
2018-03-30,0.0024722019047916
2018-03-31,0.0
2018-04-01,0.0
2018-04-02,-0.0004575930556639
2018-04-03,-0.0021774001781357
2018-04-04,0.0089246453261767
2018-04-05,0.0040449691520938
2018-04-06,-0.0011523951118711
2018-04-07,0.0
2018-04-08,0.0
2018-04-09,-0.0007434441220096
2018-04-10,0.0060210523147846
2018-04-11,0.0085864143633711
2018-04-12,0.0020983752845219
2018-04-13,-0.0017332334795352
2018-04-14,0.0
2018-04-15,0.0
2018-04-16,-0.001032814624769
2018-04-17,0.0028452170565447
2018-04-18,0.0006130329998705
2018-04-19,-0.0053755615647425
2018-04-20,-0.0030766317410811
2018-04-21,0.0
2018-04-22,0.0
2018-04-23,-0.0080057800344462
2018-04-24,-0.0060364031061849
2018-04-25,0.0017683379797142
2018-04-26,-0.0011455981999666
2018-04-27,-0.0026683100221443
2018-04-28,0.0
2018-04-29,0.0
2018-04-30,0.0023717544931581
2018-05-01,0.0006546157703507
2018-05-02,-0.0010745655751842
2018-05-03,-0.0028608605432605
2018-05-04,0.0024407343064934
2018-05-05,0.0
2018-05-06,0.0
2018-05-07,-0.0004048757376007
2018-05-08,-0.0018027215547596
2018-05-09,-0.0050341710056375
2018-05-10,0.0073111591109393
2018-05-11,0.0062383074304717
2018-05-12,0.0
2018-05-13,0.0
2018-05-14,-0.0008776698749096
2018-05-15,-0.0014849768758686
2018-05-16,-0.005617025994831
2018-05-17,0.0070240356922861
2018-05-18,-0.0041769223660148
2018-05-19,0.0
2018-05-20,0.0
2018-05-21,-0.003235926331428
2018-05-22,0.0078907813793725
2018-05-23,-0.0031337217799131
2018-05-24,-0.0014043370022987
2018-05-25,-0.0038099643810539
2018-05-26,0.0
2018-05-27,0.0
2018-05-28,-0.0072004008892028
2018-05-29,-0.0012023086810935
2018-05-30,-0.0029430498570768
2018-05-31,0.010562166381361
2018-06-01,-0.0039479123880274
2018-06-02,0.0
2018-06-03,0.0
2018-06-04,-0.0007652888173233
2018-06-05,0.0023186675985093
2018-06-06,-0.001159955671563
2018-06-07,-0.0005254616029189
2018-06-08,-0.0027924215745828
2018-06-09,0.0
2018-06-10,0.0
2018-06-11,0.0010094903320803
2018-06-12,-0.0014094160654897
2018-06-13,-0.002207661400575
2018-06-14,0.0032785316920268
2018-06-15,-0.0109468911557531
2018-06-16,0.0
2018-06-17,0.0
2018-06-18,-0.0061493316256111
2018-06-19,-0.0010748131665426
2018-06-20,-0.0051045995184359
2018-06-21,-0.0020909400029379
2018-06-22,-0.0008120319614687
2018-06-23,0.0
2018-06-24,0.0
2018-06-25,0.0029029719644067
2018-06-26,-0.0014151932970955
2018-06-27,-0.0003005710873244
2018-06-28,-0.0020878696807638
2018-06-29,0.0055827378318975
2018-06-30,0.0
2018-07-01,0.0
2018-07-02,0.008135991625483
2018-07-03,-0.0030074735418178
2018-07-04,0.0034478275935856
2018-07-05,0.0002207612856746
2018-07-06,0.0002364758799054
2018-07-07,0.0
2018-07-08,0.0
2018-07-09,0.0030573222097655
2018-07-10,-0.0010993497386249
2018-07-11,-0.0024914361609595
2018-07-12,-0.0048576050617655
2018-07-13,0.0031699341923342
2018-07-14,0.0
2018-07-15,0.0
2018-07-16,0.0006988281423873
2018-07-17,0.0014986613451514
2018-07-18,-0.0050940760612143
2018-07-19,0.0026925050746665
2018-07-20,-0.0069702991893607
2018-07-21,0.0
2018-07-22,0.0
2018-07-23,0.0107515437757925
2018-07-24,-0.0038655226461371
2018-07-25,0.0014212417463287
2018-07-26,0.0086456605741496
2018-07-27,-0.0024448342074863
2018-07-28,0.0
2018-07-29,0.0
2018-07-30,0.000612748719694
2018-07-31,0.0025293269811845
2018-08-01,0.0007683572640059
2018-08-02,0.0014998503611989
2018-08-03,-0.0019985641976926
2018-08-04,0.0
2018-08-05,0.0
2018-08-06,0.0008215081971633
2018-08-07,0.0009846598093802
2018-08-08,-0.004436665672491
2018-08-09,0.0030524023373773
2018-08-10,-0.0020565117716948
2018-08-11,0.0
2018-08-12,0.0
2018-08-13,-0.0079555831368645
2018-08-14,0.00135484726788
2018-08-15,0.0058189867340887
2018-08-16,-0.0066716299466992
2018-08-17,-0.0012244000359159
2018-08-18,0.0
2018-08-19,0.0
2018-08-20,0.0076061446289359
2018-08-21,0.0014016388677147
2018-08-22,0.0005528067468466
2018-08-23,0.0020416913019611
2018-08-24,-0.007177332886908
2018-08-25,0.0
2018-08-26,0.0
2018-08-27,0.0070927792164154
2018-08-28,0.0035049275581849
2018-08-29,0.0026099906454991
2018-08-30,0.0019581939727791
2018-08-31,-0.0063106719629426
2018-09-01,0.0
2018-09-02,0.0
2018-09-03,-0.0056896953323263
2018-09-04,-0.0026533903815344
2018-09-05,-0.0060602186364082
2018-09-06,-7.904607200441936e-06
2018-09-07,0.0014889153614831
2018-09-08,0.0
2018-09-09,0.0
2018-09-10,-0.001079275516107
2018-09-11,0.0005095105451856
2018-09-12,0.0076103628578274
2018-09-13,0.0047967847634969
2018-09-14,-0.0004160864271526
2018-09-15,0.0
2018-09-16,0.0
2018-09-17,-0.0028639861516696
2018-09-18,-0.0015924775784753
2018-09-19,0.0070593566952379
2018-09-20,0.0041332776868205
2018-09-21,0.0007192790990212
2018-09-22,0.0
2018-09-23,0.0
2018-09-24,-0.0003253548268364
2018-09-25,-0.0027607341815772
2018-09-26,-0.0006554192132557
2018-09-27,-0.0061176260774648
2018-09-28,2.346579339251012e-05
2018-09-29,0.0
2018-09-30,0.0
2018-10-01,0.0151335833014976
2018-10-02,0.0022215219629266
2018-10-03,-0.0005305617799598
2018-10-04,-0.0045997295569219
2018-10-05,-0.0032557016384877
2018-10-06,0.0
2018-10-07,0.0
2018-10-08,-0.0021651497095134
2018-10-09,-0.0004636458968156
2018-10-10,0.0012363429390218
2018-10-11,-0.0086879780962244
2018-10-12,0.001510152736759
2018-10-13,0.0
2018-10-14,0.0
2018-10-15,0.0006070696440582
2018-10-16,0.0023050686571984
2018-10-17,0.0044506833426396
2018-10-18,-0.0068872959021537
2018-10-19,-0.0041296268938595
2018-10-20,0.0
2018-10-21,0.0
2018-10-22,-0.0018707242433421
2018-10-23,0.0004886372293374
2018-10-24,0.0012447490807246
2018-10-25,0.0025409654311203
2018-10-26,-0.0017760370323057
2018-10-27,0.0
2018-10-28,0.0
2018-10-29,-0.0018957401253164
2018-10-30,-0.002539821270171
2018-10-31,0.0011284402218811
2018-11-01,-0.0033115157543833
2018-11-02,0.005127465951873
2018-11-03,0.0
2018-11-04,0.0
2018-11-05,-0.0008014415900465
2018-11-06,-0.0006486949991622
2018-11-07,-0.0005415566147517
2018-11-08,4.5906004185476974e-05
2018-11-09,-0.0020639164744687
2018-11-10,0.0
2018-11-11,0.0
2018-11-12,-0.0038055003077411
2018-11-13,-0.0037140958767149
2018-11-14,0.0013153891822121
2018-11-15,-0.0016928573816875
2018-11-16,0.0056774127879953
2018-11-17,0.0
2018-11-18,0.0
2018-11-19,0.0019383561628971
2018-11-20,-0.0019080610157164
2018-11-21,-0.0100768257627137
2018-11-22,0.006031558185211
2018-11-23,0.0026045740028861
2018-11-24,0.0
2018-11-25,0.0
2018-11-26,-0.0026812819111124
2018-11-27,-0.0020759915413165
2018-11-28,-0.0031566579470978
2018-11-29,0.0014600976833675
2018-11-30,7.567032963335194e-05
2018-12-01,0.0
2018-12-02,0.0
2018-12-03,0.0014618353541825
2018-12-04,0.0043780069477676
2018-12-05,-0.0043329389149134
2018-12-06,-0.007889936367437
2018-12-07,-0.0025188576399136
2018-12-08,0.0
2018-12-09,0.0
2018-12-10,0.0049620865044609
2018-12-11,-0.0052755480738264
2018-12-12,0.0014566293928128
2018-12-13,0.0024239002435233
2018-12-14,-7.47404105731604e-05
2018-12-15,0.0
2018-12-16,0.0
2018-12-17,-0.0030598048836247
2018-12-18,-0.0018210730868811
2018-12-19,-0.0033264130969776
2018-12-20,-0.0013290881679425
2018-12-21,-0.0017424732147394
2018-12-22,0.0
2018-12-23,0.0
2018-12-24,-0.0071608274712571
2018-12-25,-0.0009262754801441
2018-12-26,0.0016180419244419
2018-12-27,0.0009573543532744
2018-12-28,-0.0033840381710384
2018-12-29,0.0
2018-12-30,0.0
2018-12-31,-0.0002192900323763
2019-01-01,0.01685602007351
2019-01-02,-0.0171066961509247
2019-01-03,-0.0004252031022118
2019-01-04,0.0112436351288101
2019-01-05,0.0
2019-01-06,0.0
2019-01-07,0.0081563630077219
2019-01-08,0.0054983579492734
2019-01-09,0.0036921224109683
2019-01-10,0.0026828890735095
2019-01-11,-0.0020790083268989
2019-01-12,0.0
2019-01-13,0.0
2019-01-14,-0.0021430411410147
2019-01-15,-0.0006556245921527
2019-01-16,0.0012445238583254
2019-01-17,6.762163444055545e-05
2019-01-18,-0.0016201985599981
2019-01-19,0.0
2019-01-20,0.0
2019-01-21,0.0003916890278233
2019-01-22,-0.0015051890671346
2019-01-23,-0.0045786246861978
2019-01-24,0.001115938952749
2019-01-25,-0.0007033235998742
2019-01-26,0.0
2019-01-27,0.0
2019-01-28,0.0097462722004299
2019-01-29,-0.0029672256781042
2019-01-30,-0.0008370749034012
2019-01-31,0.009874115948124
2019-02-01,0.0011504896759648
2019-02-02,0.0
2019-02-03,0.0
2019-02-04,0.0020507851700294
2019-02-05,-0.0013356798189751
2019-02-06,-0.0005707309643947
2019-02-07,-0.0067593405333311
2019-02-08,-0.0073815362608694
2019-02-09,0.0
2019-02-10,0.0
2019-02-11,0.0027754607691977
2019-02-12,-0.0019558453039007
2019-02-13,0.005382625486076
2019-02-14,-0.0023031033193402
2019-02-15,-0.0028547775136155
2019-02-16,0.0
2019-02-17,0.0
2019-02-18,0.0043717932191448
2019-02-19,0.000377240365486
2019-02-20,0.0018986000226883
2019-02-21,0.0029491582119887
2019-02-22,-0.0041968569383376
2019-02-23,0.0
2019-02-24,0.0
2019-02-25,0.007163605516706
2019-02-26,-0.0041197887455957
2019-02-27,0.0017613094886578
2019-02-28,0.0012929882518944
2019-03-01,-0.001468058165129
2019-03-02,0.0
2019-03-03,0.0
2019-03-04,-0.0090212574217538
2019-03-05,-0.0021276377426556
2019-03-06,-0.0031051557294339
2019-03-07,-0.0066950016312721
2019-03-08,-0.000126372112263
2019-03-09,0.0
2019-03-10,0.0
2019-03-11,0.0019878372436648
2019-03-12,0.0017454982787324
2019-03-13,0.0028102511671663
2019-03-14,0.0046534210997448
2019-03-15,-0.0022320591119372
2019-03-16,0.0
2019-03-17,0.0
2019-03-18,-0.0012226219894976
2019-03-19,0.0003001274563782
2019-03-20,0.0011250094493014
2019-03-21,0.0027060303479395
2019-03-22,-0.0059284800478334
2019-03-23,0.0
2019-03-24,0.0
2019-03-25,-0.004479272804047
2019-03-26,0.0024604579476238
2019-03-27,0.0009637600234114
2019-03-28,-0.0024326023414095
2019-03-29,-0.0014011619587317
2019-03-30,0.0
2019-03-31,0.0
2019-04-01,0.0062364391320206
2019-04-02,0.0027004528270201
2019-04-03,-0.0024001903954008
2019-04-04,7.471797304272004e-05
2019-04-05,-0.0016998801625335
2019-04-06,0.0
2019-04-07,0.0
2019-04-08,-0.000471885082684
2019-04-09,0.0043028780884313
2019-04-10,-0.0010669878854825
2019-04-11,0.0007514059237652
2019-04-12,-0.0045035501137367
2019-04-13,0.0
2019-04-14,0.0
2019-04-15,0.0034002281769605
2019-04-16,-0.002659366550462
2019-04-17,0.0006508098268127
2019-04-18,0.0008466213771472
2019-04-19,-0.0020951594533165
2019-04-20,0.0
2019-04-21,0.0
2019-04-22,-0.000366569409473
2019-04-23,0.0026632633282006
2019-04-24,-0.0061550765382923
2019-04-25,-0.0048510917866344
2019-04-26,0.0011125534246036
2019-04-27,0.0
2019-04-28,0.0
2019-04-29,0.0013361243074633
2019-04-30,0.0003943002802439
2019-05-01,0.0049765969606995
2019-05-02,-0.0038013475219708
2019-05-03,-0.002252204721291
2019-05-04,0.0
2019-05-05,0.0
2019-05-06,-0.0002236135966384
2019-05-07,0.001731026448785
2019-05-08,-0.0014925968500559
2019-05-09,-0.000245165723827
2019-05-10,0.0005198954399977
2019-05-11,0.0
2019-05-12,0.0
2019-05-13,0.0019250293992782
2019-05-14,-0.0027197974429453
2019-05-15,0.0011878773277238
2019-05-16,0.0013679460281358
2019-05-17,-0.0015160170001692
2019-05-18,0.0
2019-05-19,0.0
2019-05-20,0.0011221005174686
2019-05-21,0.0014659813714099
2019-05-22,0.0
2019-05-23,-0.0006930835644582
2019-05-24,-0.0027569373094112
2019-05-25,0.0
2019-05-26,0.0
2019-05-27,0.0028697976059504
2019-05-28,-0.0002243895304154
2019-05-29,-0.0036766702362355
2019-05-30,-0.0018143655712012
2019-05-31,-0.0009544023543596
2019-06-01,0.0
2019-06-02,0.0
2019-06-03,0.0003475295350564
2019-06-04,0.0058385214644123
2019-06-05,0.0038087771238365
2019-06-06,-0.0022091754071814
2019-06-07,0.0049304147079889
2019-06-08,0.0
2019-06-09,0.0
2019-06-10,0.0063934470528065
2019-06-11,0.0002786080758641
2019-06-12,-0.0011295064488365
2019-06-13,-0.0039680162774541
2019-06-14,0.0004278975963723
2019-06-15,0.0
2019-06-16,0.0
2019-06-17,-0.006111877260549
2019-06-18,-7.509319605525448e-05
2019-06-19,0.0026877722616363
2019-06-20,0.0078305034182994
2019-06-21,0.0065470189097906
2019-06-22,0.0
2019-06-23,0.0
2019-06-24,-0.0013112593396526
2019-06-25,0.0014707621131639
2019-06-26,0.0001963775595525
2019-06-27,0.0043656879472387
2019-06-28,0.00203692754007
2019-06-29,0.0
2019-06-30,0.0
2019-07-01,0.0002985055108214
2019-07-02,-0.0031729034667767
2019-07-03,0.0027447559706275
2019-07-04,0.0029749103151237
2019-07-05,0.0006669951854234
2019-07-06,0.0
2019-07-07,0.0
2019-07-08,-0.0020833871512206
2019-07-09,-0.0020248446237352
2019-07-10,-0.0017454128344904
2019-07-11,0.0039689868979007
2019-07-12,0.0004208622248093
2019-07-13,0.0
2019-07-14,0.0
2019-07-15,0.0026439782064412
2019-07-16,-0.0011123333869511
2019-07-17,-0.0029844995548655
2019-07-18,0.0025629762836066
2019-07-19,0.0013344318612262
2019-07-20,0.0
2019-07-21,0.0
2019-07-22,-0.0012574220855149
2019-07-23,-0.0056531083205166
2019-07-24,-0.0009980735384326
2019-07-25,-0.0002812163281692
2019-07-26,-0.0011559197456096
2019-07-27,0.0
2019-07-28,0.0
2019-07-29,-0.00083588216428
2019-07-30,0.0004173702444008
2019-07-31,0.0012089951225005
2019-08-01,-0.0034466602405194
2019-08-02,-0.001583092536175
2019-08-03,0.0
2019-08-04,0.0
2019-08-05,0.0008321292155968
2019-08-06,-0.0008479860180993
2019-08-07,-0.004996824464189
2019-08-08,-0.0023467244727416
2019-08-09,0.0062924752577432
2019-08-10,0.0
2019-08-11,0.0
2019-08-12,0.0008012958678058
2019-08-13,-0.0014205581186863
2019-08-14,0.0018302138418215
2019-08-15,-0.0073902854784216
2019-08-16,-0.0005178929461977
2019-08-17,0.0
2019-08-18,0.0
2019-08-19,0.0037615965857885
2019-08-20,-0.0045809209621577
2019-08-21,0.0009618049636302
2019-08-22,0.0021799497229426
2019-08-23,-0.0007004174215799
2019-08-24,0.0
2019-08-25,0.0
2019-08-26,-0.0013304154853693
2019-08-27,0.0045784968045737
2019-08-28,-0.0024878786859438
2019-08-29,-0.0016394089302654
2019-08-30,0.001955546843413
2019-08-31,0.0
2019-09-01,0.0
2019-09-02,-0.0027063436017997
2019-09-03,-0.0012005819133555
2019-09-04,-0.0003974022216143
2019-09-05,0.0085082141676884
2019-09-06,-0.0002804154929415
2019-09-07,0.0
2019-09-08,0.0
2019-09-09,0.0046220976454835
2019-09-10,-6.847592349711633e-05
2019-09-11,0.0017630771571166
2019-09-12,-0.0029476624042572
2019-09-13,-0.0020456895232258
2019-09-14,0.0
2019-09-15,0.0
2019-09-16,-0.0001136254035915
2019-09-17,-0.0021017539321014
2019-09-18,0.000136371008794
2019-09-19,-0.0041457696638691
2019-09-20,0.0027639876343828
2019-09-21,0.0
2019-09-22,0.0
2019-09-23,-0.0006551255184221
2019-09-24,0.0003992267521681
2019-09-25,0.0015171986286101
2019-09-26,-0.0012387626942563
2019-09-27,-0.0008289064679048
2019-09-28,0.0
2019-09-29,0.0
2019-09-30,0.0024899550056448
2019-10-01,-0.0005282162234886
2019-10-02,0.0018891718268834
2019-10-03,-0.0083855652090375
2019-10-04,-0.0006292939183497
2019-10-05,0.0
2019-10-06,0.0
2019-10-07,0.0022819700378055
2019-10-08,0.0002926956491732
2019-10-09,-0.00142703509803
2019-10-10,-0.0010209400198252
2019-10-11,0.0036896481590628
2019-10-12,0.0
2019-10-13,0.0
2019-10-14,0.0065615860281375
2019-10-15,-0.0018918856719053
2019-10-16,0.0016648370521645
2019-10-17,0.0001518114742026
2019-10-18,0.0048747375730688
2019-10-19,0.0
2019-10-20,0.0
2019-10-21,0.0002902591798426
2019-10-22,0.0034621593155899
2019-10-23,-0.0005641918951843
2019-10-24,0.0016040363392234
2019-10-25,0.0001843124008899
2019-10-26,0.0
2019-10-27,0.0
2019-10-28,0.0005814724745158
2019-10-29,0.0005667735068887
2019-10-30,-0.0025556321121213
2019-10-31,-0.0058192550899555
2019-11-01,-0.000159313975925
2019-11-02,0.0
2019-11-03,0.0
2019-11-04,0.0020901288190784
2019-11-05,-0.0008820829296023
2019-11-06,4.471442606482074e-05
2019-11-07,-0.0026270737869897
2019-11-08,-0.0031417849218064
2019-11-09,0.0
2019-11-10,0.0
2019-11-11,0.0001428424053915
2019-11-12,-0.0005132696180349
2019-11-13,-0.0003560039978865
2019-11-14,-0.0011469561891072
2019-11-15,0.0001576851296252
2019-11-16,0.0
2019-11-17,0.0
2019-11-18,0.0020701255556285
2019-11-19,0.0011813850006112
2019-11-20,-0.0048719491186857
2019-11-21,-0.0023105453610806
2019-11-22,0.001804781165174
2019-11-23,0.0
2019-11-24,0.0
2019-11-25,-0.0013313422744976
2019-11-26,-0.0005559146534908
2019-11-27,0.0025655330707753
2019-11-28,-0.0012493935561402
2019-11-29,0.0004436404088372
2019-11-30,0.0
2019-12-01,0.0
2019-12-02,-0.0003161068414309
2019-12-03,-0.001437021558676
2019-12-04,0.000835079780027
2019-12-05,0.0074910982601236
2019-12-06,0.0012670153862056
2019-12-07,0.0
2019-12-08,0.0
2019-12-09,-0.0055863852633803
2019-12-10,0.0009601498836199
2019-12-11,0.0004605446948705
2019-12-12,0.0044160032475402
2019-12-13,0.0015189749709879
2019-12-14,0.0
2019-12-15,0.0
2019-12-16,-0.0023307424810848
2019-12-17,0.0015478502795584
2019-12-18,0.0002895441673788
2019-12-19,0.0034483359019495
2019-12-20,-0.0006939657401721
2019-12-21,0.0
2019-12-22,0.0
2019-12-23,-0.0017823783110115
2019-12-24,-0.000136732000234
2019-12-25,-0.0012011523559233
2019-12-26,0.0006842942890265
2019-12-27,0.0035796395557259
2019-12-28,0.0
2019-12-29,0.0
2019-12-30,0.002643008990427
2019-12-31,0.0009800245659836
2020-01-01,0.0044957834977242
2020-01-02,0.0022338483935057
2020-01-03,-0.0007708929891784
2020-01-04,0.0
2020-01-05,0.0
2020-01-06,-0.0002778748049058
2020-01-07,0.0017503606720629
2020-01-08,-0.003019957891728
2020-01-09,-0.0025648985108023
2020-01-10,-0.0019926577115888
2020-01-11,0.0
2020-01-12,0.0
2020-01-13,-0.0002220872289376
2020-01-14,0.0007509787564754
2020-01-15,-0.0007588180304541
2020-01-16,0.0021078564256141
2020-01-17,-7.69271389547537e-05
2020-01-18,0.0
2020-01-19,0.0
2020-01-20,-0.001884606304545
2020-01-21,0.0013942196979224
2020-01-22,-0.0021521954685338
2020-01-23,-0.0049973924431972
2020-01-24,0.0009140564383307
2020-01-25,0.0
2020-01-26,0.0
2020-01-27,-0.0024353952466687
2020-01-28,-0.0021788710901342
2020-01-29,0.0017985035768305
2020-01-30,-0.002502975153362
2020-01-31,-0.0010827399128379
2020-02-01,0.0
2020-02-02,0.0
2020-02-03,-0.0022007796253681
2020-02-04,-0.0040398520464928
2020-02-05,0.0008730346479522
2020-02-06,-0.0001434602073069
2020-02-07,2.2583064164069783e-05
2020-02-08,0.0
2020-02-09,0.0
2020-02-10,-0.0019253763289417
2020-02-11,-0.000555164676497
2020-02-12,0.0019995443498544
2020-02-13,0.0025842980205007
2020-02-14,-0.0005887438709973
2020-02-15,0.0
2020-02-16,0.0
2020-02-17,0.0014116086926539
2020-02-18,0.0007692496488399
2020-02-19,-0.0014118478344466
2020-02-20,0.0025163606416855
2020-02-21,-0.0029763699958085
2020-02-22,0.0
2020-02-23,0.0
2020-02-24,0.0005130227691801
2020-02-25,-0.0025916668510985
2020-02-26,0.0006163451196343
2020-02-27,-0.0049654517937009
2020-02-28,-0.0030594163662276
2020-02-29,0.0
2020-03-01,0.0
2020-03-02,-0.001560709562026
2020-03-03,0.0061350049676479
2020-03-04,-0.0039319641493779
2020-03-05,-0.0005232011734149
2020-03-06,-0.0006868660901304
2020-03-07,0.0
2020-03-08,0.0
2020-03-09,-0.0169085077259696
2020-03-10,-0.0026243512158085
2020-03-11,-0.0053889143696402
2020-03-12,-0.0029966432265732
2020-03-13,-0.0122528509794375
2020-03-14,0.0
2020-03-15,0.0
2020-03-16,0.0104538566900967
2020-03-17,-0.0153051514598546
2020-03-18,-0.0161836033060935
2020-03-19,-0.0143502098276694
2020-03-20,-0.0036757777515843
2020-03-21,0.0
2020-03-22,0.0
2020-03-23,0.0026800215558491
2020-03-24,-0.0012095363858026
2020-03-25,0.0026212221105872
2020-03-26,0.0154865708074873
2020-03-27,0.012721245237949
2020-03-28,0.0
2020-03-29,0.0
2020-03-30,-0.0006768313319539
2020-03-31,-0.0093397160953534
2020-04-01,0.007127694485056
2020-04-02,-0.0051998321783922
2020-04-03,0.0015625080508954
2020-04-04,0.0
2020-04-05,0.0
2020-04-06,-0.0086462556301323
2020-04-07,0.00985075946164
2020-04-08,0.0069893279335963
2020-04-09,0.0007284627517331
2020-04-10,0.0012651426932105
2020-04-11,0.0
2020-04-12,0.0
2020-04-13,0.0012663378117415
2020-04-14,0.0068447794626578
2020-04-15,-0.0005620187862204
2020-04-16,-0.0170147888418401
2020-04-17,0.0056542188291623
2020-04-18,0.0
2020-04-19,0.0
2020-04-20,-0.0006052856648541
2020-04-21,-0.0057636153941977
2020-04-22,-0.0042236483382988
2020-04-23,0.0003674277474818
2020-04-24,0.0084109774358849
2020-04-25,0.0
2020-04-26,0.0
2020-04-27,-0.0030525385319988
2020-04-28,0.0051025185604286
2020-04-29,0.0037965915547445
2020-04-30,0.007804144459339
2020-05-01,-0.005648891437503
2020-05-02,0.0
2020-05-03,0.0
2020-05-04,-0.0129664123087292
2020-05-05,0.0036359700164079
2020-05-06,0.0029504022302405
2020-05-07,-0.0085587343573764
2020-05-08,0.0137492803586093
2020-05-09,0.0
2020-05-10,0.0
2020-05-11,0.0032551785199662
2020-05-12,-0.0067200235005811
2020-05-13,-0.0044775428832779
2020-05-14,-0.0005746657096813
2020-05-15,0.0039820635023141
2020-05-16,0.0
2020-05-17,0.0
2020-05-18,-0.0041243724439941
2020-05-19,0.0108459914650714
2020-05-20,7.108633159174419e-05
2020-05-21,0.0024069812651685
2020-05-22,-0.0030525190254012
2020-05-23,0.0
2020-05-24,0.0
2020-05-25,-0.0027849063324303
2020-05-26,0.0010078750696788
2020-05-27,0.0136422046575632
2020-05-28,0.0020115979981295
2020-05-29,-0.0013957101391395
2020-05-30,0.0
2020-05-31,0.0
2020-06-01,-0.000289296048305
2020-06-02,0.0142899049773056
2020-06-03,0.0053521012214676
2020-06-04,0.0012003190589942
2020-06-05,-0.0005777015468408
2020-06-06,0.0
2020-06-07,0.0
2020-06-08,0.0080910909406815
2020-06-09,0.001853184226362
2020-06-10,-0.0040318854431328
2020-06-11,-0.0004765948396454
2020-06-12,-0.0154799527523386
2020-06-13,0.0
2020-06-14,0.0
2020-06-15,5.864122820969803e-05
2020-06-16,0.0075955802657551
2020-06-17,2.9774149544236227e-05
2020-06-18,-0.0031202753589422
2020-06-19,-0.0012225687689419
2020-06-20,0.0
2020-06-21,0.0
2020-06-22,-0.0018080641298709
2020-06-23,0.00849621861284
2020-06-24,-0.0029883584521949
2020-06-25,-0.0074733622893401
2020-06-26,0.0006451432735027
2020-06-27,0.0
2020-06-28,0.0
2020-06-29,-0.0031710681188732
2020-06-30,0.001588156678371
2020-07-01,0.0060520056546373
2020-07-02,-0.0012373742896957
2020-07-03,0.0015685297810815
2020-07-04,0.0
2020-07-05,0.0
2020-07-06,0.001518652596428
2020-07-07,0.0007530467596976
2020-07-08,-0.0047961332089512
2020-07-09,0.0064005599301114
2020-07-10,-0.0046349601157068
2020-07-11,0.0
2020-07-12,0.0
2020-07-13,-0.0013249273737821
2020-07-14,-0.0009114816015223
2020-07-15,0.0008094913639393
2020-07-16,0.0068239575391139
2020-07-17,-0.0045798578841684
2020-07-18,0.0
2020-07-19,0.0
2020-07-20,-0.0004342993394984
2020-07-21,0.0036828411665989
2020-07-22,0.0057168328440837
2020-07-23,0.0022781500966001
2020-07-24,0.0009990821345614
2020-07-25,0.0
2020-07-26,0.0
2020-07-27,-0.0009695647306953
2020-07-28,0.0058233460283682
2020-07-29,-0.0030472412402603
2020-07-30,0.0028151174398584
2020-07-31,-0.0052934135343124
2020-08-01,0.0
2020-08-02,0.0
2020-08-03,0.0011648943227398
2020-08-04,0.0002384416110659
2020-08-05,0.0073583122657928
2020-08-06,0.0023346748170354
2020-08-07,-0.0040326601320946
2020-08-08,0.0
2020-08-09,0.0
2020-08-10,-0.0051220330882114
2020-08-11,0.0024521285895811
2020-08-12,0.0032637287441085
2020-08-13,0.0050386167384533
2020-08-14,0.0018140504533093
2020-08-15,0.0
2020-08-16,0.0
2020-08-17,-0.002479100005464
2020-08-18,0.0023125192729167
2020-08-19,0.0052695206497068
2020-08-20,-0.0045439074648427
2020-08-21,0.0030170750684259
2020-08-22,0.0
2020-08-23,0.0
2020-08-24,-0.0005692097230293
2020-08-25,-0.0028562058039319
2020-08-26,0.0041391049627854
2020-08-27,0.0019015612730201
2020-08-28,0.0012486436902596
2020-08-29,0.0
2020-08-30,0.0
2020-08-31,0.0031520846740097
2020-09-01,0.0034694124204743
2020-09-02,-0.0013800554212404
2020-09-03,0.0006446107374734
2020-09-04,-0.0072647707364092
2020-09-05,0.0
2020-09-06,0.0
2020-09-07,0.0048826013927736
2020-09-08,-0.0015349578806703
2020-09-09,-0.0108839989940674
2020-09-10,0.0065635441648053
2020-09-11,-0.0028093698321585
2020-09-12,0.0
2020-09-13,0.0
2020-09-14,0.0006289412041833
2020-09-15,0.0003413349392082
2020-09-16,-0.0012209080008041
2020-09-17,0.0008571647626153
2020-09-18,0.0023777498161799
2020-09-19,0.0
2020-09-20,0.0
2020-09-21,-0.0035687482258614
2020-09-22,-0.0077583032682617
2020-09-23,0.0002247446531202
2020-09-24,-0.0064833162226553
2020-09-25,0.0024007914355531
2020-09-26,0.0
2020-09-27,0.0
2020-09-28,-0.0020502053376518
2020-09-29,0.0016455759986411
2020-09-30,-0.002018914296313
2020-10-01,0.0058822443072894
2020-10-02,0.001602005175222
2020-10-03,0.0
2020-10-04,0.0
2020-10-05,-0.0005261850246374
2020-10-06,0.0025605523223106
2020-10-07,-0.0048372315908296
2020-10-08,0.004777573273879
2020-10-09,0.0049672720434061
2020-10-10,0.0
2020-10-11,0.0
2020-10-12,0.0047195351756265
2020-10-13,0.0013331183424064
2020-10-14,-0.0022316134236924
2020-10-15,-0.0005179208617036
2020-10-16,-0.0058008635146339
2020-10-17,0.0
2020-10-18,0.0
2020-10-19,0.0034695302623041
2020-10-20,-0.000789751467116
2020-10-21,0.0052607017313756
2020-10-22,-0.0024894310617143
2020-10-23,0.0012553427649402
2020-10-24,0.0
2020-10-25,0.0
2020-10-26,-0.0007990306921709
2020-10-27,-0.0044695049645176
2020-10-28,0.0010836332203359
2020-10-29,-0.0089576531126342
2020-10-30,-0.0003607794205823
2020-10-31,0.0
2020-11-01,0.0
2020-11-02,-0.0039424310124219
2020-11-03,0.0110871333837224
2020-11-04,0.0089956299976839
2020-11-05,-0.0018517309528387
2020-11-06,0.0033795791251001
2020-11-07,0.0
2020-11-08,0.0
2020-11-09,0.0045826107056721
2020-11-10,0.0011674178553405
2020-11-11,-0.0018356846528268
2020-11-12,-0.0020858302256506
2020-11-13,-0.005939500221678
2020-11-14,0.0
2020-11-15,0.0
2020-11-16,0.0009440323483984
2020-11-17,0.0036874864532633
2020-11-18,-0.0022685200670928
2020-11-19,0.0015883733907916
2020-11-20,-0.0001151475263526
2020-11-21,0.0
2020-11-22,0.0
2020-11-23,0.000266912646571
2020-11-24,0.0005963707876605
2020-11-25,0.0059845176025292
2020-11-26,-0.0004315735080855
2020-11-27,-0.0014130158524395
2020-11-28,0.0
2020-11-29,0.0
2020-11-30,0.0029071299714723
2020-12-01,-0.0007246913560697
2020-12-02,0.0045524149863414
2020-12-03,0.0012227136715891
2020-12-04,0.004079957241585
2020-12-05,0.0
2020-12-06,0.0
2020-12-07,0.0066289772849266
2020-12-08,-0.0017510596847752
2020-12-09,-0.0011092681377482
2020-12-10,-0.0006384509193003
2020-12-11,0.0066656560329011
2020-12-12,0.0
2020-12-13,0.0
2020-12-14,-0.0008946915567984
2020-12-15,-0.0007602244814012
2020-12-16,0.004767348236505
2020-12-17,-0.003725375255208
2020-12-18,0.0012560655213045
2020-12-19,0.0
2020-12-20,0.0
2020-12-21,-0.0062321092998506
2020-12-22,-0.0033208894771498
2020-12-23,-0.0031140341317887
2020-12-24,0.0037140987820237
2020-12-25,-0.0002106883220945
2020-12-26,0.0
2020-12-27,0.0
2020-12-28,0.000669167399657
2020-12-29,-3.0815533085495826e-05
2020-12-30,0.0013947352617253
2020-12-31,0.0055850709118707
2021-01-01,0.0319375899830212
2021-01-02,0.0
2021-01-03,0.0
2021-01-04,-0.029692165379847
2021-01-05,-0.0046198705646252
2021-01-06,0.0083519218015392
2021-01-07,0.0007348628101166
2021-01-08,-0.0014525085572309
2021-01-09,0.0
2021-01-10,0.0
2021-01-11,-0.0036978155159467
2021-01-12,-0.0031839424741549
2021-01-13,0.004998978513172
2021-01-14,0.0007558228888887
2021-01-15,0.0039780127824025
2021-01-16,0.0
2021-01-17,0.0
2021-01-18,-0.0092080476839323
2021-01-19,0.0013088005297171
2021-01-20,0.001986712606978
2021-01-21,0.0076298806024989
2021-01-22,-0.001638933430283
2021-01-23,0.0
2021-01-24,0.0
2021-01-25,-0.0060074868123263
2021-01-26,-0.0011469913107191
2021-01-27,0.0034294183832464
2021-01-28,-0.0095724414103637
2021-01-29,-0.0011618037217583
2021-01-30,0.0
2021-01-31,0.0
2021-02-01,0.0022390484110497
2021-02-02,-0.0034163339989491
2021-02-03,0.0047532693669644
2021-02-04,8.565644483688232e-05
2021-02-05,-0.0030382531855561
2021-02-06,0.0
2021-02-07,0.0
2021-02-08,0.005042053284519
2021-02-09,0.0016241013011116
2021-02-10,0.0031920630009112
2021-02-11,8.760619876588373e-05
2021-02-12,-0.0003631713789763
2021-02-13,0.0
2021-02-14,0.0
2021-02-15,0.0010015760743392
2021-02-16,0.0041302490772059
2021-02-17,-0.0057924748482982
2021-02-18,0.0007165308020959
2021-02-19,0.0014974660094353
2021-02-20,0.0
2021-02-21,0.0
2021-02-22,0.0065031281669327
2021-02-23,-0.0008179897696931
2021-02-24,0.0013016626701384
2021-02-25,0.0065806019420002
2021-02-26,-0.0079528775323148
2021-02-27,0.0
2021-02-28,0.0
2021-03-01,-0.0068047012128653
2021-03-02,0.0043010274101427
2021-03-03,0.000467626362426
2021-03-04,-0.002774832434163
2021-03-05,-0.0005678088056452
2021-03-06,0.0
2021-03-07,0.0
2021-03-08,0.00363574410206
2021-03-09,-0.0020573237904912
2021-03-10,0.0011701715161947
2021-03-11,0.0018214757216877
2021-03-12,0.0070524229318292
2021-03-13,0.0
2021-03-14,0.0
2021-03-15,0.0049688689170648
2021-03-16,-0.0004976486516209
2021-03-17,0.0026326050632011
2021-03-18,0.0042451362402769
2021-03-19,-0.0081110810763583
2021-03-20,0.0
2021-03-21,0.0
2021-03-22,-0.0025589087953828
2021-03-23,0.0001677927988269
2021-03-24,-0.0055193473723256
2021-03-25,0.0010645554410558
2021-03-26,-0.0019941365919014
2021-03-27,0.0
2021-03-28,0.0
2021-03-29,0.0013978231498826
2021-03-30,-0.0004921634711401
2021-03-31,-0.0024114485475172
2021-04-01,0.0044867095488145
2021-04-02,0.0014576520827025
2021-04-03,0.0
2021-04-04,0.0
2021-04-05,-0.0014337802018296
2021-04-06,0.0034917138710936
2021-04-07,-0.0040811390478153
2021-04-08,-0.0032789639454033
2021-04-09,0.0040116084413998
2021-04-10,0.0
2021-04-11,0.0
2021-04-12,0.0025030234394247
2021-04-13,-0.0022480433183283
2021-04-14,0.001745432173971
2021-04-15,0.001603461816007
2021-04-16,-0.0021301584496751
2021-04-17,0.0
2021-04-18,0.0
2021-04-19,0.0020825926900033
2021-04-20,-0.0003267628162976
2021-04-21,-0.0071465632421645
2021-04-22,0.0085842718652437
2021-04-23,6.376685838481414e-05
2021-04-24,0.0
2021-04-25,0.0
2021-04-26,0.001224534829837
2021-04-27,0.0073629917852125
2021-04-28,-0.0008221925472516
2021-04-29,0.0083602269664292
2021-04-30,0.0021727918097138
2021-05-01,0.0
2021-05-02,0.0
2021-05-03,-0.0002357309142542
2021-05-04,-8.10453375429172e-05
2021-05-05,-0.0016358177603581
2021-05-06,0.0026950287288799
2021-05-07,0.0092615696666257
2021-05-08,0.0
2021-05-09,0.0
2021-05-10,0.0032968029545027
2021-05-11,0.001677592794164
2021-05-12,-0.0002237584289157
2021-05-13,-0.0019979010528887
2021-05-14,-0.0039287198291701
2021-05-15,0.0
2021-05-16,0.0
2021-05-17,0.0047210927365825
2021-05-18,0.0040948098647721
2021-05-19,-0.0009279600810459
2021-05-20,-0.0049244877774123
2021-05-21,0.0057704262674347
2021-05-22,0.0
2021-05-23,0.0
2021-05-24,-0.0003740072263184
2021-05-25,0.0014265088229614
2021-05-26,-0.0011779593971462
2021-05-27,-0.0054630005194765
2021-05-28,0.0049501487447196
2021-05-29,0.0
2021-05-30,0.0
2021-05-31,-0.0006302627752322
2021-06-01,0.0014169300133474
2021-06-02,-0.0006876965333628
2021-06-03,0.0025722138101475
2021-06-04,-0.0057162984001343
2021-06-05,0.0
2021-06-06,0.0
2021-06-07,0.0025815109335352
2021-06-08,-0.000902468802549
2021-06-09,-0.0020423183047913
2021-06-10,-0.0002640635027499
2021-06-11,0.0017853094990858
2021-06-12,0.0
2021-06-13,0.0
2021-06-14,-0.0053606558233772
2021-06-15,0.0013984070646506
2021-06-16,-0.0036660107128978
2021-06-17,-0.0075542862304687
2021-06-18,-0.0054589374317866
2021-06-19,0.0
2021-06-20,0.0
2021-06-21,-0.0084451145029166
2021-06-22,0.0064382405354729
2021-06-23,0.0048631752081055
2021-06-24,0.0005439538191814
2021-06-25,-0.00154279310574
2021-06-26,0.0
2021-06-27,0.0
2021-06-28,0.0024700319804391
2021-06-29,-0.0034192992667442
2021-06-30,-0.0050301008829186
2021-07-01,0.0002825933661421
2021-07-02,-0.0038665506283813
2021-07-03,0.0
2021-07-04,0.0
2021-07-05,0.008938389738206
2021-07-06,-0.0008030053305259
2021-07-07,-0.0095322065536927
2021-07-08,-0.0018929291427107
2021-07-09,-0.0037026774452647
2021-07-10,0.0
2021-07-11,0.0
2021-07-12,0.0064859638294544
2021-07-13,-0.0006574180145188
2021-07-14,-0.0052699530533495
2021-07-15,0.0004393906936139
2021-07-16,-0.0058555929909321
2021-07-17,0.0
2021-07-18,0.0
2021-07-19,-0.0022130761957005
2021-07-20,-0.0101804895122379
2021-07-21,0.0055773613795067
2021-07-22,0.0084149880338411
2021-07-23,0.0003895598023553
2021-07-24,0.0
2021-07-25,0.0
2021-07-26,-0.000278959658211
2021-07-27,0.0021906281298294
2021-07-28,-0.0040750144506381
2021-07-29,0.0056951237018823
2021-07-30,0.0056392194631125
2021-07-31,0.0
2021-08-01,0.0
2021-08-02,-0.0013965412651629
2021-08-03,-0.0027551923810013
2021-08-04,-0.0025735335932986
2021-08-05,-0.0009329130885693
2021-08-06,0.0034901951278128
2021-08-07,0.0
2021-08-08,0.0
2021-08-09,-0.0055522094737539
2021-08-10,-0.0002300739326954
2021-08-11,0.0043673862195644
2021-08-12,0.0009747546836462
2021-08-13,-0.0010548794780562
2021-08-14,0.0
2021-08-15,0.0
2021-08-16,0.0003192090652434
2021-08-17,-0.0042733204912452
2021-08-18,-0.004516386637093
2021-08-19,-0.0028943909650654
2021-08-20,-0.0131955210939388
2021-08-21,0.0
2021-08-22,0.0
2021-08-23,0.0004130826673065
2021-08-24,0.0137380457941173
2021-08-25,0.004357618893827
2021-08-26,0.0005792480766595
2021-08-27,-0.0076123352212747
2021-08-28,0.0
2021-08-29,0.0
2021-08-30,0.0058420564094579
2021-08-31,0.0001677123472372
2021-09-01,-0.0005713460652141
2021-09-02,-0.0004441853436346
2021-09-03,0.0055532482873423
2021-09-04,0.0
2021-09-05,0.0
2021-09-06,0.0017156147687559
2021-09-07,-0.000319573503685
2021-09-08,-0.0089037760481587
2021-09-09,-0.0037567045530115
2021-09-10,0.0024760694260187
2021-09-11,0.0
2021-09-12,0.0
2021-09-13,-0.0013329939467543
2021-09-14,0.0024871570978712
2021-09-15,-0.0033154710191072
2021-09-16,0.0056816393427503
2021-09-17,-0.0050118316590666
2021-09-18,0.0
2021-09-19,0.0
2021-09-20,-0.0064847431735556
2021-09-21,-0.0030040494137135
2021-09-22,-0.0014348987719667
2021-09-23,0.00272582822201
2021-09-24,0.0097374800578088
2021-09-25,0.0
2021-09-26,0.0
2021-09-27,0.0009947378433331
2021-09-28,0.0018362716092396
2021-09-29,-0.0040156072871513
2021-09-30,-0.0060397790586469
2021-10-01,0.0054881773391335
2021-10-02,0.0
2021-10-03,0.0
2021-10-04,0.0046619010146667
2021-10-05,0.0027925354748569
2021-10-06,0.0005638638921583
2021-10-07,-0.0002781163362192
2021-10-08,0.0031190255530429
2021-10-09,0.0
2021-10-10,0.0
2021-10-11,0.0050262242380354
2021-10-12,0.0002958293697752
2021-10-13,0.0003456474966546
2021-10-14,0.003153967679238
2021-10-15,0.0050143638138875
2021-10-16,0.0
2021-10-17,0.0
2021-10-18,7.300746844901077e-05
2021-10-19,0.0001212548642625
2021-10-20,0.0014712084734691
2021-10-21,0.0023999720314897
2021-10-22,-0.0037177770511008
2021-10-23,0.0
2021-10-24,0.0
2021-10-25,-8.164729609720758e-05
2021-10-26,-0.0006212325601893
2021-10-27,-0.0010019625182839
2021-10-28,0.0017530853708409
2021-10-29,0.0019092948887711
2021-10-30,0.0
2021-10-31,0.0
2021-11-01,-0.0029761319544948
2021-11-02,0.0007278498178004
2021-11-03,-0.0027520253292174
2021-11-04,0.002436441226839
2021-11-05,-0.0058968071228767
2021-11-06,0.0
2021-11-07,0.0
2021-11-08,1.6186175885530306e-05
2021-11-09,0.0006907809646531
2021-11-10,0.0004988080333149
2021-11-11,-0.004052387441502
2021-11-12,-0.0081354927439441
2021-11-13,0.0
2021-11-14,0.0
2021-11-15,0.0034370405695248
2021-11-16,0.0024984100362618
2021-11-17,-0.0041230914840559
2021-11-18,-0.0036141364383215
2021-11-19,0.0006101958363183
2021-11-20,0.0
2021-11-21,0.0
2021-11-22,-0.0039590258344112
2021-11-23,-0.0037702502039749
2021-11-24,0.0020022592368946
2021-11-25,0.0011199216718688
2021-11-26,-0.0001570174786472
2021-11-27,0.0
2021-11-28,0.0
2021-11-29,-0.0048136397902334
2021-11-30,-0.0010363354885702
2021-12-01,-0.002845892058688
2021-12-02,-0.0028617007940065
2021-12-03,-0.0005305121488686
2021-12-04,0.0
2021-12-05,0.0
2021-12-06,5.511460314075062e-05
2021-12-07,0.0042998167015244
2021-12-08,0.0091466840922841
2021-12-09,-0.0005059602220826
2021-12-10,-0.0044317517313555
2021-12-11,0.0
2021-12-12,0.0
2021-12-13,-0.0009039758385678
2021-12-14,-0.0068719494199944
2021-12-15,-0.004634267666125
2021-12-16,0.0023814354480714
2021-12-17,0.0044341483585103
2021-12-18,0.0
2021-12-19,0.0
2021-12-20,-0.0092530069114637
2021-12-21,-0.0029037945380783
2021-12-22,0.001005915331936
2021-12-23,0.0055710665877921
2021-12-24,0.0021271810174046
2021-12-25,0.0
2021-12-26,0.0
2021-12-27,0.0007717009208819
2021-12-28,0.0021095217879016
2021-12-29,-0.0020313593984505
2021-12-30,0.002375270670176
2021-12-31,0.0029930378425587
