,Date,Return
0,2015-02-21,0.0
1,2015-02-22,0.0
2,2015-02-23,-0.002002657679097815
3,2015-02-24,0.004102273218729153
4,2015-02-25,0.00043284960316970815
5,2015-02-26,0.004508208721143258
6,2015-02-27,-0.00716389837721735
7,2015-02-28,0.0
8,2015-03-01,0.0
9,2015-03-02,-0.0007708219627296023
10,2015-03-03,-0.0030605953692483694
11,2015-03-04,0.0004914444823610088
12,2015-03-05,-0.006631709815291574
13,2015-03-06,-0.0011444416197636596
14,2015-03-07,0.0
15,2015-03-08,0.0
16,2015-03-09,-0.012530616480490716
17,2015-03-10,0.0031217514041689378
18,2015-03-11,-0.0015092652386850484
19,2015-03-12,-0.009935114204642584
20,2015-03-13,-0.0026097192601568214
21,2015-03-14,0.0
22,2015-03-15,0.0
23,2015-03-16,-0.009324913386235775
24,2015-03-17,0.004733358194240826
25,2015-03-18,-0.00498413866504334
26,2015-03-19,0.014128885786906372
27,2015-03-20,-0.013479697046708265
28,2015-03-21,0.0
29,2015-03-22,0.0
30,2015-03-23,0.012223728859969155
31,2015-03-24,0.0005827032308888039
32,2015-03-25,-0.007923264080169017
33,2015-03-26,0.002926830700917242
34,2015-03-27,-0.001278593224115688
35,2015-03-28,0.0
36,2015-03-29,0.0
37,2015-03-30,0.0018443918552205755
38,2015-03-31,-0.005167221802979357
39,2015-04-01,0.001377931189214149
40,2015-04-02,0.0004894439313626982
41,2015-04-03,-0.000415270359776735
42,2015-04-04,0.0
43,2015-04-05,0.0
44,2015-04-06,0.006726198734506747
45,2015-04-07,-0.0026839784305691602
46,2015-04-08,-0.004501510570303141
47,2015-04-09,0.003683215654974517
48,2015-04-10,-0.011053219145271022
49,2015-04-11,0.0
50,2015-04-12,0.0
51,2015-04-13,-0.005064119522723924
52,2015-04-14,0.0018615727199240391
53,2015-04-15,0.007065285179845673
54,2015-04-16,0.0038188771143180065
55,2015-04-17,0.00627694265189035
56,2015-04-18,0.0
57,2015-04-19,0.0
58,2015-04-20,0.0031087262005635133
59,2015-04-21,-0.003913912420741859
60,2015-04-22,0.0017309187000529812
61,2015-04-23,0.006803432749790307
62,2015-04-24,0.0009631213050910101
63,2015-04-25,0.0
64,2015-04-26,0.0
65,2015-04-27,0.00823726251635536
66,2015-04-28,0.0031006308004713446
67,2015-04-29,0.007273282921056182
68,2015-04-30,0.0059827821269773955
69,2015-05-01,-0.004693740042892536
70,2015-05-02,0.0
71,2015-05-03,0.0
72,2015-05-04,-0.013633719500762469
73,2015-05-05,-0.0015745188929408994
74,2015-05-06,0.003393721808303977
75,2015-05-07,0.0044555102060452306
76,2015-05-08,0.010772989719155298
77,2015-05-09,0.0
78,2015-05-10,0.0
79,2015-05-11,0.0017424787482579272
80,2015-05-12,0.009225809164597837
81,2015-05-13,0.0060151077033494035
82,2015-05-14,0.004397811305869235
83,2015-05-15,0.002032228197193951
84,2015-05-16,0.0
85,2015-05-17,0.0
86,2015-05-18,-0.0016542842395599622
87,2015-05-19,-0.005245522016358588
88,2015-05-20,-0.009463245669431146
89,2015-05-21,0.0017238136149685544
90,2015-05-22,0.007755392426773579
91,2015-05-23,0.0
92,2015-05-24,0.0
93,2015-05-25,-0.012128990337083924
94,2015-05-26,-0.00018547666100839527
95,2015-05-27,-0.004769564738426783
96,2015-05-28,-0.00315135227350799
97,2015-05-29,-0.0020241786622913717
98,2015-05-30,0.0
99,2015-05-31,0.0
100,2015-06-01,-0.0019746490829897073
101,2015-06-02,-0.00583823368328112
102,2015-06-03,0.009161921161430811
103,2015-06-04,-0.0008589208452429694
104,2015-06-05,0.002501662182035094
105,2015-06-06,0.0
106,2015-06-07,0.0
107,2015-06-08,-0.006340920305934172
108,2015-06-09,0.00509706210167444
109,2015-06-10,0.0031353321505226085
110,2015-06-11,0.006656979683963089
111,2015-06-12,0.0007753378461704261
112,2015-06-13,0.0
113,2015-06-14,0.0
114,2015-06-15,0.003386498516388507
115,2015-06-16,0.0022119855451180315
116,2015-06-17,0.0027955246300808926
117,2015-06-18,0.013240254560649378
118,2015-06-19,0.0019352656722813597
119,2015-06-20,0.0
120,2015-06-21,0.0
121,2015-06-22,0.00039730600608937043
122,2015-06-23,-0.0035201689100119306
123,2015-06-24,-0.005588162170213441
124,2015-06-25,-0.0019814944122857055
125,2015-06-26,0.0022336687823524136
126,2015-06-27,0.0
127,2015-06-28,0.0
128,2015-06-29,-0.0033010794259712385
129,2015-06-30,0.002466819176720654
130,2015-07-01,-0.002859423685625764
131,2015-07-02,-0.0052409648016296965
132,2015-07-03,0.0005150864709568538
133,2015-07-04,0.0
134,2015-07-05,0.0
135,2015-07-06,-0.003662615238431112
136,2015-07-07,0.002959750925412677
137,2015-07-08,-0.00896192569799894
138,2015-07-09,-0.006027357927957678
139,2015-07-10,0.00026086450383791966
140,2015-07-11,0.0
141,2015-07-12,0.0
142,2015-07-13,0.009189485018303375
143,2015-07-14,-0.002169806359171286
144,2015-07-15,0.009942484095221705
145,2015-07-16,-0.00018739401180661587
146,2015-07-17,-0.0013434853074102814
147,2015-07-18,0.0
148,2015-07-19,0.0
149,2015-07-20,-0.0008118300805688741
150,2015-07-21,-0.0016988367570023566
151,2015-07-22,-0.001151948400859862
152,2015-07-23,0.0037247408237204636
153,2015-07-24,-0.006070642157287857
154,2015-07-25,0.0
155,2015-07-26,0.0
156,2015-07-27,0.00021712231835340338
157,2015-07-28,0.0026576964466973043
158,2015-07-29,0.003008794486758939
159,2015-07-30,-0.0005779609928297159
160,2015-07-31,0.00014099689958349814
161,2015-08-01,0.0
162,2015-08-02,0.0
163,2015-08-03,0.0014517522352836397
164,2015-08-04,-0.002341006202160767
165,2015-08-05,-0.0013710124209996742
166,2015-08-06,0.0023692049229407596
167,2015-08-07,-0.005897151427262355
168,2015-08-08,0.0
169,2015-08-09,0.0
170,2015-08-10,-0.001302234266893983
171,2015-08-11,0.005874015501018945
172,2015-08-12,-7.82819047286188e-05
173,2015-08-13,0.0020435865248267892
174,2015-08-14,0.00012486437024249668
175,2015-08-15,0.0
176,2015-08-16,0.0
177,2015-08-17,0.002173342435302922
178,2015-08-18,-0.004279552300359102
179,2015-08-19,0.005109777658423283
180,2015-08-20,0.0011598834781810674
181,2015-08-21,0.0005016888276748662
182,2015-08-22,0.0
183,2015-08-23,0.0
184,2015-08-24,-0.0008313978098743591
185,2015-08-25,0.005408265633580648
186,2015-08-26,-0.004262723321662272
187,2015-08-27,-0.01371826101905613
188,2015-08-28,-0.004402511638093942
189,2015-08-29,0.0
190,2015-08-30,0.0
191,2015-08-31,0.0002620647081301771
192,2015-09-01,-0.003570368402049298
193,2015-09-02,-0.003772621017244165
194,2015-09-03,0.00018358015987754846
195,2015-09-04,-0.0030107853527308547
196,2015-09-05,0.0
197,2015-09-06,0.0
198,2015-09-07,-0.004006166258370182
199,2015-09-08,0.005380528115149791
200,2015-09-09,0.007747810873568067
201,2015-09-10,-0.002860225819829391
202,2015-09-11,0.005466891407665292
203,2015-09-12,0.0
204,2015-09-13,0.0
205,2015-09-14,0.00038588315600346867
206,2015-09-15,-0.0013583732963704292
207,2015-09-16,-0.0053392734744573695
208,2015-09-17,0.011218721676126432
209,2015-09-18,0.0032798178602704052
210,2015-09-19,0.0
211,2015-09-20,0.0
212,2015-09-21,-0.0025815212503919552
213,2015-09-22,-0.0013345316670053703
214,2015-09-23,-0.009998751571220875
215,2015-09-24,-0.006656900125064828
216,2015-09-25,-0.0016457236563252463
217,2015-09-26,0.0
218,2015-09-27,0.0
219,2015-09-28,-0.0016583037772454228
220,2015-09-29,-0.0024144801434312782
221,2015-09-30,-0.0004696102255547783
222,2015-10-01,-0.0022409383668996388
223,2015-10-02,0.0009985742565184253
224,2015-10-03,0.0
225,2015-10-04,0.0
226,2015-10-05,0.0036244119189066826
227,2015-10-06,-0.0025793234913747344
228,2015-10-07,0.0046785920826727416
229,2015-10-08,0.00586414773955987
230,2015-10-09,0.0023308528857440124
231,2015-10-10,0.0
232,2015-10-11,0.0
233,2015-10-12,-0.0018406227190688061
234,2015-10-13,0.000965396484356112
235,2015-10-14,-0.005216383390940799
236,2015-10-15,0.014446765873852536
237,2015-10-16,-0.0005266203470171737
238,2015-10-17,0.0
239,2015-10-18,0.0
240,2015-10-19,-0.0021947584385873056
241,2015-10-20,0.0021947584385872726
242,2015-10-21,-0.0014837815212146487
243,2015-10-22,-0.0015903604853750326
244,2015-10-23,-0.0026493005175411677
245,2015-10-24,0.0
246,2015-10-25,0.0
247,2015-10-26,-0.004313855826274562
248,2015-10-27,0.0026386005110979978
249,2015-10-28,-0.002929161050124084
250,2015-10-29,-0.0026915311538712444
251,2015-10-30,0.0033959130715670973
252,2015-10-31,0.0
253,2015-11-01,0.0
254,2015-11-02,0.007660586221935152
255,2015-11-03,-0.0011417227644732232
256,2015-11-04,-0.0003086573882131569
257,2015-11-05,-0.001894882341349537
258,2015-11-06,-0.011765452901888015
259,2015-11-07,0.0
260,2015-11-08,0.0
261,2015-11-09,-0.010244238951608756
262,2015-11-10,0.004374996829554125
263,2015-11-11,0.0011804386970957032
264,2015-11-12,0.005677791567070864
265,2015-11-13,0.0006244314413371505
266,2015-11-14,0.0
267,2015-11-15,0.0
268,2015-11-16,-0.0010961323522934462
269,2015-11-17,-0.0008519903956468674
270,2015-11-18,0.0009893190512607394
271,2015-11-19,0.0012639831856049535
272,2015-11-20,0.003204988159852629
273,2015-11-21,0.0
274,2015-11-22,0.0
275,2015-11-23,-0.006445955845977206
276,2015-11-24,-0.004017288294693206
277,2015-11-25,-0.0028555410507932104
278,2015-11-26,0.0024925971553565068
279,2015-11-27,-0.0015716318126399837
280,2015-11-28,0.0
281,2015-11-29,0.0
282,2015-11-30,-0.004038658705450181
283,2015-12-01,0.001263916874684632
284,2015-12-02,0.0013259925648524697
285,2015-12-03,-0.008587665845729998
286,2015-12-04,0.012364196625067169
287,2015-12-05,0.0
288,2015-12-06,0.0
289,2015-12-07,-0.0014817712155163905
290,2015-12-08,-0.004132240024868928
291,2015-12-09,-0.002675288260805488
292,2015-12-10,0.01151830594972216
293,2015-12-11,-0.0015172249431171575
294,2015-12-12,0.0
295,2015-12-13,0.0
296,2015-12-14,0.0025052804796758133
297,2015-12-15,-0.0025204511680591082
298,2015-12-16,-0.007747254386376368
299,2015-12-17,-0.004382849908139785
300,2015-12-18,-0.0032299596884909154
301,2015-12-19,0.0
302,2015-12-20,0.0
303,2015-12-21,-0.0014324090813451632
304,2015-12-22,-0.0007602713320173362
305,2015-12-23,-0.0049481448550127505
306,2015-12-24,0.0036087155981508533
307,2015-12-25,0.002502081616946556
308,2015-12-26,0.0
309,2015-12-27,0.0
310,2015-12-28,0.0011941180057485651
311,2015-12-29,-0.0025501177398316328
312,2015-12-30,-0.004829007331663777
313,2015-12-31,-0.00020714208435393289
314,2016-01-01,-0.005468657903096883
315,2016-01-02,0.0
316,2016-01-03,0.0
317,2016-01-04,-8.820891132853422e-05
318,2016-01-05,-0.0015612275544526267
319,2016-01-06,-0.002733086316664649
320,2016-01-07,-0.003003017557157396
321,2016-01-08,-0.0002050799682340511
322,2016-01-09,0.0
323,2016-01-10,0.0
324,2016-01-11,-0.006996485031843539
325,2016-01-12,0.001307925865175361
326,2016-01-13,-0.007433377579137954
327,2016-01-14,-0.0019608773926078436
328,2016-01-15,0.00132616263261318
329,2016-01-16,0.0
330,2016-01-17,0.0
331,2016-01-18,-0.010662376688354736
332,2016-01-19,-0.0014687723810740052
333,2016-01-20,-0.004976179167026686
334,2016-01-21,0.0011352710736180006
335,2016-01-22,0.0019897787695009614
336,2016-01-23,0.0
337,2016-01-24,0.0
338,2016-01-25,0.0023358172971070026
339,2016-01-26,-0.0011970654384374187
340,2016-01-27,0.007003437277363548
341,2016-01-28,-0.006576651703257163
342,2016-01-29,0.007896973384634803
343,2016-01-30,0.0
344,2016-01-31,0.0
345,2016-02-01,-0.0081103434034472
346,2016-02-02,0.012687639944009316
347,2016-02-03,-0.0012976318828594009
348,2016-02-04,0.012177430823199775
349,2016-02-05,-0.0003202265613124319
350,2016-02-06,0.0
351,2016-02-07,0.0
352,2016-02-08,-0.004742699533265369
353,2016-02-09,-0.005253541150110156
354,2016-02-10,0.002066295155150507
355,2016-02-11,0.004174899035758077
356,2016-02-12,-0.00304598511195553
357,2016-02-13,0.0
358,2016-02-14,0.0
359,2016-02-15,0.0024648067358143465
360,2016-02-16,-0.004056985495661078
361,2016-02-17,-0.010800046011721054
362,2016-02-18,-0.0015581312996849528
363,2016-02-19,0.0036058239618664183
364,2016-02-20,0.0
365,2016-02-21,0.0
366,2016-02-22,-0.004704341004418396
367,2016-02-23,-0.008297359986248145
368,2016-02-24,-0.00956063631642022
369,2016-02-25,-0.006007253516645122
370,2016-02-26,0.0026498438218201955
371,2016-02-27,0.0
372,2016-02-28,0.0
373,2016-02-29,-0.007513217908854246
374,2016-03-01,0.004751375442387807
375,2016-03-02,0.002579961921383294
376,2016-03-03,0.00834381739463879
377,2016-03-04,0.006654212405641933
378,2016-03-05,0.0
379,2016-03-06,0.0
380,2016-03-07,0.0028242367572183075
381,2016-03-08,0.003246912301118961
382,2016-03-09,-0.003701463840383173
383,2016-03-10,-0.00011331823608699707
384,2016-03-11,0.00567053742803577
385,2016-03-12,0.0
386,2016-03-13,0.0
387,2016-03-14,0.006435821022314088
388,2016-03-15,-0.006836243851765385
389,2016-03-16,-0.008843755564806132
390,2016-03-17,0.006960599647272157
391,2016-03-18,0.015515442847560427
392,2016-03-19,0.0
393,2016-03-20,0.0
394,2016-03-21,-0.0006950855110630854
395,2016-03-22,-0.006791042150811573
396,2016-03-23,-0.010151498051608723
397,2016-03-24,-0.0076233871081240676
398,2016-03-25,0.0009317804334720266
399,2016-03-26,0.0
400,2016-03-27,0.0
401,2016-03-28,7.07685035163322e-05
402,2016-03-29,0.00931317786666713
403,2016-03-30,0.008594901306480846
404,2016-03-31,-0.0008629913231616838
405,2016-04-01,-0.0004885007577746575
406,2016-04-02,0.0
407,2016-04-03,0.0
408,2016-04-04,-0.009963868923186875
409,2016-04-05,0.002834732472488323
410,2016-04-06,-0.007645029251726699
411,2016-04-07,-0.0012878893545143085
412,2016-04-08,-0.005681664196647169
413,2016-04-09,0.0
414,2016-04-10,0.0
415,2016-04-11,0.005116363657858809
416,2016-04-12,0.0073318257343567925
417,2016-04-13,0.0024516678210046603
418,2016-04-14,-0.005407403275808395
419,2016-04-15,-0.003245101675768816
420,2016-04-16,0.0
421,2016-04-17,0.0
422,2016-04-18,0.0019964406864042034
423,2016-04-19,0.00811270835930908
424,2016-04-20,0.006954167802794138
425,2016-04-21,-0.0035191583107634073
426,2016-04-22,-0.0011178596317502564
427,2016-04-23,0.0
428,2016-04-24,0.0
429,2016-04-25,0.00860217667207711
430,2016-04-26,0.0030382912746651034
431,2016-04-27,0.005959166400699939
432,2016-04-28,-0.002416952390777075
433,2016-04-29,0.004752111698618416
434,2016-04-30,0.0
435,2016-05-01,0.0
436,2016-05-02,-0.0005846484095205854
437,2016-05-03,0.004317234823710511
438,2016-05-04,-0.007873555149926869
439,2016-05-05,-0.003022232659595203
440,2016-05-06,-0.000986213777959482
441,2016-05-07,0.0
442,2016-05-08,0.0
443,2016-05-09,-0.0042802482749968425
444,2016-05-10,-0.0010677280249497285
445,2016-05-11,0.0024969753444900647
446,2016-05-12,-0.0009096624215362502
447,2016-05-13,0.0004763952481041985
448,2016-05-14,0.0
449,2016-05-15,0.0
450,2016-05-16,-0.006665883324251004
451,2016-05-17,0.00678148573929343
452,2016-05-18,0.0005778117013657603
453,2016-05-19,0.009703550492172811
454,2016-05-20,0.00033564747740400484
455,2016-05-21,0.0
456,2016-05-22,0.0
457,2016-05-23,-0.007593254492346222
458,2016-05-24,-0.0006081631417625688
459,2016-05-25,0.008990088203767326
460,2016-05-26,0.005847662627693319
461,2016-05-27,-0.002275636189742177
462,2016-05-28,0.0
463,2016-05-29,0.0
464,2016-05-30,-0.0026219296980786195
465,2016-05-31,0.0005850675352579643
466,2016-06-01,-0.010481750665797335
467,2016-06-02,-0.0043644304063654524
468,2016-06-03,-0.0009651381899291699
469,2016-06-04,0.0
470,2016-06-05,0.0
471,2016-06-06,-0.0014970775055217372
472,2016-06-07,0.005219966947869244
473,2016-06-08,0.0058153229954057886
474,2016-06-09,-0.0017294083135689126
475,2016-06-10,-0.003767137786658949
476,2016-06-11,0.0
477,2016-06-12,0.0
478,2016-06-13,-0.019196719700886853
479,2016-06-14,0.0012635771050958586
480,2016-06-15,-0.005863670267617365
481,2016-06-16,0.005096839834404906
482,2016-06-17,0.007009114534005161
483,2016-06-18,0.0
484,2016-06-19,0.0
485,2016-06-20,0.02010060161609213
486,2016-06-21,0.006085935191982192
487,2016-06-22,-0.0003223683812482344
488,2016-06-23,0.008086347754494936
489,2016-06-24,-0.01577347179603145
490,2016-06-25,0.0
491,2016-06-26,0.0
492,2016-06-27,-0.07908527030541689
493,2016-06-28,-0.016184107883158327
494,2016-06-29,0.008720434409328267
495,2016-06-30,0.008567815902964777
496,2016-07-01,-0.01023575296203027
497,2016-07-02,0.0
498,2016-07-03,0.0
499,2016-07-04,-0.002914502170689798
500,2016-07-05,-0.0007572513194105169
501,2016-07-06,-0.02454296106637158
502,2016-07-07,-0.00247181665202406
503,2016-07-08,-0.0007878757328560076
504,2016-07-09,0.0
505,2016-07-10,0.0
506,2016-07-11,0.002353270703969972
507,2016-07-12,0.0026960047216180896
508,2016-07-13,0.022633640679555228
509,2016-07-14,-0.01201089823152438
510,2016-07-15,0.01799075249877614
511,2016-07-16,0.0
512,2016-07-17,0.0
513,2016-07-18,-0.009651219510871539
514,2016-07-19,0.0029677128520022244
515,2016-07-20,-0.012172728869652873
516,2016-07-21,0.011841072158441355
517,2016-07-22,-0.0013911408314004456
518,2016-07-23,0.0
519,2016-07-24,0.0
520,2016-07-25,-0.008823290035256177
521,2016-07-26,-0.0016655484284646062
522,2016-07-27,0.0034271699711352134
523,2016-07-28,0.006438649154681277
524,2016-07-29,-0.005754622368883625
525,2016-07-30,0.0
526,2016-07-31,0.0
527,2016-08-01,0.004128413363621513
528,2016-08-02,-0.0023369620522476916
529,2016-08-03,0.011484385698770366
530,2016-08-04,-0.0007335244225757778
531,2016-08-05,-0.01502680481497898
532,2016-08-06,0.0
533,2016-08-07,0.0
534,2016-08-08,-0.0033164287308190773
535,2016-08-09,-0.004087589330660255
536,2016-08-10,-0.0019393627074906538
537,2016-08-11,0.0010020256508612424
538,2016-08-12,-0.005026374353109181
539,2016-08-13,0.0
540,2016-08-14,0.0
541,2016-08-15,-0.003478866842762241
542,2016-08-16,-0.0020765331386750096
543,2016-08-17,0.011623461485837788
544,2016-08-18,0.0008344089870182249
545,2016-08-19,0.009305260310619614
546,2016-08-20,0.0
547,2016-08-21,0.0
548,2016-08-22,-0.008430951857005417
549,2016-08-23,0.0061947644708552595
550,2016-08-24,0.004476479037459294
551,2016-08-25,0.002907993957136001
552,2016-08-26,-0.003039859890596992
553,2016-08-27,0.0
554,2016-08-28,0.0
555,2016-08-29,-0.0050009829607445535
556,2016-08-30,-0.0015741486174463398
557,2016-08-31,-0.0013099938511218464
558,2016-09-01,0.0032778637989186953
559,2016-09-02,0.010695094716713139
560,2016-09-03,0.0
561,2016-09-04,0.0
562,2016-09-05,0.0014618399954187803
563,2016-09-06,0.0014634616442662158
564,2016-09-07,0.008020292232300386
565,2016-09-08,-0.006154799249318564
566,2016-09-09,-0.002132168966108195
567,2016-09-10,0.0
568,2016-09-11,0.0
569,2016-09-12,-0.002791215282819965
570,2016-09-13,0.004923384248928161
571,2016-09-14,-0.01087862770898579
572,2016-09-15,0.005292031500344928
573,2016-09-16,-0.0012590512461521616
574,2016-09-17,0.0
575,2016-09-18,0.0
576,2016-09-19,-0.017622342780264644
577,2016-09-20,0.0021756764976038063
578,2016-09-21,-0.004554762898765021
579,2016-09-22,0.003902940379988527
580,2016-09-23,0.0039183311117149235
581,2016-09-24,0.0
582,2016-09-25,0.0
583,2016-09-26,-0.008341224006719336
584,2016-09-27,-0.0006998591318214254
585,2016-09-28,0.0032992279134169576
586,2016-09-29,0.002084304107845854
587,2016-09-30,-0.005850891303342097
588,2016-10-01,0.0
589,2016-10-02,0.0
590,2016-10-03,-0.0024599327408444363
591,2016-10-04,-0.006444525450390597
592,2016-10-05,-0.009081059978576084
593,2016-10-06,0.0017836219935463697
594,2016-10-07,-0.02804683344056449
595,2016-10-08,0.0
596,2016-10-09,0.0
597,2016-10-10,0.0026082017277948575
598,2016-10-11,-0.007556594103499479
599,2016-10-12,-0.005047108429577059
600,2016-10-13,-0.007462431433879251
601,2016-10-14,0.0028070895348467446
602,2016-10-15,0.0
603,2016-10-16,0.0
604,2016-10-17,-0.00317227872126307
605,2016-10-18,0.0029276069790967964
606,2016-10-19,0.006989208678267099
607,2016-10-20,-0.001229558343421188
608,2016-10-21,-0.002700244532187029
609,2016-10-22,0.0
610,2016-10-23,0.0
611,2016-10-24,-0.0030471298741586795
612,2016-10-25,-0.00013422500222720702
613,2016-10-26,-0.003414876834958407
614,2016-10-27,0.004882188924065601
615,2016-10-28,-0.005247734192291789
616,2016-10-29,0.0
617,2016-10-30,0.0
618,2016-10-31,0.0036584581560673442
619,2016-11-01,0.0017118635148026195
620,2016-11-02,0.00013401178179707604
621,2016-11-03,0.0053872464025115615
622,2016-11-04,0.013253877692670574
623,2016-11-05,0.0
624,2016-11-06,0.0
625,2016-11-07,0.0016219316879265222
626,2016-11-08,-0.007217068386712585
627,2016-11-09,-0.0008681704741240812
628,2016-11-10,0.002605473933479531
629,2016-11-11,0.010613465358405575
630,2016-11-12,0.0
631,2016-11-13,0.0
632,2016-11-14,0.0016332888844568958
633,2016-11-15,-0.004265530560309476
634,2016-11-16,-0.005120773498798599
635,2016-11-17,-0.0011205337965111716
636,2016-11-18,-0.002608996638554661
637,2016-11-19,0.0
638,2016-11-20,0.0
639,2016-11-21,-0.00692560221509513
640,2016-11-22,0.013649104862755987
641,2016-11-23,-0.005606482390120151
642,2016-11-24,0.0007458642896972528
643,2016-11-25,0.0015800051506840785
644,2016-11-26,0.0
645,2016-11-27,0.0
646,2016-11-28,0.002282015467673611
647,2016-11-29,-0.005600819691494158
648,2016-11-30,0.006474546946381716
649,2016-12-01,0.0020008483487868644
650,2016-12-02,0.005774521948905771
651,2016-12-03,0.0
652,2016-12-04,0.0
653,2016-12-05,0.006188268410344935
654,2016-12-06,0.0047747147077037205
655,2016-12-07,-0.004521349427415567
656,2016-12-08,-0.003415168867932367
657,2016-12-09,-0.003403828564112604
658,2016-12-10,0.0
659,2016-12-11,0.0
660,2016-12-12,0.0010070454315330715
661,2016-12-13,0.006192274047914668
662,2016-12-14,-0.001013460802512366
663,2016-12-15,-0.009904339795135685
664,2016-12-16,-0.00916113760102278
665,2016-12-17,0.0
666,2016-12-18,0.0
667,2016-12-19,0.0052318249211280345
668,2016-12-20,-0.007960937751733102
669,2016-12-21,-0.0019809697715205605
670,2016-12-22,-0.00086487453991148
671,2016-12-23,-0.005667259760790623
672,2016-12-24,0.0
673,2016-12-25,0.0
674,2016-12-26,0.00036867409993757285
675,2016-12-27,-0.0011056157117368146
676,2016-12-28,0.0
677,2016-12-29,-0.0041647509883944575
678,2016-12-30,0.005147490435154792
679,2016-12-31,0.0
680,2017-01-01,0.0
681,2017-01-02,0.004951899670654257
682,2017-01-03,-0.0054435557720060234
683,2017-01-04,-0.002967272911873844
684,2017-01-05,0.006609876334881731
685,2017-01-06,0.007970223500442577
686,2017-01-07,0.0
687,2017-01-08,0.0
688,2017-01-09,-0.013330635754818321
689,2017-01-10,-0.007158802073428347
690,2017-01-11,7.310725124507116e-05
691,2017-01-12,0.003292493840053182
692,2017-01-13,-0.004022984973733565
693,2017-01-14,0.0
694,2017-01-15,0.0
695,2017-01-16,-0.01041951520762613
696,2017-01-17,7.14298766559821e-05
697,2017-01-18,0.02847960944793454
698,2017-01-19,-0.010413214968535468
699,2017-01-20,0.006395642922306669
700,2017-01-21,0.0
701,2017-01-22,0.0
702,2017-01-23,0.003931194684470474
703,2017-01-24,0.010459383712973247
704,2017-01-25,0.0012654555911096447
705,2017-01-26,0.008027971596846097
706,2017-01-27,-0.0030654627011506568
707,2017-01-28,0.0
708,2017-01-29,0.0
709,2017-01-30,-0.00027712346027422585
710,2017-01-31,-0.007326694106457649
711,2017-02-01,0.007150375028832451
712,2017-02-02,0.005681345186512189
713,2017-02-03,-0.011230602688384411
714,2017-02-04,0.0
715,2017-02-05,0.0
716,2017-02-06,-0.002862713003975646
717,2017-02-07,-0.0012728134257649333
718,2017-02-08,0.0022343638937782065
719,2017-02-09,0.002539934582342188
720,2017-02-10,-0.0023903008845543154
721,2017-02-11,0.0
722,2017-02-12,0.0
723,2017-02-13,-0.0010863531667805594
724,2017-02-14,0.0030758722820193977
725,2017-02-15,-0.00421151974910636
726,2017-02-16,-4.971904729702619e-05
727,2017-02-17,0.0015601596017564912
728,2017-02-18,0.0
729,2017-02-19,0.0
730,2017-02-20,-0.004436842560656732
731,2017-02-21,0.0031637362942578515
732,2017-02-22,0.0010977398081075853
733,2017-02-23,-0.002667918141717372
734,2017-02-24,0.008190382755301257
735,2017-02-25,0.0
736,2017-02-26,0.0
737,2017-02-27,-0.01255278296246985
738,2017-02-28,0.0032046509318002098
739,2017-03-01,-0.004938472666314604
740,2017-03-02,-0.008590624621780195
741,2017-03-03,0.00020857980045451376
742,2017-03-04,0.0
743,2017-03-05,0.0
744,2017-03-06,0.0020638968737265845
745,2017-03-07,-0.004662841302618028
746,2017-03-08,-0.00314144093684227
747,2017-03-09,-0.0022311733574855892
748,2017-03-10,-0.0016421053207067704
749,2017-03-11,0.0
750,2017-03-12,0.0
751,2017-03-13,0.0011550150511153703
752,2017-03-14,0.0028403422909504964
753,2017-03-15,-0.003983841712477595
754,2017-03-16,0.010375794958363889
755,2017-03-17,0.005432027330198224
756,2017-03-18,0.0
757,2017-03-19,0.0
758,2017-03-20,0.0026957027411114018
759,2017-03-21,-0.0014108204004962361
760,2017-03-22,0.009256735652810148
761,2017-03-23,-0.0005617637766832097
762,2017-03-24,0.0034992671889294063
763,2017-03-25,0.0
764,2017-03-26,0.0
765,2017-03-27,-0.0003379494490153394
766,2017-03-28,0.0034595748449767014
767,2017-03-29,-0.010928335476875549
768,2017-03-30,0.0015292497068595148
769,2017-03-31,0.003052302811455543
770,2017-04-01,0.0
771,2017-04-02,0.0
772,2017-04-03,0.004979380156994929
773,2017-04-04,-0.003880490389512342
774,2017-04-05,-0.0041881694466960944
775,2017-04-06,0.0039383822048818405
776,2017-04-07,-0.0016347637681272185
777,2017-04-08,0.0
778,2017-04-09,0.0
779,2017-04-10,-0.007527052295319209
780,2017-04-11,0.004054742896550153
781,2017-04-12,0.005369668329128721
782,2017-04-13,0.00459544363932803
783,2017-04-14,-0.003357851896989389
784,2017-04-15,0.0
785,2017-04-16,0.0
786,2017-04-17,0.002178660538828042
787,2017-04-18,0.0018068882649004637
788,2017-04-19,0.022580777895500965
789,2017-04-20,-0.004856626950620816
790,2017-04-21,0.0015353168824589767
791,2017-04-22,0.0
792,2017-04-23,0.0
793,2017-04-24,0.001896346162058755
794,2017-04-25,-0.003879255949035305
795,2017-04-26,0.004353950047228244
796,2017-04-27,0.001245292833911517
797,2017-04-28,0.0035141146406221448
798,2017-04-29,0.0
799,2017-04-30,0.0
800,2017-05-01,0.002943641993177435
801,2017-05-02,-0.0026474143951617135
802,2017-05-03,0.003423506470592697
803,2017-05-04,-0.005420474816806563
804,2017-05-05,0.004127684800926189
805,2017-05-06,0.0
806,2017-05-07,0.0
807,2017-05-08,0.00314555305338118
808,2017-05-09,-0.0017229578301207907
809,2017-05-10,0.0004008989768976181
810,2017-05-11,-0.0013841292610639318
811,2017-05-12,-0.0030214369804797566
812,2017-05-13,0.0
813,2017-05-14,0.0
814,2017-05-15,-0.0003863732863959957
815,2017-05-16,0.0012764807473225523
816,2017-05-17,0.0010712647640773632
817,2017-05-18,0.0041163481084964875
818,2017-05-19,-0.0009078789002590989
819,2017-05-20,0.0
820,2017-05-21,0.0
821,2017-05-22,0.004142383897842693
822,2017-05-23,-0.0013003958003558647
823,2017-05-24,-0.0029839910180464485
824,2017-05-25,0.0018282887002381927
825,2017-05-26,-0.003628224450316785
826,2017-05-27,0.0
827,2017-05-28,0.0
828,2017-05-29,-0.009242894143186835
829,2017-05-30,-1.248615792358611e-05
830,2017-05-31,-0.00039729729092061633
831,2017-06-01,0.005175117158338864
832,2017-06-02,0.0009920920680167695
833,2017-06-03,0.0
834,2017-06-04,0.0
835,2017-06-05,-0.0014170208677643772
836,2017-06-06,0.002900216949813931
837,2017-06-07,-5.1909595190405446e-05
838,2017-06-08,0.004281608871449075
839,2017-06-09,-0.018620693611249066
840,2017-06-10,0.0
841,2017-06-11,0.0
842,2017-06-12,0.0012732626419974702
843,2017-06-13,-0.005462653534655288
844,2017-06-14,0.006354777598276341
845,2017-06-15,0.000305822390150677
846,2017-06-16,0.00030651269151565344
847,2017-06-17,0.0
848,2017-06-18,0.0
849,2017-06-19,0.0016594940512331294
850,2017-06-20,-0.0036986674296361657
851,2017-06-21,-0.007876294667432867
852,2017-06-22,0.0034170776328640135
853,2017-06-23,0.00019010919503424902
854,2017-06-24,0.0
855,2017-06-25,0.0
856,2017-06-26,0.005135028727437957
857,2017-06-27,-0.0014771486419019012
858,2017-06-28,0.00692081681495711
859,2017-06-29,0.009979725163924518
860,2017-06-30,0.005372104016320089
861,2017-07-01,0.0
862,2017-07-02,0.0
863,2017-07-03,0.0004034177606934648
864,2017-07-04,-0.0052193254655518925
865,2017-07-05,-0.0010609031188290518
866,2017-07-06,-0.00024587597304791454
867,2017-07-07,0.0032248267592406743
868,2017-07-08,0.0
869,2017-07-09,0.0
870,2017-07-10,-0.006362341187782368
871,2017-07-11,0.0
872,2017-07-12,-0.002458950150947396
873,2017-07-13,0.002652085770370881
874,2017-07-14,0.004134536807814391
875,2017-07-15,0.0
876,2017-07-16,0.0
877,2017-07-17,0.012598757430535582
878,2017-07-18,-0.0044472647525496
879,2017-07-19,-0.0011091612713012042
880,2017-07-20,-0.00045643938951423407
881,2017-07-21,-0.005173452592492385
882,2017-07-22,0.0
883,2017-07-23,0.0
884,2017-07-24,0.0030257768401608554
885,2017-07-25,0.0020172262230693594
886,2017-07-26,-0.0002601825206562764
887,2017-07-27,0.0066658319519355795
888,2017-07-28,-0.0029070598138995914
889,2017-07-29,0.0
890,2017-07-30,0.0
891,2017-07-31,0.005204881018412344
892,2017-08-01,0.0038329118098047892
893,2017-08-02,0.000950637017282437
894,2017-08-03,0.0015463565737953784
895,2017-08-04,-0.006395332054964008
896,2017-08-05,0.0
897,2017-08-06,0.0
898,2017-08-07,-0.007411723261387539
899,2017-08-08,-0.0007046246746847882
900,2017-08-09,-0.003968652587218342
901,2017-08-10,0.002145366460004628
902,2017-08-11,-0.0028725579845257695
903,2017-08-12,0.0
904,2017-08-13,0.0
905,2017-08-14,0.0022476538039655834
906,2017-08-15,-0.0031427326649664145
907,2017-08-16,-0.007594448890236114
908,2017-08-17,0.0019061593333973763
909,2017-08-18,-0.002060052839395
910,2017-08-19,0.0
911,2017-08-20,0.0
912,2017-08-21,0.0006690312234883712
913,2017-08-22,0.0019067291878028443
914,2017-08-23,-0.005774016710420903
915,2017-08-24,-0.001576417131064596
916,2017-08-25,1.249624136487325e-05
917,2017-08-26,0.0
918,2017-08-27,0.0
919,2017-08-28,0.007879725630092146
920,2017-08-29,0.0016924551989555372
921,2017-08-30,-3.867924309839229e-05
922,2017-08-31,-0.000465815568674383
923,2017-09-01,0.0016294060682157474
924,2017-09-02,0.0
925,2017-09-03,0.0
926,2017-09-04,0.001813427499572747
927,2017-09-05,-0.0031712104088125613
928,2017-09-06,0.009022879377319866
929,2017-09-07,0.0006523339951299213
930,2017-09-08,0.004211134628993098
931,2017-09-09,0.0
932,2017-09-10,0.0
933,2017-09-11,0.007061728921569021
934,2017-09-12,-0.002122323336553781
935,2017-09-13,0.009035209954137344
936,2017-09-14,-0.006278884303485251
937,2017-09-15,0.014512504418983994
938,2017-09-16,0.0
939,2017-09-17,0.0
940,2017-09-18,0.013054867599240717
941,2017-09-19,-0.0043208761230996515
942,2017-09-20,-9.4702714931237e-05
943,2017-09-21,-0.0019040945254000811
944,2017-09-22,0.006659206806501637
945,2017-09-23,0.0
946,2017-09-24,0.0
947,2017-09-25,-0.005349428548111614
948,2017-09-26,-0.002185649040017724
949,2017-09-27,-0.0022082828087564175
950,2017-09-28,-0.0036644744937981504
951,2017-09-29,0.002334033012200789
952,2017-09-30,0.0
953,2017-10-01,0.0
954,2017-10-02,-0.0026960685516224255
955,2017-10-03,-0.008880554866629815
956,2017-10-04,-0.002598353224407949
957,2017-10-05,-0.0006360972551806349
958,2017-10-06,-0.009115109541551232
959,2017-10-07,0.0
960,2017-10-08,0.0
961,2017-10-09,-0.0021872967673780357
962,2017-10-10,0.0045767787044729
963,2017-10-11,0.005086682832744399
964,2017-10-12,0.0021685503790226613
965,2017-10-13,0.0018555604017557877
966,2017-10-14,0.0
967,2017-10-15,0.0
968,2017-10-16,0.0018453511063840564
969,2017-10-17,-0.0027074302032962065
970,2017-10-18,-0.004390542371604127
971,2017-10-19,0.0013738325721825277
972,2017-10-20,-0.0047322840407542505
973,2017-10-21,0.0
974,2017-10-22,0.0
975,2017-10-23,0.0029764118727984277
976,2017-10-24,0.001266840546782425
977,2017-10-25,-0.005662442000086353
978,2017-10-26,0.010719843132961978
979,2017-10-27,-0.010851591274875581
980,2017-10-28,0.0
981,2017-10-29,0.0
982,2017-10-30,0.00028936617587477134
983,2017-10-31,0.0059537428022511645
984,2017-11-01,0.006017064187294087
985,2017-11-02,-0.0027746394969909863
986,2017-11-03,-0.015363286802653059
987,2017-11-04,0.0
988,2017-11-05,0.0
989,2017-11-06,0.0020770092422097985
990,2017-11-07,0.0072076638897525715
991,2017-11-08,-0.00022393296982777585
992,2017-11-09,-0.004495323174260607
993,2017-11-10,0.0023894200555907
994,2017-11-11,0.0
995,2017-11-12,0.0
996,2017-11-13,-0.0018382120154968645
997,2017-11-14,0.00023624789677777325
998,2017-11-15,0.0026277304062053085
999,2017-11-16,0.0
1000,2017-11-17,0.003229341224593037
1001,2017-11-18,0.0
1002,2017-11-19,0.0
1003,2017-11-20,0.00017119163051079677
1004,2017-11-21,0.003200276176285255
1005,2017-11-22,4.001420882440579e-05
1006,2017-11-23,0.005365495934920348
1007,2017-11-24,-0.0007587270877215814
1008,2017-11-25,0.0
1009,2017-11-26,0.0
1010,2017-11-27,0.0013315226195122346
1011,2017-11-28,-0.0001598692828089195
1012,2017-11-29,0.003229202142279768
1013,2017-11-30,0.003870420940555497
1014,2017-12-01,0.008366777682646076
1015,2017-12-02,0.0
1016,2017-12-03,0.0
1017,2017-12-04,-0.002662082680104716
1018,2017-12-05,-0.0013889885051615596
1019,2017-12-06,-0.004463288720698133
1020,2017-12-07,-0.0017159368448485543
1021,2017-12-08,0.006853567190002616
1022,2017-12-09,0.0
1023,2017-12-10,0.0
1024,2017-12-11,-0.006867007879599841
1025,2017-12-12,-0.0031957929226008397
1026,2017-12-13,-0.002240069211166347
1027,2017-12-14,0.00674920890874188
1028,2017-12-15,0.0017315763604730944
1029,2017-12-16,0.0
1030,2017-12-17,0.0
1031,2017-12-18,-0.008640714210049154
1032,2017-12-19,0.004752399935046779
1033,2017-12-20,0.00045502653798985024
1034,2017-12-21,-0.0011106586240513087
1035,2017-12-22,0.0006287274830559421
1036,2017-12-23,0.0
1037,2017-12-24,0.0
1038,2017-12-25,-0.001150101003631492
1039,2017-12-26,0.0008294320960128232
1040,2017-12-27,-0.00010691249073294779
1041,2017-12-28,0.0021823372357161835
1042,2017-12-29,0.0027513736033581955
1043,2017-12-30,0.0
1044,2017-12-31,0.0
1045,2018-01-01,0.00558002674259698
1046,2018-01-02,-0.00035149528303728784
1047,2018-01-03,0.0062617538320147515
1048,2018-01-04,-0.006261753832014659
1049,2018-01-05,0.0030719561140738296
1050,2018-01-06,0.0
1051,2018-01-07,0.0
1052,2018-01-08,0.0016956166484920752
1053,2018-01-09,-0.00033963024833256767
1054,2018-01-10,-0.0028726799157012396
1055,2018-01-11,-0.0014472108964274902
1056,2018-01-12,0.0021512013991004473
1057,2018-01-13,0.0
1058,2018-01-14,0.0
1059,2018-01-15,0.014018958872828764
1060,2018-01-16,0.0047349832211541105
1061,2018-01-17,4.130876308007713e-05
1062,2018-01-18,0.002113888668577129
1063,2018-01-19,0.004809787832921499
1064,2018-01-20,0.0
1065,2018-01-21,0.0
1066,2018-01-22,-0.00022241200511883535
1067,2018-01-23,0.006690264701718104
1068,2018-01-24,0.0023241024923692055
1069,2018-01-25,0.014415428450277702
1070,2018-01-26,-0.004979711522376889
1071,2018-01-27,0.0
1072,2018-01-28,0.0
1073,2018-01-29,-7.067252686200044e-05
1074,2018-01-30,-0.005150609154231418
1075,2018-01-31,0.005617661978198603
1076,2018-02-01,0.0031477939788352757
1077,2018-02-02,0.00465447649909027
1078,2018-02-03,0.0
1079,2018-02-04,0.0
1080,2018-02-05,-0.010953626491054577
1081,2018-02-06,-0.011951653276952414
1082,2018-02-07,0.0010744608033025217
1083,2018-02-08,-0.005706617953007257
1084,2018-02-09,0.0040051538033196105
1085,2018-02-10,0.0
1086,2018-02-11,0.0
1087,2018-02-12,-0.007745772341743363
1088,2018-02-13,0.0017991490328416382
1089,2018-02-14,0.002496820790338259
1090,2018-02-15,0.009235707844718465
1091,2018-02-16,0.0062845201750561476
1092,2018-02-17,0.0
1093,2018-02-18,0.0
1094,2018-02-19,-0.005162845460743972
1095,2018-02-20,-0.0027740318050857612
1096,2018-02-21,0.0006015626520993347
1097,2018-02-22,-0.006517113141049502
1098,2018-02-23,0.003078618396654662
1099,2018-02-24,0.0
1100,2018-02-25,0.0
1101,2018-02-26,0.0010751737985659397
1102,2018-02-27,-0.00011168976604021887
1103,2018-02-28,-0.004334018442846472
1104,2018-03-01,-0.010981195506015194
1105,2018-03-02,0.0015416114560568804
1106,2018-03-03,0.0
1107,2018-03-04,0.0
1108,2018-03-05,0.0014203620465811867
1109,2018-03-06,0.004146516961710272
1110,2018-03-07,0.003441865404805207
1111,2018-03-08,0.00044450263189814237
1112,2018-03-09,-0.007260440223136998
1113,2018-03-10,0.0
1114,2018-03-11,0.0
1115,2018-03-12,0.0035956709974917875
1116,2018-03-13,0.0037625620559266883
1117,2018-03-14,0.004641334933564357
1118,2018-03-15,-5.582617733852729e-05
1119,2018-03-16,-0.0023582795568473734
1120,2018-03-17,0.0
1121,2018-03-18,0.0
1122,2018-03-19,0.00034861026084940134
1123,2018-03-20,0.005845826703598167
1124,2018-03-21,-0.0014577204850166293
1125,2018-03-22,0.01004942902244202
1126,2018-03-23,-0.0022327606433443594
1127,2018-03-24,0.0
1128,2018-03-25,0.0
1129,2018-03-26,0.0023317217637215224
1130,2018-03-27,0.006429816491570091
1131,2018-03-28,-0.00440467953701223
1132,2018-03-29,-0.006795585008576947
1133,2018-03-30,-0.003625796046944134
1134,2018-03-31,0.0
1135,2018-04-01,0.0
1136,2018-04-02,0.0006313324958998855
1137,2018-04-03,0.0006038819537362503
1138,2018-04-04,0.0015600011273131072
1139,2018-04-05,0.0013801320738688054
1140,2018-04-06,-0.005647629225209832
1141,2018-04-07,0.0
1142,2018-04-08,0.0
1143,2018-04-09,0.0059010028394424555
1144,2018-04-10,0.003302881650501544
1145,2018-04-11,0.0031009419120076264
1146,2018-04-12,0.0004828838906134093
1147,2018-04-13,0.003453743959339683
1148,2018-04-14,0.0
1149,2018-04-15,0.0
1150,2018-04-16,0.0006122529413694082
1151,2018-04-17,0.006661351231020228
1152,2018-04-18,-0.003178929021241565
1153,2018-04-19,-0.006469998233798319
1154,2018-04-20,-0.008331369682695912
1155,2018-04-21,0.0
1156,2018-04-22,0.0
1157,2018-04-23,-0.0060388596150051065
1158,2018-04-24,-0.004540462984099576
1159,2018-04-25,0.0039803733551195325
1160,2018-04-26,-0.0039107831089177795
1161,2018-04-27,-0.0014207438859289356
1162,2018-04-28,0.0
1163,2018-04-29,0.0
1164,2018-04-30,-0.010715690914197181
1165,2018-05-01,8.277881215665637e-05
1166,2018-05-02,-0.011897206746805377
1167,2018-05-03,-0.0026097025500568917
1168,2018-05-04,-0.00010830225179795259
1169,2018-05-05,0.0
1170,2018-05-06,0.0
1171,2018-05-07,-0.002981809202063469
1172,2018-05-08,0.0028322296639704332
1173,2018-05-09,-0.0012476129594464242
1174,2018-05-10,-0.0006502308327056264
1175,2018-05-11,-0.0015701194410369023
1176,2018-05-12,0.0
1177,2018-05-13,0.0
1178,2018-05-14,0.0022476492435767517
1179,2018-05-15,0.0006372560443355956
1180,2018-05-16,-0.0046004445084776024
1181,2018-05-17,0.0035565780507154365
1182,2018-05-18,-0.0024357415554983816
1183,2018-05-19,0.0
1184,2018-05-20,0.0
1185,2018-05-21,-0.002834129835878215
1186,2018-05-22,-0.0033639434567130796
1187,2018-05-23,0.0006854497015467364
1188,2018-05-24,-0.0052013461860840856
1189,2018-05-25,0.0009097437011734702
1190,2018-05-26,0.0
1191,2018-05-27,0.0
1192,2018-05-28,-0.0055791097229272255
1193,2018-05-29,0.0004927773662513077
1194,2018-05-30,-0.004649719943767893
1195,2018-05-31,0.0022421221442100792
1196,2018-06-01,0.0004387920869563227
1197,2018-06-02,0.0
1198,2018-06-03,0.0
1199,2018-06-04,0.005035687840039843
1200,2018-06-05,-0.003000045364941059
1201,2018-06-06,0.006706720420666201
1202,2018-06-07,0.0011540338037944761
1203,2018-06-08,-0.0001743615502922983
1204,2018-06-09,0.0
1205,2018-06-10,0.0
1206,2018-06-11,-0.00040248887736151205
1207,2018-06-12,-0.0029468253010485573
1208,2018-06-13,-0.00013384723713294867
1209,2018-06-14,0.000762465221432574
1210,2018-06-15,-0.009470261150695875
1211,2018-06-16,0.0
1212,2018-06-17,0.0
1213,2018-06-18,0.0013930497524100112
1214,2018-06-19,-0.0012338966577342518
1215,2018-06-20,-0.006462631333285046
1216,2018-06-21,0.0001449795152558384
1217,2018-06-22,0.0054959686947349705
1218,2018-06-23,0.0
1219,2018-06-24,0.0
1220,2018-06-25,0.0010999516013815577
1221,2018-06-26,0.0012079484922060517
1222,2018-06-27,-0.0043329203557403075
1223,2018-06-28,-0.007638942644015608
1224,2018-06-29,-0.0034578400184771528
1225,2018-06-30,0.0
1226,2018-07-01,0.0
1227,2018-07-02,0.010092575426892276
1228,2018-07-03,-0.004835347232534831
1229,2018-07-04,0.003818762113177819
1230,2018-07-05,0.002642335419847406
1231,2018-07-06,-0.00026460006610631365
1232,2018-07-07,0.0
1233,2018-07-08,0.0
1234,2018-07-09,0.005437429014409976
1235,2018-07-10,-0.0031860305694125946
1236,2018-07-11,0.00013201125962044406
1237,2018-07-12,-0.0035727061778017223
1238,2018-07-13,-0.002243234106580232
1239,2018-07-14,0.0
1240,2018-07-15,0.0
1241,2018-07-16,0.0035784472751990174
1242,2018-07-17,0.0006612724709900697
1243,2018-07-18,-0.009891283486616692
1244,2018-07-19,-0.0021340975500733985
1245,2018-07-20,-0.004228154671898903
1246,2018-07-21,0.0
1247,2018-07-22,0.0
1248,2018-07-23,0.0094864298677381
1249,2018-07-24,-0.00338592089544785
1250,2018-07-25,0.003766918909513325
1251,2018-07-26,0.0035974865527412213
1252,2018-07-27,-0.006905827587352831
1253,2018-07-28,0.0
1254,2018-07-29,0.0
1255,2018-07-30,0.00023569281783760172
1256,2018-07-31,0.0017982834291923485
1257,2018-08-01,-0.0010503838598808688
1258,2018-08-02,0.00034136246624481825
1259,2018-08-03,-0.008261905056790862
1260,2018-08-04,0.0
1261,2018-08-05,0.0
1262,2018-08-06,-0.0011190669871791118
1263,2018-08-07,-0.004515097922130346
1264,2018-08-08,0.0001297716175847258
1265,2018-08-09,-0.005036350657288049
1266,2018-08-10,-0.004139246509798806
1267,2018-08-11,0.0
1268,2018-08-12,0.0
1269,2018-08-13,-0.0054370941914794095
1270,2018-08-14,0.000305623474261571
1271,2018-08-15,-0.0035289712588212167
1272,2018-08-16,-0.0018802375629625129
1273,2018-08-17,0.0016262303621046481
1274,2018-08-18,0.0
1275,2018-08-19,0.0
1276,2018-08-20,0.002559139239018593
1277,2018-08-21,0.004470995338917914
1278,2018-08-22,0.00788029820662748
1279,2018-08-23,-6.431543390540086e-05
1280,2018-08-24,-0.007316273998837437
1281,2018-08-25,0.0
1282,2018-08-26,0.0
1283,2018-08-27,0.003914841529173478
1284,2018-08-28,0.0027820878931412462
1285,2018-08-29,-0.002255047933179195
1286,2018-08-30,0.012990640007080025
1287,2018-08-31,-0.0019142362244010873
1288,2018-09-01,0.0
1289,2018-09-02,0.0
1290,2018-09-03,-0.006781835874182487
1291,2018-09-04,-0.004191213594663525
1292,2018-09-05,-0.0008232452573495277
1293,2018-09-06,0.004381281908222542
1294,2018-09-07,0.0008142320778942695
1295,2018-09-08,0.0
1296,2018-09-09,0.0
1297,2018-09-10,0.0003743861155765398
1298,2018-09-11,0.007410843003662888
1299,2018-09-12,-0.0008332690623954676
1300,2018-09-13,0.0022930791014437453
1301,2018-09-14,0.005035035986230463
1302,2018-09-15,0.0
1303,2018-09-16,0.0
1304,2018-09-17,-0.0029062938045252987
1305,2018-09-18,0.00557218817947067
1306,2018-09-19,0.0016834656150287821
1307,2018-09-20,-0.0020783311509472917
1308,2018-09-21,0.009825162266847607
1309,2018-09-22,0.0
1310,2018-09-23,0.0
1311,2018-09-24,-0.01445342300478961
1312,2018-09-25,0.002816272101206194
1313,2018-09-26,0.004760202545002073
1314,2018-09-27,-0.0005403616911839344
1315,2018-09-28,-0.007166851048200461
1316,2018-09-29,0.0
1317,2018-09-30,0.0
1318,2018-10-01,-0.003042380072488811
1319,2018-10-02,0.0003519589156891654
1320,2018-10-03,-0.004736123939833536
1321,2018-10-04,-0.003188727285369065
1322,2018-10-05,0.006439494677591848
1323,2018-10-06,0.0
1324,2018-10-07,0.0
1325,2018-10-08,0.00787113577676847
1326,2018-10-09,-0.0025957031797857943
1327,2018-10-10,0.004869315129756066
1328,2018-10-11,0.003770331612443475
1329,2018-10-12,0.002074817439216912
1330,2018-10-13,0.0
1331,2018-10-14,0.0
1332,2018-10-15,-0.009889180371708797
1333,2018-10-16,0.0038730054571004878
1334,2018-10-17,0.0024629881101859235
1335,2018-10-18,-0.00629707470281175
1336,2018-10-19,-0.0061396352711647695
1337,2018-10-20,0.0
1338,2018-10-21,0.0
1339,2018-10-22,0.0031560458445167444
1340,2018-10-23,-0.0076400528974010515
1341,2018-10-24,0.0011808579086034186
1342,2018-10-25,-0.0071915001888576595
1343,2018-10-26,-0.004950058488037364
1344,2018-10-27,0.0
1345,2018-10-28,0.0
1346,2018-10-29,0.0005004743697106066
1347,2018-10-30,-0.002229895398028256
1348,2018-10-31,-0.007334804530631071
1349,2018-11-01,0.004752280873645099
1350,2018-11-02,0.01818142308097211
1351,2018-11-03,0.0
1352,2018-11-04,0.0
1353,2018-11-05,0.00014302565412490056
1354,2018-11-06,0.004027068410465136
1355,2018-11-07,0.004161165534911202
1356,2018-11-08,0.001220225714025071
1357,2018-11-09,-0.004715358437128724
1358,2018-11-10,0.0
1359,2018-11-11,0.0
1360,2018-11-12,-0.009868867978871555
1361,2018-11-13,-0.006242756658261445
1362,2018-11-14,0.012069569858542298
1363,2018-11-15,-0.00214536646000464
1364,2018-11-16,-0.017060392418719515
1365,2018-11-17,0.0
1366,2018-11-18,0.0
1367,2018-11-19,0.005209451899313848
1368,2018-11-20,0.002068273993792676
1369,2018-11-21,-0.005501213727907246
1370,2018-11-22,-0.0009332536612118751
1371,2018-11-23,0.007695749050964373
1372,2018-11-24,0.0
1373,2018-11-25,0.0
1374,2018-11-26,-0.0049579131372441635
1375,2018-11-27,0.0
1376,2018-11-28,-0.0053670457779831935
1377,2018-11-29,0.006289951255827694
1378,2018-11-30,-0.003098963843822815
1379,2018-12-01,0.0
1380,2018-12-02,0.0
1381,2018-12-03,-0.002425413115478377
1382,2018-12-04,-0.0021664602874768347
1383,2018-12-05,-0.00041970541069340445
1384,2018-12-06,0.0005603537684233877
1385,2018-12-07,0.003991185495617881
1386,2018-12-08,0.0
1387,2018-12-09,0.0
1388,2018-12-10,-0.0045130196286523845
1389,2018-12-11,-0.012640647194857602
1390,2018-12-12,-0.0054497961795441745
1391,2018-12-13,0.010802748036294243
1392,2018-12-14,0.0020851402604911526
1393,2018-12-15,0.0
1394,2018-12-16,0.0
1395,2018-12-17,-0.005502260262472332
1396,2018-12-18,0.0023943192214953483
1397,2018-12-19,0.0031079410409769748
1398,2018-12-20,-0.0021484902390525983
1399,2018-12-21,0.0033141461708875125
1400,2018-12-22,0.0
1401,2018-12-23,0.0
1402,2018-12-24,-0.0016462131345026515
1403,2018-12-25,0.004881755514516688
1404,2018-12-26,-0.0017393985941864434
1405,2018-12-27,-0.003155006281616667
1406,2018-12-28,-0.00020241154447449606
1407,2018-12-29,0.0
1408,2018-12-30,0.0
1409,2018-12-31,0.0037379975489376317
1410,2019-01-01,0.003496438315287456
1411,2019-01-02,0.001274893444498676
1412,2019-01-03,-0.018387775652110264
1413,2019-01-04,0.008500801865532984
1414,2019-01-05,0.0
1415,2019-01-06,0.0
1416,2019-01-07,0.00837025566379114
1417,2019-01-08,0.004006893792262162
1418,2019-01-09,-0.003777629994994904
1419,2019-01-10,0.004839158069612075
1420,2019-01-11,-0.0035775777260414164
1421,2019-01-12,0.0
1422,2019-01-13,0.0
1423,2019-01-14,0.007489548284654154
1424,2019-01-15,0.0019545332486928507
1425,2019-01-16,-0.0002182765868188821
1426,2019-01-17,0.0010559851652565651
1427,2019-01-18,0.007592688124767948
1428,2019-01-19,0.0
1429,2019-01-20,0.0
1430,2019-01-21,-0.010102476055950263
1431,2019-01-22,0.002973758096448298
1432,2019-01-23,0.005104949367592675
1433,2019-01-24,0.009556948748184997
1434,2019-01-25,0.003013305694077498
1435,2019-01-26,0.0
1436,2019-01-27,0.0
1437,2019-01-28,0.006595514774865808
1438,2019-01-29,-0.003664966470455661
1439,2019-01-30,-0.0060753394015039515
1440,2019-01-31,0.002803312062722402
1441,2019-02-01,-0.0005902409101536553
1442,2019-02-02,0.0
1443,2019-02-03,0.0
1444,2019-02-04,-0.0024478002842579696
1445,2019-02-05,-0.0035513539120229295
1446,2019-02-06,-0.005677968051548491
1447,2019-02-07,-0.0017604122009599078
1448,2019-02-08,0.0011381721166520706
1449,2019-02-09,0.0
1450,2019-02-10,0.0
1451,2019-02-11,-0.0009572761243963677
1452,2019-02-12,-0.005637818058057833
1453,2019-02-13,0.0021765700876575514
1454,2019-02-14,-0.0027418706781595554
1455,2019-02-15,-0.0045542609376127315
1456,2019-02-16,0.0
1457,2019-02-17,0.0
1458,2019-02-18,0.00834118854554125
1459,2019-02-19,0.0014332379649695242
1460,2019-02-20,0.0105629608692868
1461,2019-02-21,-0.0012403076234864824
1462,2019-02-22,-0.000286738353219025
1463,2019-02-23,0.0
1464,2019-02-24,0.0
1465,2019-02-25,0.001853912284790457
1466,2019-02-26,0.0047013131814369405
1467,2019-02-27,0.009920802015191518
1468,2019-02-28,0.004531117648518176
1469,2019-03-01,-0.004013829193629339
1470,2019-03-02,0.0
1471,2019-03-03,0.0
1472,2019-03-04,-0.0018955162994967142
1473,2019-03-05,-0.004636188527819989
1474,2019-03-06,-0.001659375794893216
1475,2019-03-07,0.001936303087316248
1476,2019-03-08,-0.006831716936621268
1477,2019-03-09,0.0
1478,2019-03-10,0.0
1479,2019-03-11,-0.007980628834841496
1480,2019-03-12,0.019833785931861456
1481,2019-03-13,-0.01381499142146423
1482,2019-03-14,0.016614397189148315
1483,2019-03-15,-0.0020441361039196556
1484,2019-03-16,0.0
1485,2019-03-17,0.0
1486,2019-03-18,0.0029078512459944626
1487,2019-03-19,-0.0024697394330048567
1488,2019-03-20,0.0005306047511110524
1489,2019-03-21,-0.0049908079389065435
1490,2019-03-22,-0.005544168672135883
1491,2019-03-23,0.0
1492,2019-03-24,0.0
1493,2019-03-25,0.005636551342424198
1494,2019-03-26,0.0006608172346642393
1495,2019-03-27,-0.0002906149553955926
1496,2019-03-28,-0.004456060178515262
1497,2019-03-29,-0.007338668981200297
1498,2019-03-30,0.0
1499,2019-03-31,0.0
1500,2019-04-01,-0.002581349163763966
1501,2019-04-02,0.003535205848317613
1502,2019-04-03,0.004479967915208845
1503,2019-04-04,0.003748392505953588
1504,2019-04-05,-0.0076141175403195505
1505,2019-04-06,0.0
1506,2019-04-07,0.0
1507,2019-04-08,-0.002976816057766953
1508,2019-04-09,0.0019316896102256503
1509,2019-04-10,-0.0004701273948041587
1510,2019-04-11,0.0032167927814145095
1511,2019-04-12,-0.0033087001817100597
1512,2019-04-13,0.0
1513,2019-04-14,0.0
1514,2019-04-15,0.0021308437440043966
1515,2019-04-16,0.0014404316147160333
1516,2019-04-17,-0.004315270277786801
1517,2019-04-18,-0.0005343934435886574
1518,2019-04-19,-0.003449368053264926
1519,2019-04-20,0.0
1520,2019-04-21,0.0
1521,2019-04-22,-5.2331442743555675e-05
1522,2019-04-23,-0.0009478268642743021
1523,2019-04-24,-0.0033434227777395273
1524,2019-04-25,-0.002571683276370103
1525,2019-04-26,-0.0006836955170325467
1526,2019-04-27,0.0
1527,2019-04-28,0.0
1528,2019-04-29,0.0018716862643468626
1529,2019-04-30,0.0009438101074028811
1530,2019-05-01,0.008271943203868962
1531,2019-05-02,0.001017898388504202
1532,2019-05-03,-0.0015264691201364524
1533,2019-05-04,0.0
1534,2019-05-05,0.0
1535,2019-05-06,0.008968183588204353
1536,2019-05-07,-0.003911635956400473
1537,2019-05-08,-0.0023287897957140944
1538,2019-05-09,-0.004355694816665344
1539,2019-05-10,-0.0001821558728977795
1540,2019-05-11,0.0
1541,2019-05-12,0.0
1542,2019-05-13,7.840026567880476e-05
1543,2019-05-14,-0.0036621587734910832
1544,2019-05-15,-0.004371922028637575
1545,2019-05-16,-0.004584912637172143
1546,2019-05-17,-0.0038845479361943667
1547,2019-05-18,0.0
1548,2019-05-19,0.0
1549,2019-05-20,-0.005182298439777622
1550,2019-05-21,-0.00019166809429040156
1551,2019-05-22,0.0
1552,2019-05-23,-0.005116325398184465
1553,2019-05-24,3.790151922379206e-05
1554,2019-05-25,0.0
1555,2019-05-26,0.0
1556,2019-05-27,0.004735057621261
1557,2019-05-28,-0.003340806805092279
1558,2019-05-29,-0.0017867590474934466
1559,2019-05-30,-0.002389961721444681
1560,2019-05-31,-0.001565029252662418
1561,2019-06-01,0.0
1562,2019-06-02,0.0
1563,2019-06-03,0.002361263093033717
1564,2019-06-04,0.0019483345931740799
1565,2019-06-05,0.0030441231804998244
1566,2019-06-06,-0.0011177035862411648
1567,2019-06-07,0.000774412444426603
1568,2019-06-08,0.0
1569,2019-06-09,0.0
1570,2019-06-10,0.0019322324469619177
1571,2019-06-11,-0.002503333115232673
1572,2019-06-12,0.002618079612053698
1573,2019-06-13,-0.0024400187573166477
1574,2019-06-14,-0.0010530681037550784
1575,2019-06-15,0.0
1576,2019-06-16,0.0
1577,2019-06-17,-0.006648202014042262
1578,2019-06-18,-0.004336144162887107
1579,2019-06-19,0.001996166049841881
1580,2019-06-20,0.007138687815442692
1581,2019-06-21,0.0040450195034578106
1582,2019-06-22,0.0
1583,2019-06-23,0.0
1584,2019-06-24,0.0033732965197347045
1585,2019-06-25,-0.000879542380850279
1586,2019-06-26,-0.0038520963987420886
1587,2019-06-27,0.0006089229853333432
1588,2019-06-28,-0.0016495976886861808
1589,2019-06-29,0.0
1590,2019-06-30,0.0
1591,2019-07-01,0.0013447886743760613
1592,2019-07-02,-0.003940151495402888
1593,2019-07-03,-0.0036723253232541745
1594,2019-07-04,-0.0012342640858435997
1595,2019-07-05,2.5431359569784342e-05
1596,2019-07-06,0.0
1597,2019-07-07,0.0
1598,2019-07-08,-0.004582507141940159
1599,2019-07-09,-0.0007259818344211072
1600,2019-07-10,-0.004632639062929725
1601,2019-07-11,0.003969290712001213
1602,2019-07-12,0.0012264494312666824
1603,2019-07-13,0.0
1604,2019-07-14,0.0
1605,2019-07-15,0.0038644503561956135
1606,2019-07-16,-0.004302923024769486
1607,2019-07-17,-0.00850064605353027
1608,2019-07-18,0.0018263963139884328
1609,2019-07-19,0.008579289651515595
1610,2019-07-20,0.0
1611,2019-07-21,0.0
1612,2019-07-22,-0.002317331644573394
1613,2019-07-23,-0.003036693956498222
1614,2019-07-24,-0.002877106127962544
1615,2019-07-25,0.003763294311037285
1616,2019-07-26,-0.0026063191895101673
1617,2019-07-27,0.0
1618,2019-07-28,0.0
1619,2019-07-29,-0.006182020199780944
1620,2019-07-30,-0.012948778092230155
1621,2019-07-31,-0.004583447835350918
1622,2019-08-01,-0.0006440371066239833
1623,2019-08-02,-0.002427706524784595
1624,2019-08-03,0.0
1625,2019-08-04,0.0
1626,2019-08-05,0.0022935827662055957
1627,2019-08-06,0.0004985533008192987
1628,2019-08-07,0.0009487034961067267
1629,2019-08-08,-0.002175788902876386
1630,2019-08-09,3.623334604637182e-05
1631,2019-08-10,0.0
1632,2019-08-11,0.0
1633,2019-08-12,-0.010076346205647908
1634,2019-08-13,0.00471106933249733
1635,2019-08-14,-0.0012069787526862795
1636,2019-08-15,-0.0003133733338308265
1637,2019-08-16,0.0025844654231397396
1638,2019-08-17,0.0
1639,2019-08-18,0.0
1640,2019-08-19,0.00572310863131797
1641,2019-08-20,-0.002428732342389345
1642,2019-08-21,0.0025380922785268292
1643,2019-08-22,-0.002477920211124144
1644,2019-08-23,0.009814654980138981
1645,2019-08-24,0.0
1646,2019-08-25,0.0
1647,2019-08-26,0.0008582739105781964
1648,2019-08-27,-0.003305785434169479
1649,2019-08-28,0.004998959610613947
1650,2019-08-29,-0.005279641612434505
1651,2019-08-30,-0.0026240518035388237
1652,2019-08-31,0.0
1653,2019-09-01,0.0
1654,2019-09-02,-0.002239407090709117
1655,2019-09-03,-0.007643096907539292
1656,2019-09-04,0.001968780001003985
1657,2019-09-05,0.013021079362194635
1658,2019-09-06,0.0061059522739820155
1659,2019-09-07,0.0
1660,2019-09-08,0.0
1661,2019-09-09,-0.003321826099008332
1662,2019-09-10,0.0050608307809952196
1663,2019-09-11,0.0007659857379733428
1664,2019-09-12,-0.0016298403659091635
1665,2019-09-13,-0.0004313962465693029
1666,2019-09-14,0.0
1667,2019-09-15,0.0
1668,2019-09-16,0.013529978541185286
1669,2019-09-17,-0.0055203808026818586
1670,2019-09-18,0.005945980809106187
1671,2019-09-19,-0.0025723589857594787
1672,2019-09-20,0.004361576295140691
1673,2019-09-21,0.0
1674,2019-09-22,0.0
1675,2019-09-23,-0.004249318011163524
1676,2019-09-24,-0.0030016283352086526
1677,2019-09-25,0.004124319513954925
1678,2019-09-26,-0.010174159456116862
1679,2019-09-27,-0.0022339644647564358
1680,2019-09-28,0.0
1681,2019-09-29,0.0
1682,2019-09-30,-0.003152064627674986
1683,2019-10-01,-0.00025871369000058725
1684,2019-10-02,0.00018468610533634274
1685,2019-10-03,0.000983875099593138
1686,2019-10-04,0.0030811463964446357
1687,2019-10-05,0.0
1688,2019-10-06,0.0
1689,2019-10-07,-0.0006419000461116485
1690,2019-10-08,-0.0037672996546385265
1691,2019-10-09,-0.005587671260033024
1692,2019-10-10,-0.0005369883596016748
1693,2019-10-11,0.01786694297719846
1694,2019-10-12,0.0
1695,2019-10-13,0.0
1696,2019-10-14,0.014835713504623482
1697,2019-10-15,-0.000573109754311429
1698,2019-10-16,0.011734928482186466
1699,2019-10-17,0.0049373860290343186
1700,2019-10-18,0.003487416154587038
1701,2019-10-19,0.0
1702,2019-10-20,0.0
1703,2019-10-21,0.0024549050837779137
1704,2019-10-22,0.005523378957945604
1705,2019-10-23,-0.006722525892408321
1706,2019-10-24,0.0029812471781367933
1707,2019-10-25,-0.006440914831609545
1708,2019-10-26,0.0
1709,2019-10-27,0.0
1710,2019-10-28,-0.0006419370514494505
1711,2019-10-29,0.0019782430923425344
1712,2019-10-30,0.0007199463538895692
1713,2019-10-31,0.002718832430118748
1714,2019-11-01,0.002932511432514693
1715,2019-11-02,0.0
1716,2019-11-03,0.0
1717,2019-11-04,-0.0001553489306269709
1718,2019-11-05,-0.0035641883255542518
1719,2019-11-06,-0.0008505289157079561
1720,2019-11-07,-0.001852557509163955
1721,2019-11-08,-0.00599063217800594
1722,2019-11-09,0.0
1723,2019-11-10,0.0
1724,2019-11-11,0.0012832148909038118
1725,2019-11-12,0.00483574600790699
1726,2019-11-13,-0.0004885148545768286
1727,2019-11-14,0.0001283749483887327
1728,2019-11-15,0.002174422416310933
1729,2019-11-16,0.0
1730,2019-11-17,0.0
1731,2019-11-18,0.003057785176092566
1732,2019-11-19,0.0022897279956704143
1733,2019-11-20,-0.0016499007813416708
1734,2019-11-21,-0.0001871863956537476
1735,2019-11-22,-0.0005555774937486534
1736,2019-11-23,0.0
1737,2019-11-24,0.0
1738,2019-11-25,-0.005154944588631243
1739,2019-11-26,0.0033995211901509874
1740,2019-11-27,-0.002820856629107024
1741,2019-11-28,0.005351527244151203
1742,2019-11-29,-0.0013179683219549303
1743,2019-11-30,0.0
1744,2019-12-01,0.0
1745,2019-12-02,0.0
1746,2019-12-03,0.002145936850790886
1747,2019-12-04,0.0044096769600956084
1748,2019-12-05,0.008693565413997975
1749,2019-12-06,0.003585881423158047
1750,2019-12-07,0.0
1751,2019-12-08,0.0
1752,2019-12-09,-0.0014328099133942855
1753,2019-12-10,0.0004732672572181096
1754,2019-12-11,-0.0011036234978719652
1755,2019-12-12,0.005226473546179821
1756,2019-12-13,0.02063174837886714
1757,2019-12-14,0.0
1758,2019-12-15,0.0
1759,2019-12-16,-0.009094855027428638
1760,2019-12-17,-0.006070086951730762
1761,2019-12-18,-0.011389569679291712
1762,2019-12-19,-0.0026601118189737666
1763,2019-12-20,-0.005351533358302333
1764,2019-12-21,0.0
1765,2019-12-22,0.0
1766,2019-12-23,-0.0009238032141612401
1767,2019-12-24,-0.00465812544594486
1768,2019-12-25,-0.0007758911545073967
1769,2019-12-26,0.0029789507861928974
1770,2019-12-27,0.002208215177250215
1771,2019-12-28,0.0
1772,2019-12-29,0.0
1773,2019-12-30,0.006875903005195751
1774,2019-12-31,0.0016111463342943547
1775,2020-01-01,0.01134165161556165
1776,2020-01-02,-0.0009278502828758323
1777,2020-01-03,-0.007393132943582251
1778,2020-01-04,0.0
1779,2020-01-05,0.0
1780,2020-01-06,-0.0055350694820012515
1781,2020-01-07,0.0068518023971566745
1782,2020-01-08,-0.004284783271131806
1783,2020-01-09,-0.0006552537817141049
1784,2020-01-10,-0.00266969196572874
1785,2020-01-11,0.0
1786,2020-01-12,0.0
1787,2020-01-13,-0.0018808528501346995
1788,2020-01-14,-0.004412728766410917
1789,2020-01-15,0.0026404513178789153
1790,2020-01-16,0.0014334092650113588
1791,2020-01-17,0.0028729029091309074
1792,2020-01-18,0.0
1793,2020-01-19,0.0
1794,2020-01-20,-0.005478045793773145
1795,2020-01-21,-0.00012993568202035067
1796,2020-01-22,0.003257133081469483
1797,2020-01-23,0.00738604124322245
1798,2020-01-24,-0.0018907534263452707
1799,2020-01-25,0.0
1800,2020-01-26,0.0
1801,2020-01-27,-0.004438214982649693
1802,2020-01-28,-0.00013015878624640824
1803,2020-01-29,-0.002726506288666877
1804,2020-01-30,-0.00019503520293654312
1805,2020-01-31,0.00513041213370457
1806,2020-02-01,0.0
1807,2020-02-02,0.0
1808,2020-02-03,0.007054286740621125
1809,2020-02-04,-0.014070977033106776
1810,2020-02-05,0.0027068585754537137
1811,2020-02-06,-0.002733017834563309
1812,2020-02-07,-0.00515980578101333
1813,2020-02-08,0.0
1814,2020-02-09,0.0
1815,2020-02-10,-0.0029951423976264354
1816,2020-02-11,0.0020651069861507515
1817,2020-02-12,0.0029627315265307614
1818,2020-02-13,7.717800183815647e-05
1819,2020-02-14,0.006865024319568966
1820,2020-02-15,0.0
1821,2020-02-16,0.0
1822,2020-02-17,0.00047050205888862876
1823,2020-02-18,-0.0033750397512706297
1824,2020-02-19,-0.0005205452078794827
1825,2020-02-20,-0.0057045035501218115
1826,2020-02-21,-0.0034844928216944196
1827,2020-02-22,0.0
1828,2020-02-23,0.0
1829,2020-02-24,0.005451114981349282
1830,2020-02-25,-0.0020958049856352333
1831,2020-02-26,0.005924436060847654
1832,2020-02-27,-0.007448815388352502
1833,2020-02-28,-0.001393249749231749
1834,2020-02-29,0.0
1835,2020-03-01,0.0
1836,2020-03-02,-0.006372227009084709
1837,2020-03-03,-0.0031203347415613425
1838,2020-03-04,0.004196506157226222
1839,2020-03-05,0.004213921183619536
1840,2020-03-06,0.00586240326893779
1841,2020-03-07,0.0
1842,2020-03-08,0.0
1843,2020-03-09,0.011409733845560117
1844,2020-03-10,-0.0018323112260841953
1845,2020-03-11,-0.012745203029077007
1846,2020-03-12,-0.007113699850930633
1847,2020-03-13,-0.019534700660296764
1848,2020-03-14,0.0
1849,2020-03-15,0.0
1850,2020-03-16,-0.013646126813577226
1851,2020-03-17,-0.010803421313193862
1852,2020-03-18,-0.011889457382863736
1853,2020-03-19,-0.041805911631456014
1854,2020-03-20,-0.011328108101162151
1855,2020-03-21,0.0
1856,2020-03-22,0.0
1857,2020-03-23,0.011130244851550525
1858,2020-03-24,-0.0023679312865189633
1859,2020-03-25,0.016803323750062143
1860,2020-03-26,0.005000181714458432
1861,2020-03-27,0.02906268046426444
1862,2020-03-28,0.0
1863,2020-03-29,0.0
1864,2020-03-30,0.020489225240113575
1865,2020-03-31,-0.0065700585539949724
1866,2020-04-01,0.0029741593093686445
1867,2020-04-02,-0.002107229008215182
1868,2020-04-03,0.0010154448569066163
1869,2020-04-04,0.0
1870,2020-04-05,0.0
1871,2020-04-06,-0.014202084646964921
1872,2020-04-07,0.0016630789756355887
1873,2020-04-08,0.007988107166942017
1874,2020-04-09,0.004402439931721309
1875,2020-04-10,0.00496943226381922
1876,2020-04-11,0.0
1877,2020-04-12,0.0
1878,2020-04-13,0.0004984766864696948
1879,2020-04-14,0.005034229149462798
1880,2020-04-15,0.008135961040262851
1881,2020-04-16,-0.008373933452557433
1882,2020-04-17,-0.002651069437211095
1883,2020-04-18,0.0
1884,2020-04-19,0.0
1885,2020-04-20,-2.48244968148142e-05
1886,2020-04-21,-0.0035900171207387996
1887,2020-04-22,-0.011652679792022457
1888,2020-04-23,0.00205584145206504
1889,2020-04-24,0.002295333831017202
1890,2020-04-25,0.0
1891,2020-04-26,0.0
1892,2020-04-27,0.0011618669496967938
1893,2020-04-28,0.004523739151577795
1894,2020-04-29,0.0010443184559266914
1895,2020-04-30,0.002876287960631137
1896,2020-05-01,0.00878146092857271
1897,2020-05-02,0.0
1898,2020-05-03,0.0
1899,2020-05-04,-0.010164772350048085
1900,2020-05-05,-0.0006971949432161783
1901,2020-05-06,-0.00010847838980491265
1902,2020-05-07,-0.009577061943239954
1903,2020-05-08,0.004075868180602864
1904,2020-05-09,0.0
1905,2020-05-10,0.0
1906,2020-05-11,0.003346868311807293
1907,2020-05-12,-0.006781188059657647
1908,2020-05-13,-0.006393280386258672
1909,2020-05-14,-0.0010899539583611544
1910,2020-05-15,-0.0006242988077153492
1911,2020-05-16,0.0
1912,2020-05-17,0.0
1913,2020-05-18,-0.012183704190365543
1914,2020-05-19,0.009410510696960127
1915,2020-05-20,0.0045731226028681545
1916,2020-05-21,-0.0015547391227738105
1917,2020-05-22,-0.0011005562762437633
1918,2020-05-23,0.0
1919,2020-05-24,0.0
1920,2020-05-25,-0.0030635624593352497
1921,2020-05-26,0.0012555650194610544
1922,2020-05-27,0.010894130865961405
1923,2020-05-28,-0.005707369686810859
1924,2020-05-29,0.0046098906552666675
1925,2020-05-30,0.0
1926,2020-05-31,0.0
1927,2020-06-01,0.002149214288938263
1928,2020-06-02,0.011197199819429342
1929,2020-06-03,0.007533790132535794
1930,2020-06-04,-0.0005032474672535288
1931,2020-06-05,0.0026945471411888066
1932,2020-06-06,0.0
1933,2020-06-07,0.0
1934,2020-06-08,0.009208746102515064
1935,2020-06-09,0.0007509524723508774
1936,2020-06-10,-0.0018823730997482566
1937,2020-06-11,-5.113679053239556e-05
1938,2020-06-12,-0.010570450581713202
1939,2020-06-13,0.0
1940,2020-06-14,0.0
1941,2020-06-15,-0.005442935506084491
1942,2020-06-16,0.01025916768198942
1943,2020-06-17,-0.004173997431346256
1944,2020-06-18,-0.0025769939509407156
1945,2020-06-19,-0.010078725612448297
1946,2020-06-20,0.0
1947,2020-06-21,0.0
1948,2020-06-22,-0.006354824784180139
1949,2020-06-23,0.012349611755708133
1950,2020-06-24,0.0018644279758496796
1951,2020-06-25,-0.008977582006659119
1952,2020-06-26,0.0010065061401108098
1953,2020-06-27,0.0
1954,2020-06-28,0.0
1955,2020-06-29,-0.006724934721988485
1956,2020-06-30,-0.0025636109662884763
1957,2020-07-01,0.006372532480233999
1958,2020-07-02,0.006077094238882484
1959,2020-07-03,0.0001291554877435782
1960,2020-07-04,0.0
1961,2020-07-05,0.0
1962,2020-07-06,0.0007312989863208229
1963,2020-07-07,0.0015978544899176521
1964,2020-07-08,0.0037806171412179345
1965,2020-07-09,0.005622458793671606
1966,2020-07-10,-0.0006685539222019841
1967,2020-07-11,0.0
1968,2020-07-12,0.0
1969,2020-07-13,0.0017770666439551074
1970,2020-07-14,-0.006015279092335137
1971,2020-07-15,0.001394049125750301
1972,2020-07-16,0.0017257357039999473
1973,2020-07-17,-0.002504921689104466
1974,2020-07-18,0.0
1975,2020-07-19,0.0
1976,2020-07-20,0.0009295411696782979
1977,2020-07-21,0.0071787453106264614
1978,2020-07-22,0.005434688969657897
1979,2020-07-23,-6.441304790629104e-05
1980,2020-07-24,6.441304790621562e-05
1981,2020-07-25,0.0
1982,2020-07-26,0.0
1983,2020-07-27,0.005105261834162482
1984,2020-07-28,0.007306833268676876
1985,2020-07-29,0.0026335082659819874
1986,2020-07-30,0.004533285511675274
1987,2020-07-31,0.01037468247532984
1988,2020-08-01,0.0
1989,2020-08-02,0.0
1990,2020-08-03,-0.0012319053563026833
1991,2020-08-04,-0.0017547462661213968
1992,2020-08-05,0.000562587489164615
1993,2020-08-06,0.0031061079286198714
1994,2020-08-07,0.000854374839234186
1995,2020-08-08,0.0
1996,2020-08-09,0.0
1997,2020-08-10,-0.006548251768900946
1998,2020-08-11,0.001907426143172042
1999,2020-08-12,-0.002024654003234986
2000,2020-08-13,-0.00020843902237870708
2001,2020-08-14,0.0017236795743433716
2002,2020-08-15,0.0
2003,2020-08-16,0.0
2004,2020-08-17,0.002786360943565017
2005,2020-08-18,6.713744257710661e-05
2006,2020-08-19,0.0110850630965542
2007,2020-08-20,-0.010862321142186321
2008,2020-08-21,0.008320234666638457
2009,2020-08-22,0.0
2010,2020-08-23,0.0
2011,2020-08-24,-0.009590987119175316
2012,2020-08-25,-0.0017404582095526025
2013,2020-08-26,0.00616241697929287
2014,2020-08-27,0.0051296942455517835
2015,2020-08-28,-0.0015322076928105952
2016,2020-08-29,0.0
2017,2020-08-30,0.0
2018,2020-08-31,0.011816649435186627
2019,2020-09-01,0.0006017739038679774
2020,2020-09-02,0.0026094807954669106
2021,2020-09-03,-0.003598407665909591
2022,2020-09-04,-0.006692853751850669
2023,2020-09-05,0.0
2024,2020-09-06,0.0
2025,2020-09-07,-0.0012456623180291623
2026,2020-09-08,-0.00632538662380623
2027,2020-09-09,-0.014828035641991082
2028,2020-09-10,0.002362940232205295
2029,2020-09-11,-0.014792110988623493
2030,2020-09-12,0.0
2031,2020-09-13,0.0
2032,2020-09-14,-0.0001358586385148994
2033,2020-09-15,0.0033605904353160685
2034,2020-09-16,0.0027278636539693145
2035,2020-09-17,0.005821697192543557
2036,2020-09-18,0.001199126439445771
2037,2020-09-19,0.0
2038,2020-09-20,0.0
2039,2020-09-21,-0.003303190281962485
2040,2020-09-22,-0.00871739478909089
2041,2020-09-23,-0.005981736277529976
2042,2020-09-24,-0.002087857257187534
2043,2020-09-25,0.003107421207459274
2044,2020-09-26,0.0
2045,2020-09-27,0.0
2046,2020-09-28,0.0007663412050700117
2047,2020-09-29,0.008319756948049623
2048,2020-09-30,-0.000540014923750683
2049,2020-10-01,0.003957482835404967
2050,2020-10-02,-0.002425222560878887
2051,2020-10-03,0.0
2052,2020-10-04,0.0
2053,2020-10-05,0.0034720858388957625
2054,2020-10-06,0.004743935971948375
2055,2020-10-07,-0.008448078638644373
2056,2020-10-08,0.00265727938867912
2057,2020-10-09,0.001771211097122017
2058,2020-10-10,0.0
2059,2020-10-11,0.0
2060,2020-10-12,0.007025246289900884
2061,2020-10-13,0.0026102191891813715
2062,2020-10-14,-0.010036613587336561
2063,2020-10-15,0.005941985978618101
2064,2020-10-16,-0.008512686456494683
2065,2020-10-17,0.0
2066,2020-10-18,0.0
2067,2020-10-19,0.0019891751794448107
2068,2020-10-20,0.001616916448086887
2069,2020-10-21,0.00041462843671041127
2070,2020-10-22,0.013642768035657034
2071,2020-10-23,-0.004115224294593356
2072,2020-10-24,0.0
2073,2020-10-25,0.0
2074,2020-10-26,-0.001790094195816921
2075,2020-10-27,-0.0029849955479268886
2076,2020-10-28,0.0012369658524631227
2077,2020-10-29,-0.003226535690503882
2078,2020-10-30,-0.0044711458451812645
2079,2020-10-31,0.0
2080,2020-11-01,0.0
2081,2020-11-02,-0.0004014127617305581
2082,2020-11-03,-0.00021972376787790342
2083,2020-11-04,0.015184465314333777
2084,2020-11-05,-0.011870531024320842
2085,2020-11-06,0.013223105233689381
2086,2020-11-07,0.0
2087,2020-11-08,0.0
2088,2020-11-09,0.003131460335735547
2089,2020-11-10,-0.000829592435366537
2090,2020-11-11,0.006950898963498476
2091,2020-11-12,-0.002820388545731055
2092,2020-11-13,-0.007784952527504913
2093,2020-11-14,0.0
2094,2020-11-15,0.0
2095,2020-11-16,0.007507392287777399
2096,2020-11-17,0.00011874773343821825
2097,2020-11-18,0.002793685026599063
2098,2020-11-19,-0.00019837431185615822
2099,2020-11-20,-0.0005440341434485063
2100,2020-11-21,0.0
2101,2020-11-22,0.0
2102,2020-11-23,0.004209482848185991
2103,2020-11-24,0.0017976891701055736
2104,2020-11-25,0.002562534323686681
2105,2020-11-26,0.001658397492174373
2106,2020-11-27,-0.002313391809655418
2107,2020-11-28,0.0
2108,2020-11-29,0.0
2109,2020-11-30,-0.0016944945734615028
2110,2020-12-01,0.0003734701267311674
2111,2020-12-02,0.006408953633540279
2112,2020-12-03,-0.003871852429356502
2113,2020-12-04,0.006277573443425102
2114,2020-12-05,0.0
2115,2020-12-06,0.0
2116,2020-12-07,-0.0027946918334941584
2117,2020-12-08,-0.004484821596063001
2118,2020-12-09,0.0006144526793471476
2119,2020-12-10,0.00010698543848614387
2120,2020-12-11,-0.004600970599411949
2121,2020-12-12,0.0
2122,2020-12-13,0.0
2123,2020-12-14,0.0009450156390475164
2124,2020-12-15,0.0009456237092549434
2125,2020-12-16,0.008487721126014768
2126,2020-12-17,0.004338829847129066
2127,2020-12-18,0.004968039380677594
2128,2020-12-19,0.0
2129,2020-12-20,0.0
2130,2020-12-21,-0.012474519555398175
2131,2020-12-22,0.0035446859619250233
2132,2020-12-23,-0.003731989680675344
2133,2020-12-24,0.00786928595384897
2134,2020-12-25,0.003452674815223035
2135,2020-12-26,0.0
2136,2020-12-27,0.0
2137,2020-12-28,0.0015027063334158226
2138,2020-12-29,-0.007868106797280361
2139,2020-12-30,0.002512802665514533
2140,2020-12-31,0.009639389123775806
2141,2021-01-01,0.0031021495617502286
2142,2021-01-02,0.0
2143,2021-01-03,0.0
2144,2021-01-04,0.0008180659229545999
2145,2021-01-05,-0.008262508573625
2146,2021-01-06,0.004260855711833427
2147,2021-01-07,-0.000313338959365064
2148,2021-01-08,-0.004092683349815706
2149,2021-01-09,0.0
2150,2021-01-10,0.0
2151,2021-01-11,-0.003941542169439963
2152,2021-01-12,0.0005813532232093749
2153,2021-01-13,0.010769134015184444
2154,2021-01-14,-0.0015571121686132209
2155,2021-01-15,0.002514187524889488
2156,2021-01-16,0.0
2157,2021-01-17,0.0
2158,2021-01-18,-0.007945316325412014
2159,2021-01-19,0.00043451716621395453
2160,2021-01-20,0.00462802583812894
2161,2021-01-21,0.0017749976102156395
2162,2021-01-22,0.0044521652710614226
2163,2021-01-23,0.0
2164,2021-01-24,0.0
2165,2021-01-25,-0.003010469610941589
2166,2021-01-26,-0.0006730687620975246
2167,2021-01-27,0.004563010688128216
2168,2021-01-28,-0.005262868587773131
2169,2021-01-29,0.004058494832974993
2170,2021-01-30,0.0
2171,2021-01-31,0.0
2172,2021-02-01,-0.0019925105141790295
2173,2021-02-02,-0.0013822096072485196
2174,2021-02-03,-0.0014214591478051133
2175,2021-02-04,-0.0007514166314093055
2176,2021-02-05,0.0019813197441018735
2177,2021-02-06,0.0
2178,2021-02-07,0.0
2179,2021-02-08,0.004564683957582878
2180,2021-02-09,0.0005079241366609628
2181,2021-02-10,0.005245318442126076
2182,2021-02-11,0.0010567587425533984
2183,2021-02-12,-0.0016170550337747333
2184,2021-02-13,0.0
2185,2021-02-14,0.0
2186,2021-02-15,0.004428909984261878
2187,2021-02-16,0.0031123231705853576
2188,2021-02-17,-0.0019185048025741017
2189,2021-02-18,-0.0015680354637165686
2190,2021-02-19,0.007264575586179139
2191,2021-02-20,0.0
2192,2021-02-21,0.0
2193,2021-02-22,0.004549519412232792
2194,2021-02-23,0.002852429379676576
2195,2021-02-24,0.0034818991502843575
2196,2021-02-25,0.0019781686322865744
2197,2021-02-26,-0.009953052037622713
2198,2021-02-27,0.0
2199,2021-02-28,0.0
2200,2021-03-01,-0.002546043858958375
2201,2021-03-02,-0.0030829300403056605
2202,2021-03-03,0.0018261046154695638
2203,2021-03-04,-0.002007749768215453
2204,2021-03-05,-0.0023643944448075425
2205,2021-03-06,0.0
2206,2021-03-07,0.0
2207,2021-03-08,-0.002913388284745101
2208,2021-03-09,-0.00217290145323423
2209,2021-03-10,0.00482211395229254
2210,2021-03-11,0.002949478252179689
2211,2021-03-12,0.004188193028234437
2212,2021-03-13,0.0
2213,2021-03-14,0.0
2214,2021-03-15,-0.004327455897174015
2215,2021-03-16,-0.002184800413709903
2216,2021-03-17,0.0002222915243782687
2217,2021-03-18,0.005283019785172764
2218,2021-03-19,-0.003640745488365302
2219,2021-03-20,0.0
2220,2021-03-21,0.0
2221,2021-03-22,-0.006661969486030573
2222,2021-03-23,0.0021599489316675023
2223,2021-03-24,-0.009574264785795754
2224,2021-03-25,-0.0030299848486936374
2225,2021-03-26,0.004390270332612899
2226,2021-03-27,0.0
2227,2021-03-28,0.0
2228,2021-03-29,0.0030428358575643934
2229,2021-03-30,-0.0011579458060611092
2230,2021-03-31,-0.0020638267316723533
2231,2021-04-01,0.002877285933586259
2232,2021-04-02,0.0035356744596927846
2233,2021-04-03,0.0
2234,2021-04-04,0.0
2235,2021-04-05,-0.0002768706406494988
2236,2021-04-06,0.005964998384367468
2237,2021-04-07,-0.0059649983843674545
2238,2021-04-08,-0.006341979285256702
2239,2021-04-09,-0.0006870901566609683
2240,2021-04-10,0.0
2241,2021-04-11,0.0
2242,2021-04-12,-0.001619877256685157
2243,2021-04-13,0.003035029661732352
2244,2021-04-14,0.0004266991613988988
2245,2021-04-15,0.0014183559981522723
2246,2021-04-16,0.00045492918727207835
2247,2021-04-17,0.0
2248,2021-04-18,0.0
2249,2021-04-19,0.0023873406269457297
2250,2021-04-20,0.01261257703254254
2251,2021-04-21,-0.003938044690249124
2252,2021-04-22,-0.0005016022313448506
2253,2021-04-23,-0.006595849725026608
2254,2021-04-24,0.0
2255,2021-04-25,0.0
2256,2021-04-26,0.001884026829709749
2257,2021-04-27,0.0021093588975234015
2258,2021-04-28,0.0005698005852171103
2259,2021-04-29,0.003816906755228179
2260,2021-04-30,-0.0002787574316041965
2261,2021-05-01,0.0
2262,2021-05-02,0.0
2263,2021-05-03,-0.009581448921265584
2264,2021-05-04,0.006057684299224144
2265,2021-05-05,-0.0011255087206064399
2266,2021-05-06,0.0015562346586565487
2267,2021-05-07,-0.0008062344435579027
2268,2021-05-08,0.0
2269,2021-05-09,0.0
2270,2021-05-10,0.010212066382016362
2271,2021-05-11,0.006394914965558762
2272,2021-05-12,0.000494525037890792
2273,2021-05-13,-0.005287584326752672
2274,2021-05-14,-0.0009141168365583321
2275,2021-05-15,0.0
2276,2021-05-16,0.0
2277,2021-05-17,0.0036181358103039925
2278,2021-05-18,0.0033188870575538384
2279,2021-05-19,0.002777319813560857
2280,2021-05-20,-0.005786365139619542
2281,2021-05-21,0.005615784155884295
2282,2021-05-22,0.0
2283,2021-05-23,0.0
2284,2021-05-24,-0.003016755398824815
2285,2021-05-25,0.0009343100214057852
2286,2021-05-26,-0.000863605514600484
2287,2021-05-27,-0.001963907907905125
2288,2021-05-28,0.006187903441734878
2289,2021-05-29,0.0
2290,2021-05-30,0.0
2291,2021-05-31,-0.0016466963579875457
2292,2021-06-01,0.003267490141835816
2293,2021-06-02,-0.004910545323018696
2294,2021-06-03,0.001047689002826549
2295,2021-06-04,-0.004383734121713372
2296,2021-06-05,0.0
2297,2021-06-06,0.0
2298,2021-06-07,0.003845906930549167
2299,2021-06-08,0.0008644759855915963
2300,2021-06-09,-0.0018837529805761633
2301,2021-06-10,-0.002657260143148166
2302,2021-06-11,0.0040873446276646725
2303,2021-06-12,0.0
2304,2021-06-13,0.0
2305,2021-06-14,-0.0035928639568836495
2306,2021-06-15,-0.0006638504631976464
2307,2021-06-16,-0.0020155039533157775
2308,2021-06-17,-0.006470471673312794
2309,2021-06-18,-0.0037286983283355626
2310,2021-06-19,0.0
2311,2021-06-20,0.0
2312,2021-06-21,-0.008756436607249575
2313,2021-06-22,0.007806107724829859
2314,2021-06-23,0.0017592627689389322
2315,2021-06-24,0.0012565650722172507
2316,2021-06-25,-0.003624972500237185
2317,2021-06-26,0.0
2318,2021-06-27,0.0
2319,2021-06-28,-0.0015719847707057156
2320,2021-06-29,-0.0011521518427901056
2321,2021-06-30,-0.0026195995690166483
2322,2021-07-01,-0.000982946678400049
2323,2021-07-02,-0.005048461788959549
2324,2021-07-03,0.0
2325,2021-07-04,0.0
2326,2021-07-05,0.005201026411399622
2327,2021-07-06,0.0017993729805197247
2328,2021-07-07,-0.0036512434533433353
2329,2021-07-08,-0.0003310782131880239
2330,2021-07-09,-0.0007451457148076523
2331,2021-07-10,0.0
2332,2021-07-11,0.0
2333,2021-07-12,0.007850434300131656
2334,2021-07-13,-0.0009033173953641589
2335,2021-07-14,-0.005843368432844498
2336,2021-07-15,0.00376227573922654
2337,2021-07-16,-0.00204855491822118
2338,2021-07-17,0.0
2339,2021-07-18,0.0
2340,2021-07-19,-0.004773579747691668
2341,2021-07-20,-0.0068448552848334445
2342,2021-07-21,-0.0026890587839135927
2343,2021-07-22,0.005906996692267487
2344,2021-07-23,0.004355371455624848
2345,2021-07-24,0.0
2346,2021-07-25,0.0
2347,2021-07-26,-0.0011688341793379589
2348,2021-07-27,0.005172020333335424
2349,2021-07-28,0.003866218102838347
2350,2021-07-29,0.0017366232053531742
2351,2021-07-30,0.004124696657467363
2352,2021-07-31,0.0
2353,2021-08-01,0.0
2354,2021-08-02,-0.004889360453081008
2355,2021-08-03,-0.0002497393763089808
2356,2021-08-04,0.0018072231258093878
2357,2021-08-05,-0.0019742306465749568
2358,2021-08-06,0.0026709331174523962
2359,2021-08-07,0.0
2360,2021-08-08,0.0
2361,2021-08-09,-0.004253128707415933
2362,2021-08-10,-0.0013998358561345496
2363,2021-08-11,-0.0009413002846728088
2364,2021-08-12,0.0022300867237026825
2365,2021-08-13,-0.003999498078578574
2366,2021-08-14,0.0
2367,2021-08-15,0.0
2368,2021-08-16,0.003778083541701516
2369,2021-08-17,-0.0015238243931578613
2370,2021-08-18,-0.007419775860762639
2371,2021-08-19,0.00024741451954602236
2372,2021-08-20,-0.008253662332367833
2373,2021-08-21,0.0
2374,2021-08-22,0.0
2375,2021-08-23,-0.00040871540292330375
2376,2021-08-24,0.007274610107043204
2377,2021-08-25,5.537284138413635e-05
2378,2021-08-26,0.0029826837438063614
2379,2021-08-27,-0.004670017115310886
2380,2021-08-28,0.0
2381,2021-08-29,0.0
2382,2021-08-30,0.004414291623607218
2383,2021-08-31,-0.00018456981841751723
2384,2021-09-01,-0.0005131959059870696
2385,2021-09-02,0.001325338867439717
2386,2021-09-03,0.004721027152404236
2387,2021-09-04,0.0
2388,2021-09-05,0.0
2389,2021-09-06,0.0016204474506728082
2390,2021-09-07,-0.0014267799439339935
2391,2021-09-08,-0.004322348107485861
2392,2021-09-09,-0.0008813880325742174
2393,2021-09-10,0.005217464875423364
2394,2021-09-11,0.0
2395,2021-09-12,0.0
2396,2021-09-13,8.309095465810733e-05
2397,2021-09-14,-0.00019364875500282693
2398,2021-09-15,-0.0020182006532050278
2399,2021-09-16,0.0027932928561018575
2400,2021-09-17,-0.0037524609166097373
2401,2021-09-18,0.0
2402,2021-09-19,0.0
2403,2021-09-20,-0.00489344583967616
2404,2021-09-21,-0.004888964176357339
2405,2021-09-22,-0.0003828673147998323
2406,2021-09-23,-0.002959534442613544
2407,2021-09-24,0.007709731194474937
2408,2021-09-25,0.0
2409,2021-09-26,0.0
2410,2021-09-27,-0.003903399946022055
2411,2021-09-28,0.002381382363050778
2412,2021-09-29,-0.01170111431185299
2413,2021-09-30,-0.008589281933786072
2414,2021-10-01,0.0032279620908789927
2415,2021-10-02,0.0
2416,2021-10-03,0.0
2417,2021-10-04,0.007476898454685092
2418,2021-10-05,0.0026903733885808253
2419,2021-10-06,0.0014841107075534322
2420,2021-10-07,-0.0026128034814270444
2421,2021-10-08,0.002068175539855867
2422,2021-10-09,0.0
2423,2021-10-10,0.0
2424,2021-10-11,-0.000272425243535729
2425,2021-10-12,-0.0019046427643798355
2426,2021-10-13,-0.0008693575583358039
2427,2021-10-14,0.006634622677274682
2428,2021-10-15,-2.7068460161160267e-05
2429,2021-10-16,0.0
2430,2021-10-17,0.0
2431,2021-10-18,0.006761125190837187
2432,2021-10-19,-0.0018284944675624657
2433,2021-10-20,0.004122833409447264
2434,2021-10-21,0.002158154385212197
2435,2021-10-22,-0.0023031638835884958
2436,2021-10-23,0.0
2437,2021-10-24,0.0
2438,2021-10-25,-0.002066493609551273
2439,2021-10-26,0.0001242408865275568
2440,2021-10-27,0.0001234990328689728
2441,2021-10-28,-0.0024197246543183892
2442,2021-10-29,0.004928535461032369
2443,2021-10-30,0.0
2444,2021-10-31,0.0
2445,2021-11-01,-0.008547576817129948
2446,2021-11-02,-0.0020366754812936737
2447,2021-11-03,-0.0027888600147144543
2448,2021-11-04,0.005674387952583705
2449,2021-11-05,-0.013695520695177155
2450,2021-11-06,0.0
2451,2021-11-07,0.0
2452,2021-11-08,-0.001283710060815761
2453,2021-11-09,0.005414013486066493
2454,2021-11-10,-0.00033254057246093487
2455,2021-11-11,-0.010919280959699207
2456,2021-11-12,-0.00345492109293107
2457,2021-11-13,0.0
2458,2021-11-14,0.0
2459,2021-11-15,0.003776951077301685
2460,2021-11-16,-0.000644163705459266
2461,2021-11-17,0.0012074667624888207
2462,2021-11-18,0.004979899770963818
2463,2021-11-19,0.0005935248174609355
2464,2021-11-20,0.0
2465,2021-11-21,0.0
2466,2021-11-22,-0.004834756629258898
2467,2021-11-23,-0.0027504305100790544
2468,2021-11-24,-0.0016195061357849113
2469,2021-11-25,-0.0033916704141141968
2470,2021-11-26,-0.0012392649615685428
2471,2021-11-27,0.0
2472,2021-11-28,0.0
2473,2021-11-29,0.00201237052597994
2474,2021-11-30,-0.001945526635355224
2475,2021-12-01,-0.001437001064236447
2476,2021-12-02,-0.0011988293096701623
2477,2021-12-03,0.0015041392994383186
2478,2021-12-04,0.0
2479,2021-12-05,0.0
2480,2021-12-06,-0.00472317024636238
2481,2021-12-07,0.0020406260571578594
2482,2021-12-08,-0.0013783246148151556
2483,2021-12-09,-0.002725268004972639
2484,2021-12-10,0.0010569701805504556
2485,2021-12-11,0.0
2486,2021-12-12,0.0
2487,2021-12-13,0.002502912810515912
2488,2021-12-14,-0.0032957248912868884
2489,2021-12-15,0.0012842214982018083
2490,2021-12-16,0.0024624790314534376
2491,2021-12-17,0.004559401313309423
2492,2021-12-18,0.0
2493,2021-12-19,0.0
2494,2021-12-20,-0.007102757292798212
2495,2021-12-21,-0.0014705306544454222
2496,2021-12-22,0.004504600579793023
2497,2021-12-23,0.006189714097386504
2498,2021-12-24,0.004080181603628589
2499,2021-12-25,0.0
2500,2021-12-26,0.0
2501,2021-12-27,-0.00017306381174463285
2502,2021-12-28,0.0028584250755649947
2503,2021-12-29,-0.0006987660255413677
2504,2021-12-30,0.004864841744457586
2505,2021-12-31,-3.1114383885875034e-05
2506,2022-01-01,0.0
2507,2022-01-02,0.0
2508,2022-01-03,0.0017697580362127812
2509,2022-01-04,-0.0028890377817303668
2510,2022-01-05,0.0035654699863255286
2511,2022-01-06,0.0017883069311800475
2512,2022-01-07,-0.0016257357043031812
2513,2022-01-08,0.0
2514,2022-01-09,0.0
2515,2022-01-10,0.004326492761808821
2516,2022-01-11,-0.0008832420856080786
2517,2022-01-12,0.0038921793353050224
2518,2022-01-13,0.005611635286271154
2519,2022-01-14,0.00026765219231648577
2520,2022-01-15,0.0
2521,2022-01-16,0.0
2522,2022-01-17,-0.0029305692712899545
2523,2022-01-18,-0.0018688563510577895
2524,2022-01-19,-0.0035040805429980295
2525,2022-01-20,0.0006123007962668115
2526,2022-01-21,-0.0008027564675498427
2527,2022-01-22,0.0
2528,2022-01-23,0.0
2529,2022-01-24,-0.003081741441311232
2530,2022-01-25,-0.004922158496926471
2531,2022-01-26,0.0015933307198042958
2532,2022-01-27,-0.003170641517313928
2533,2022-01-28,-0.005934558734070263
2534,2022-01-29,0.0
2535,2022-01-30,0.0
2536,2022-01-31,0.0011249749709400568
2537,2022-02-01,0.0031278925801691885
2538,2022-02-02,0.005933107190310391
2539,2022-02-03,0.002925760685766359
2540,2022-02-04,0.0024584536501768323
2541,2022-02-05,0.0
2542,2022-02-06,0.0
2543,2022-02-07,-0.004788475550512894
2544,2022-02-08,0.0003221128264954129
2545,2022-02-09,0.000720684031195799
2546,2022-02-10,-0.0010560973240945504
2547,2022-02-11,0.001367543796196486
2548,2022-02-12,0.0
2549,2022-02-13,0.0
2550,2022-02-14,0.0013155655251822379
2551,2022-02-15,-0.0027104497245476525
2552,2022-02-16,0.000609439685259371
2553,2022-02-17,0.003227892715279258
2554,2022-02-18,0.0024886324306677542
2555,2022-02-19,0.0
2556,2022-02-20,0.0
