,date,RV
0,2018-01-01,0.002155353297477854
1,2018-01-02,0.006344243717236756
2,2018-01-03,0.0027899113883362407
3,2018-01-04,0.0022669520564706233
4,2018-01-05,0.007203813141251911
5,2018-01-06,0.001111512357498254
6,2018-01-07,0.001262238245079291
7,2018-01-08,0.009333610803317013
8,2018-01-09,0.0014865295119232806
9,2018-01-10,0.0025540020373702533
10,2018-01-11,0.01785333637486954
11,2018-01-12,0.002131826180870836
12,2018-01-13,0.0009521605269205249
13,2018-01-14,0.003100039939947373
14,2018-01-15,0.001294424693914561
15,2018-01-16,0.009052279789125902
16,2018-01-17,0.02323672691349516
17,2018-01-18,0.01536285290157228
18,2018-01-19,0.003365888055654848
19,2018-01-20,0.008168587756126843
20,2018-01-21,0.006030076838771
21,2018-01-22,0.010920452992820344
22,2018-01-23,0.007671789541730966
23,2018-01-24,0.0008043297776759536
24,2018-01-25,0.0021906793566383903
25,2018-01-26,0.007783147400689311
26,2018-01-27,0.00312994243417268
27,2018-01-28,0.0016815207057491368
28,2018-01-29,0.0015924457058036137
29,2018-01-30,0.0051873613089367
30,2018-01-31,0.002095221490899066
31,2018-02-01,0.005943697098086299
32,2018-02-02,0.014866658575755814
33,2018-02-03,0.008084523542470844
34,2018-02-04,0.004792076052737231
35,2018-02-05,0.014463605193381667
36,2018-02-06,0.03149704125539276
37,2018-02-07,0.017958832338135382
38,2018-02-08,0.006589050700387261
39,2018-02-09,0.00302730832499745
40,2018-02-10,0.0037696920691213773
41,2018-02-11,0.007913702092618376
42,2018-02-12,0.0033258624437332344
43,2018-02-13,0.0012365571784434433
44,2018-02-14,0.0033183827512085645
45,2018-02-15,0.0024488503193033713
46,2018-02-16,0.0019155343951665408
47,2018-02-17,0.002507800875472132
48,2018-02-18,0.0033501293019373973
49,2018-02-19,0.0015553145291360168
50,2018-02-20,0.002455637281792171
51,2018-02-21,0.0028012197195393554
52,2018-02-22,0.0030292987706208446
53,2018-02-23,0.0020624702396308953
54,2018-02-24,0.0032670460453825207
55,2018-02-25,0.0011638353805761823
56,2018-02-26,0.003758220238585314
57,2018-02-27,0.0016821436149348648
58,2018-02-28,0.001854511637166008
59,2018-03-01,0.0007642703101277545
60,2018-03-02,0.0007664270062191625
61,2018-03-03,0.0010772753777485735
62,2018-03-04,0.0011666966217693496
63,2018-03-05,0.0004980600098319762
64,2018-03-06,0.0017382465604344145
65,2018-03-07,0.007239987359321662
66,2018-03-08,0.006192360834895185
67,2018-03-09,0.006042559827072286
68,2018-03-10,0.002314241222167955
69,2018-03-11,0.006296048418600339
70,2018-03-12,0.007050518193660075
71,2018-03-13,0.0008503989649561418
72,2018-03-14,0.0054994544665634935
73,2018-03-15,0.0043461660845817
74,2018-03-16,0.004484524675423323
75,2018-03-17,0.0014310394403596997
76,2018-03-18,0.012974338269503916
77,2018-03-19,0.002156601182203821
78,2018-03-20,0.003593656380511756
79,2018-03-21,0.0011367093348571566
80,2018-03-22,0.0017184136586514205
81,2018-03-23,0.002766355432137609
82,2018-03-24,0.002983108364463624
83,2018-03-25,0.0007098106055278637
84,2018-03-26,0.002444322473054277
85,2018-03-27,0.002153066376126308
86,2018-03-28,0.001198246194293961
87,2018-03-29,0.003721439470492525
88,2018-03-30,0.00568858274621393
89,2018-03-31,0.002633945236178763
90,2018-04-01,0.006837965815899162
91,2018-04-02,0.0008558409742685696
92,2018-04-03,0.0016429554593763427
93,2018-04-04,0.0034192418817222715
94,2018-04-05,5.3210942404848834e-05
95,2018-04-06,0.0004308861856343655
96,2018-04-07,0.0018568706640962127
97,2018-04-08,0.0008005146450817876
98,2018-04-09,0.0032482990919445484
99,2018-04-10,0.000321568392329298
100,2018-04-11,0.0002259985268360137
101,2018-04-12,0.015236927856620081
102,2018-04-13,0.002131884341415495
103,2018-04-14,0.0011311637568153894
104,2018-04-15,0.0011150454530111796
105,2018-04-16,0.0010079011400166778
106,2018-04-17,0.0007605057973937581
107,2018-04-18,0.0008691150022487518
108,2018-04-19,7.724593134309169e-05
109,2018-04-20,0.002098473838428439
110,2018-04-21,0.0010226547537112052
111,2018-04-22,0.0003798101753436613
112,2018-04-23,0.0002619706521642107
113,2018-04-24,0.0013069042358424372
114,2018-04-25,0.00231475019191573
115,2018-04-26,0.002247015248420446
116,2018-04-27,0.0010674069353366219
117,2018-04-28,0.0009015186060201769
118,2018-04-29,0.0009771604615377483
119,2018-04-30,0.0004117925567337984
120,2018-05-01,0.0011108297813527666
121,2018-05-02,0.0003558157049310868
122,2018-05-03,0.0013963359281481203
123,2018-05-04,0.0007285058318263373
124,2018-05-05,0.0002889041047279998
125,2018-05-06,0.0007269382936679404
126,2018-05-07,0.001325567703709848
127,2018-05-08,0.0004568117722010737
128,2018-05-09,0.000939405341435045
129,2018-05-10,0.000924632452161334
130,2018-05-11,0.001556955781816807
131,2018-05-12,0.0016160867678347702
132,2018-05-13,0.0003078551983933872
133,2018-05-14,0.0032741843499608657
134,2018-05-15,0.0009861783501707495
135,2018-05-16,0.0020145443042687726
136,2018-05-17,0.0005889516939148311
137,2018-05-18,0.0004536731264072796
138,2018-05-19,0.0007959078816697966
139,2018-05-20,0.00037187884733279835
140,2018-05-21,0.0001265655138966081
141,2018-05-22,0.0008229137204967512
142,2018-05-23,0.0008838509190062472
143,2018-05-24,0.0015372844072645215
144,2018-05-25,0.0006695119771675859
145,2018-05-26,0.0009854563792401152
146,2018-05-27,9.859496579486044e-05
147,2018-05-28,0.0008125913358597765
148,2018-05-29,0.0013305776794729197
149,2018-05-30,0.0006286287864134155
150,2018-05-31,0.0006919190895257577
151,2018-06-01,0.000977003240739401
152,2018-06-02,0.00044981821732585094
153,2018-06-03,9.665585533978668e-05
154,2018-06-04,0.00029748037697232936
155,2018-06-05,0.0005810169934420982
156,2018-06-06,0.0005277768199705483
157,2018-06-07,0.0001070275550861091
158,2018-06-08,0.00025446048809385616
159,2018-06-09,0.00034076043009209796
160,2018-06-10,0.004221788942964537
161,2018-06-11,0.0014101272629232385
162,2018-06-12,0.0017010978787145262
163,2018-06-13,0.0005685935341551913
164,2018-06-14,0.003869296046130235
165,2018-06-15,0.0007773785704138197
166,2018-06-16,0.000833680994155156
167,2018-06-17,0.0002485761412009444
168,2018-06-18,0.0013295409353870572
169,2018-06-19,5.083012572936533e-05
170,2018-06-20,0.0007906385956659082
171,2018-06-21,3.340160871311084e-05
172,2018-06-22,0.0030359592606322107
173,2018-06-23,0.0001805759682860161
174,2018-06-24,0.007126728423496818
175,2018-06-25,0.0002872611859718245
176,2018-06-26,0.00024257476643244522
177,2018-06-27,8.116407292023396e-05
178,2018-06-28,0.001323738420555426
179,2018-06-29,0.002805391580442838
180,2018-06-30,0.0009084949518315686
181,2018-07-01,0.00015889052818622598
182,2018-07-02,0.00184156457861819
183,2018-07-03,0.00043614381055955155
184,2018-07-04,0.0008083264282369588
185,2018-07-05,0.00033788251834913777
186,2018-07-06,0.00017027397590009126
187,2018-07-07,0.0010659916559332648
188,2018-07-08,0.0001345819389821312
189,2018-07-09,0.00010197261627643901
190,2018-07-10,0.0015458507513431987
191,2018-07-11,9.937117482200259e-05
192,2018-07-12,0.0009071865675685035
193,2018-07-13,0.00026711815433584017
194,2018-07-14,3.3485673626881105e-05
195,2018-07-15,0.00018695255608106896
196,2018-07-16,0.0018721420438204835
197,2018-07-17,0.005658679517579447
198,2018-07-18,0.0004569849057965344
199,2018-07-19,0.000341246198148843
200,2018-07-20,0.00035995232592161687
201,2018-07-21,0.00028275014040982175
202,2018-07-22,0.0004137185458536703
203,2018-07-23,0.0013094551807812844
204,2018-07-24,0.0024121726341075236
205,2018-07-25,0.0005022871324907725
206,2018-07-26,0.0019569057116797556
207,2018-07-27,0.0009875895940323883
208,2018-07-28,0.0002267535681293264
209,2018-07-29,0.00011993487803147482
210,2018-07-30,8.543605606484064e-05
211,2018-07-31,0.0011391095408332715
212,2018-08-01,0.000799945158471014
213,2018-08-02,0.0002614414576376356
214,2018-08-03,0.0013714506132326875
215,2018-08-04,0.003617678472477929
216,2018-08-05,0.00028882356065485605
217,2018-08-06,0.00023864190349148068
218,2018-08-07,0.002328340964068739
219,2018-08-08,0.0013552459360980957
220,2018-08-09,0.0005073688978298917
221,2018-08-10,0.0025020967289576066
222,2018-08-11,0.0027732881616301286
223,2018-08-12,0.0002171151783824639
224,2018-08-13,0.0008543134893852156
225,2018-08-14,0.0024167479044188327
226,2018-08-15,0.0011043194631458126
227,2018-08-16,0.0005503411311990926
228,2018-08-17,0.0006210053433212814
229,2018-08-18,0.0007898366031975046
230,2018-08-19,0.0005171671199207274
231,2018-08-20,0.0009931091771719516
232,2018-08-21,0.00037948715267286916
233,2018-08-22,0.0027510756782711397
234,2018-08-23,0.0005068722970370386
235,2018-08-24,0.000535874715414065
236,2018-08-25,0.00013510394578693496
237,2018-08-26,0.00036067484457050393
238,2018-08-27,0.0006676230877380958
239,2018-08-28,0.0003831911616024545
240,2018-08-29,0.00041896636177374817
241,2018-08-30,0.0009068221939771864
242,2018-08-31,0.00017999851417715344
243,2018-09-01,0.0004552526193497682
244,2018-09-02,0.00018455918319877887
245,2018-09-03,0.0001702136894252282
246,2018-09-04,8.22882045060382e-05
247,2018-09-05,0.003900552528859395
248,2018-09-06,0.0016729205150641695
249,2018-09-07,0.0004037646180216639
250,2018-09-08,0.0016457169369319654
251,2018-09-09,0.0013066602525322478
252,2018-09-10,0.00016352468839233924
253,2018-09-11,0.00016352419703126366
254,2018-09-12,0.00011702106383592638
255,2018-09-13,0.00027574821365768397
256,2018-09-14,0.00047194756560667425
257,2018-09-15,2.997643841033491e-05
258,2018-09-16,0.00013331115521319494
259,2018-09-17,0.0011537317862740607
260,2018-09-18,0.0002533471154884416
261,2018-09-19,0.00033503298156384374
262,2018-09-20,0.00014492495964204925
263,2018-09-21,0.0005047114254517947
264,2018-09-22,0.00010237610121236955
265,2018-09-23,0.00012560243312738484
266,2018-09-24,0.00027529140981465627
267,2018-09-25,0.0006615672747581176
268,2018-09-26,0.0003511498776547253
269,2018-09-27,0.0008736042779260209
270,2018-09-28,0.0005645123547428046
271,2018-09-29,0.0005536650263674875
272,2018-09-30,7.799430826294668e-05
273,2018-10-01,0.00011049593166903495
274,2018-10-02,3.7500051226942274e-05
275,2018-10-03,0.00024856746729047107
276,2018-10-04,0.000249176028074193
277,2018-10-05,5.8999777355706845e-05
278,2018-10-06,5.0647461190824427e-05
279,2018-10-07,7.129583429193087e-05
280,2018-10-08,9.440510262931034e-05
281,2018-10-09,2.3000486538410072e-05
282,2018-10-10,0.00011945388069363066
283,2018-10-11,0.002110957937456529
284,2018-10-12,0.00017726437384925613
285,2018-10-13,1.5540195778487596e-05
286,2018-10-14,0.00019016790908498766
287,2018-10-15,0.006363862499164005
288,2018-10-16,0.00032459721192993886
289,2018-10-17,4.708376167163956e-05
290,2018-10-18,0.00013442291021027882
291,2018-10-19,5.97740340012667e-05
292,2018-10-20,7.04288625237125e-05
293,2018-10-21,6.651540901205159e-05
294,2018-10-22,5.422356683943959e-05
295,2018-10-23,4.7555979674743857e-05
296,2018-10-24,5.857260854992185e-05
297,2018-10-25,3.7451337593450134e-05
298,2018-10-26,2.0451355566820746e-05
299,2018-10-27,4.5046243121012656e-05
300,2018-10-28,2.602750081583812e-05
301,2018-10-29,0.00022260629966751783
302,2018-10-30,2.9237024541384046e-05
303,2018-10-31,8.631118868636732e-05
304,2018-11-01,4.854242986613005e-05
305,2018-11-02,2.121985833920366e-05
306,2018-11-03,5.157813780326473e-05
307,2018-11-04,0.00015076554427225213
308,2018-11-05,4.006347771443309e-05
309,2018-11-06,0.00010108306258980269
310,2018-11-07,0.00011485590673356436
311,2018-11-08,0.00016321710927203674
312,2018-11-09,0.00013193645451687263
313,2018-11-10,1.8073746040603126e-05
314,2018-11-11,0.00012161849981292575
315,2018-11-12,7.09318210580738e-06
316,2018-11-13,6.146215007511526e-06
317,2018-11-14,0.005180598604301445
318,2018-11-15,0.0018250298051386428
319,2018-11-16,0.00031574164701560887
320,2018-11-17,0.0002524763190365687
321,2018-11-18,0.0001954330392020045
322,2018-11-19,0.0035506180116552776
323,2018-11-20,0.01660427038585318
324,2018-11-21,0.001461365293909922
325,2018-11-22,0.0015235201440900108
326,2018-11-23,0.0005180480262360947
327,2018-11-24,0.0076695466201783915
328,2018-11-25,0.004370800050469794
329,2018-11-26,0.00339632202439763
330,2018-11-27,0.0012005412901338747
331,2018-11-28,0.004001825187876676
332,2018-11-29,0.0034548142257156537
333,2018-11-30,0.0027162825788063926
334,2018-12-01,0.002697638623581027
335,2018-12-02,0.00012963958343085947
336,2018-12-03,0.002229489934173736
337,2018-12-04,0.002130876951567316
338,2018-12-05,0.0016154373418699592
339,2018-12-06,0.004053645000139171
340,2018-12-07,0.005423931556838784
341,2018-12-08,0.0005390963561630347
342,2018-12-09,0.0016681436620576671
343,2018-12-10,0.000942549674228074
344,2018-12-11,0.00033421043085639493
345,2018-12-12,0.00024899066693414147
346,2018-12-13,0.0009263018321040339
347,2018-12-14,0.00031161154277256604
348,2018-12-15,0.0004061789454238764
349,2018-12-16,0.0005818773210819608
350,2018-12-17,0.0032780045340584938
351,2018-12-18,0.0013419125764818655
352,2018-12-19,0.002160616557812359
353,2018-12-20,0.0040972375532970515
354,2018-12-21,0.0016961663659646757
355,2018-12-22,0.0008530589109398082
356,2018-12-23,0.0007322416153493422
357,2018-12-24,0.003362714847347872
358,2018-12-25,0.006365748890754511
359,2018-12-26,0.000790296346074347
360,2018-12-27,0.0017248321165483308
361,2018-12-28,0.0023659940797457284
362,2018-12-29,0.0011187489900230238
363,2018-12-30,0.0003863546410410297
364,2018-12-31,0.0006032051699196145
365,2019-01-01,0.0007728352718377272
366,2019-01-02,0.00018211365340724793
367,2019-01-03,0.00027288086471844147
368,2019-01-04,0.00034246597133108
369,2019-01-05,0.0002257703241232805
370,2019-01-06,0.002709454506729139
371,2019-01-07,5.584569422320512e-05
372,2019-01-08,0.00029993670608196226
373,2019-01-09,0.00013598567362358221
374,2019-01-10,0.0041043198161147265
375,2019-01-11,5.560189891099549e-05
376,2019-01-12,8.078437298845256e-05
377,2019-01-13,0.0009101914614390404
378,2019-01-14,0.0017081274136323548
379,2019-01-15,0.00017805283677924086
380,2019-01-16,0.00014413636718254793
381,2019-01-17,7.22715812449898e-05
382,2019-01-18,0.0001788804883596506
383,2019-01-19,0.000629332056396059
384,2019-01-20,0.0010212148078127033
385,2019-01-21,6.599516339798154e-05
386,2019-01-22,0.00021001822869584914
387,2019-01-23,0.0001440455953609606
388,2019-01-24,8.497032113056437e-05
389,2019-01-25,0.0001318114199824044
390,2019-01-26,0.00027515512858108796
391,2019-01-27,9.596519433626521e-05
392,2019-01-28,0.0005627099808638223
393,2019-01-29,0.0005113592078185246
394,2019-01-30,0.00010703432514123667
395,2019-01-31,0.0002309604682801378
396,2019-02-01,0.00017047860242540717
397,2019-02-02,0.0002340572996832038
398,2019-02-03,0.00012248344507795482
399,2019-02-04,0.00013299877042083266
400,2019-02-05,1.152801951104817e-05
401,2019-02-06,0.00028297602739140343
402,2019-02-07,7.424393133845308e-06
403,2019-02-08,0.0024907367133033035
404,2019-02-09,0.00011881444063789927
405,2019-02-10,0.0001600123461636841
406,2019-02-11,0.00020901491939362237
407,2019-02-12,0.00010818282337371275
408,2019-02-13,5.297277442268616e-05
409,2019-02-14,7.877488169572778e-05
410,2019-02-15,0.00012549593788293645
411,2019-02-16,3.279468527820785e-05
412,2019-02-17,0.00024008403419110026
413,2019-02-18,0.0011047340486740104
414,2019-02-19,0.0005982659481028634
415,2019-02-20,0.00016045485279783786
416,2019-02-21,0.00011020688796735615
417,2019-02-22,5.9729261608040166e-05
418,2019-02-23,0.001517125253302316
419,2019-02-24,0.008436716221613736
420,2019-02-25,0.00040837368162198847
421,2019-02-26,9.120523661696297e-05
422,2019-02-27,3.843132483508165e-05
423,2019-02-28,0.00010874690929329977
424,2019-03-01,7.169746384106854e-05
425,2019-03-02,0.00010969916455861947
426,2019-03-03,5.4303644429176544e-05
427,2019-03-04,0.0004394931381668164
428,2019-03-05,0.000661018341506126
429,2019-03-06,0.00010486118570439314
430,2019-03-07,6.274658583365112e-05
431,2019-03-08,0.0002849182761481667
432,2019-03-09,0.0002339426357498931
433,2019-03-10,6.740688266443114e-05
434,2019-03-11,0.00018610214511753892
435,2019-03-12,0.0002890165016573071
436,2019-03-13,7.147119413553407e-05
437,2019-03-14,4.107261240663805e-05
438,2019-03-15,7.35818027620878e-05
439,2019-03-16,0.00033655175374638446
440,2019-03-17,8.970478292973846e-05
441,2019-03-18,0.00011982231607868564
442,2019-03-19,2.5895429870269143e-05
443,2019-03-20,5.792531904763428e-05
444,2019-03-21,0.0002830160830211862
445,2019-03-22,2.0988421354407246e-05
446,2019-03-23,4.263779717687812e-05
447,2019-03-24,2.766931305690831e-05
448,2019-03-25,8.698890214707829e-05
449,2019-03-26,8.431152503392225e-05
450,2019-03-27,0.00026552322486903413
451,2019-03-28,9.017436721405901e-05
452,2019-03-29,0.0003087023554379872
453,2019-03-30,5.847766022439446e-05
454,2019-03-31,5.457453139590264e-05
455,2019-04-01,6.457938129999488e-05
456,2019-04-02,0.012452654751739426
457,2019-04-03,0.0030564171840326707
458,2019-04-04,0.0019610110145190413
459,2019-04-05,0.00023868500769911558
460,2019-04-06,0.0008402375680160461
461,2019-04-07,0.000374977372751083
462,2019-04-08,0.0018330206915276087
463,2019-04-09,0.0002854009488494216
464,2019-04-10,0.0006915856475260964
465,2019-04-11,0.0022569235431857634
466,2019-04-12,0.00018586577937897193
467,2019-04-13,0.0001760371170416741
468,2019-04-14,0.00014850003265435595
469,2019-04-15,0.0006365994926078873
470,2019-04-16,0.0003600801800909563
471,2019-04-17,0.00010111773231064898
472,2019-04-18,0.00017716036239632147
473,2019-04-19,0.00012034766915944795
474,2019-04-20,7.458414602204991e-05
475,2019-04-21,0.00020359551447077072
476,2019-04-22,0.00027302166655903147
477,2019-04-23,0.000610724803782952
478,2019-04-24,0.0006343088190968572
479,2019-04-25,0.00214674392690824
480,2019-04-26,0.0007775534043473431
481,2019-04-27,0.0002067436631488041
482,2019-04-28,0.00010349151822617499
483,2019-04-29,8.25377595619592e-05
484,2019-04-30,0.0002274180496462266
485,2019-05-01,9.234756018743549e-05
486,2019-05-02,0.00025706473201003764
487,2019-05-03,0.0007643676187105832
488,2019-05-04,0.001714738327842706
489,2019-05-05,0.00016382636419254003
490,2019-05-06,0.0007523135866796427
491,2019-05-07,0.001605265732958399
492,2019-05-08,0.0001220068107032067
493,2019-05-09,0.00048057180392953
494,2019-05-10,0.0005455560622125129
495,2019-05-11,0.004217702567370866
496,2019-05-12,0.0061163436681692255
497,2019-05-13,0.006469489810342008
498,2019-05-14,0.004296866223941976
499,2019-05-15,0.0009127357784166498
500,2019-05-16,0.0018297485771261767
501,2019-05-17,0.006288602685047788
502,2019-05-18,0.00036492278312626284
503,2019-05-19,0.007721130034643804
504,2019-05-20,0.0009077494711391506
505,2019-05-21,0.00022244669255841785
506,2019-05-22,0.0015404916133842548
507,2019-05-23,0.0007024295810266464
508,2019-05-24,0.0004474560344976297
509,2019-05-25,0.00022524661224768004
510,2019-05-26,0.004290182226834593
511,2019-05-27,0.00023903619075746186
512,2019-05-28,7.508008134710628e-05
513,2019-05-29,0.00036595272494803895
514,2019-05-30,0.003776762632866448
515,2019-05-31,0.0003605199035180635
516,2019-06-01,3.34158070251608e-05
517,2019-06-02,0.0004122149942141934
518,2019-06-03,0.0037564290004185514
519,2019-06-04,0.002468498965827029
520,2019-06-05,0.0010371398228582434
521,2019-06-06,0.0012934043254755959
522,2019-06-07,0.00043811752735981204
523,2019-06-08,0.0005103726558749286
524,2019-06-09,0.0004933222057797163
525,2019-06-10,0.0008695929727215465
526,2019-06-11,0.0005995555089771815
527,2019-06-12,0.0005694061898397976
528,2019-06-13,0.00022002104521978745
529,2019-06-14,0.001384429903100828
530,2019-06-15,0.0004136803162316616
531,2019-06-16,0.0028694865123200476
532,2019-06-17,0.0009694442742486753
533,2019-06-18,0.0004601138918917708
534,2019-06-19,0.0002538796698593837
535,2019-06-20,0.0004638559276592995
536,2019-06-21,0.001413049375984252
537,2019-06-22,0.001970847585223859
538,2019-06-23,0.0009246292675901886
539,2019-06-24,0.0005358912769851242
540,2019-06-25,0.001683458028650019
541,2019-06-26,0.012588829723079861
542,2019-06-27,0.008417952341192771
543,2019-06-28,0.005850386706724972
544,2019-06-29,0.0051502533332933136
545,2019-06-30,0.0050834970992705425
546,2019-07-01,0.0065494519010573325
547,2019-07-02,0.007059528346976341
548,2019-07-03,0.005724168620911355
549,2019-07-04,0.0032949733648411834
550,2019-07-05,0.0009386034434028842
551,2019-07-06,0.0027379943202504786
552,2019-07-07,0.0009285498142394565
553,2019-07-08,0.002531932028953915
554,2019-07-09,0.001664652563050201
555,2019-07-10,0.0038016472075903225
556,2019-07-11,0.0018116271693768664
557,2019-07-12,0.0022278678635968855
558,2019-07-13,0.0012913679082184402
559,2019-07-14,0.003538495471329961
560,2019-07-15,0.0014268605272508724
561,2019-07-16,0.007740026782482945
562,2019-07-17,0.0061415502092532215
563,2019-07-18,0.0049625917501
564,2019-07-19,0.0011152325327085048
565,2019-07-20,0.0009124764272594109
566,2019-07-21,0.0007091108784567529
567,2019-07-22,0.0013638654413986018
568,2019-07-23,0.0014031720977517566
569,2019-07-24,0.001793762806650979
570,2019-07-25,0.0013742923392152764
571,2019-07-26,0.0004475914438004982
572,2019-07-27,0.0038174846001735405
573,2019-07-28,7.699270132187152e-05
574,2019-07-29,0.00028366157083418504
575,2019-07-30,0.0004417263765335612
576,2019-07-31,0.0010567249186520463
577,2019-08-01,0.0008366622101421988
578,2019-08-02,0.000811924043171319
579,2019-08-03,0.0007541533000432794
580,2019-08-04,0.0007762459977490793
581,2019-08-05,0.003191179511614015
582,2019-08-06,0.0032373834900290078
583,2019-08-07,0.0008257115986454629
584,2019-08-08,0.0012493089739484492
585,2019-08-09,0.00043838674194084836
586,2019-08-10,0.0015021430315524332
587,2019-08-11,0.00043493268659094937
588,2019-08-12,0.00017143922009929693
589,2019-08-13,0.0009178609361519038
590,2019-08-14,0.0018585764720782537
591,2019-08-15,0.0016969735589109345
592,2019-08-16,0.002415601808374861
593,2019-08-17,0.00029076697585513013
594,2019-08-18,0.0007344087753541433
595,2019-08-19,0.0013939020389351084
596,2019-08-20,0.00028384089879310114
597,2019-08-21,0.00248554631311304
598,2019-08-22,0.001023789326880412
599,2019-08-23,0.0008121630206030283
600,2019-08-24,0.0009820889851013725
601,2019-08-25,6.065801684505528e-05
602,2019-08-26,0.0002765440489437897
603,2019-08-27,0.0003756997246288911
604,2019-08-28,0.0033945216000508156
605,2019-08-29,0.0007994069220790147
606,2019-08-30,0.00011294148609766254
607,2019-08-31,5.613036001526307e-05
608,2019-09-01,0.00016288006099403728
609,2019-09-02,0.0012478640324233886
610,2019-09-03,0.0006404973592262798
611,2019-09-04,0.0009726598277714718
612,2019-09-05,3.070997962305634e-05
613,2019-09-06,0.0021815043966846833
614,2019-09-07,6.122633106825231e-05
615,2019-09-08,0.0002627183753669812
616,2019-09-09,0.0011051900544111672
617,2019-09-10,0.0003605943147899332
618,2019-09-11,0.00023577852596365885
619,2019-09-12,0.00039725933422075064
620,2019-09-13,0.00033841864066299547
621,2019-09-14,0.00010544839076366434
622,2019-09-15,2.5298043218090044e-05
623,2019-09-16,0.00036789271629835297
624,2019-09-17,9.8398082044998e-05
625,2019-09-18,1.7473430743539677e-05
626,2019-09-19,0.001885324618335197
627,2019-09-20,6.494491644599223e-05
628,2019-09-21,6.351834658342506e-05
629,2019-09-22,0.00036985515521650153
630,2019-09-23,0.00028895207746346347
631,2019-09-24,0.018747531273138277
632,2019-09-25,0.0009276443459948951
633,2019-09-26,0.003621200814936958
634,2019-09-27,0.0005669950425414471
635,2019-09-28,0.000389347816772669
636,2019-09-29,0.0005058824104784681
637,2019-09-30,0.0021894190266399985
638,2019-10-01,0.00031247686314793123
639,2019-10-02,0.0003103276824635322
640,2019-10-03,0.0003429730444142125
641,2019-10-04,0.00020268688698824372
642,2019-10-05,5.4377999241150955e-05
643,2019-10-06,0.0005077327467969705
644,2019-10-07,0.0008295169073060183
645,2019-10-08,8.671916632807636e-05
646,2019-10-09,0.0019961373856628986
647,2019-10-10,0.0001697182536193003
648,2019-10-11,0.0006493407649191731
649,2019-10-12,0.000216671600153033
650,2019-10-13,0.0003729301222956809
651,2019-10-14,9.880973734045346e-05
652,2019-10-15,0.00033015592384324355
653,2019-10-16,0.00030924125952625186
654,2019-10-17,0.0001627072374980988
655,2019-10-18,0.0003604573144831207
656,2019-10-19,4.841182868504637e-05
657,2019-10-20,0.00077198707792635
658,2019-10-21,2.0971269825267696e-05
659,2019-10-22,0.000466347328051174
660,2019-10-23,0.004526786306759399
661,2019-10-24,0.0001254709522045687
662,2019-10-25,0.009702371427221707
663,2019-10-26,0.01184026282685595
664,2019-10-27,0.0017511364301772423
665,2019-10-28,0.0008289526769025646
666,2019-10-29,0.00093606725739207
667,2019-10-30,0.0005568138609285746
668,2019-10-31,0.00020116687461296296
669,2019-11-01,0.0002744291930156245
670,2019-11-02,8.448818811515954e-05
671,2019-11-03,0.00024808610728295504
672,2019-11-04,0.00032863122406551714
673,2019-11-05,0.0005541299759241803
674,2019-11-06,0.00016489243536213592
675,2019-11-07,7.87433949952362e-05
676,2019-11-08,0.0008637780399615967
677,2019-11-09,0.00010462935409416731
678,2019-11-10,0.0008776194626008466
679,2019-11-11,0.0006790641110011916
680,2019-11-12,0.00014625489254983093
681,2019-11-13,0.00013879387811640534
682,2019-11-14,0.0001284286200236532
683,2019-11-15,0.00046858212960465003
684,2019-11-16,3.1026890179431914e-05
685,2019-11-17,0.0002056198273827354
686,2019-11-18,0.0006098850584008208
687,2019-11-19,9.518462974482011e-05
688,2019-11-20,6.781176912198767e-05
689,2019-11-21,0.0017679538923472047
690,2019-11-22,0.00444659461210343
691,2019-11-23,0.00045550600221440075
692,2019-11-24,0.0017112080575313743
693,2019-11-25,0.004957923623295342
694,2019-11-26,0.0006410724715235825
695,2019-11-27,0.0018896360694077396
696,2019-11-28,0.0009450246278228127
697,2019-11-29,0.0016913228743888925
698,2019-11-30,0.00042550606211886314
699,2019-12-01,0.0012282347370463405
700,2019-12-02,0.0002893951453364925
701,2019-12-03,0.00022185318466795643
702,2019-12-04,0.00341114097267616
703,2019-12-05,0.0002818285986353921
704,2019-12-06,0.0002624764153523404
705,2019-12-07,2.1005380699551263e-05
706,2019-12-08,0.0002910227527170602
707,2019-12-09,0.00013849531799486447
708,2019-12-10,0.00025739435858315566
709,2019-12-11,7.205011079862661e-05
710,2019-12-12,9.46537824419008e-05
711,2019-12-13,3.550228615768238e-05
712,2019-12-14,0.00040471026969212244
713,2019-12-15,0.00016659002722965344
714,2019-12-16,0.0007610145893640852
715,2019-12-17,0.001381905678109939
716,2019-12-18,0.003588489891469619
717,2019-12-19,0.00044213229544763497
718,2019-12-20,2.896677079886593e-05
719,2019-12-21,4.8037788774115286e-05
720,2019-12-22,0.001142098770796873
721,2019-12-23,0.001033271606888274
722,2019-12-24,0.0005108190126160871
723,2019-12-25,0.00013457200329416698
724,2019-12-26,0.00036612205320379464
725,2019-12-27,0.0003526670400410272
726,2019-12-28,7.604455373148294e-05
727,2019-12-29,0.0003059158395165598
728,2019-12-30,0.00021401427413235592
729,2019-12-31,7.171010304618204e-05
730,2020-01-01,6.201525411637324e-05
731,2020-01-02,0.0005806213172381337
732,2020-01-03,0.0016600270613772842
733,2020-01-04,2.557185707987657e-05
734,2020-01-05,0.00048003183071484897
735,2020-01-06,0.0014544645266717157
736,2020-01-07,0.002192703734200692
737,2020-01-08,0.0023283556828398067
738,2020-01-09,0.0004130372076559386
739,2020-01-10,0.0012605254010801307
740,2020-01-11,0.0005424532296022129
741,2020-01-12,0.0001511174011492254
742,2020-01-13,0.00011397963482579901
743,2020-01-14,0.002321980012103867
744,2020-01-15,0.0004468582320405117
745,2020-01-16,0.0004929218064007577
746,2020-01-17,0.0004206583883064666
747,2020-01-18,9.560935463888327e-05
748,2020-01-19,0.0028292791758784625
749,2020-01-20,0.00013259520499220165
750,2020-01-21,0.0007688866853593774
751,2020-01-22,8.858709169828733e-05
752,2020-01-23,0.0005263341457542048
753,2020-01-24,0.0003568256712465571
754,2020-01-25,0.00032099611918509174
755,2020-01-26,0.0003343850941876023
756,2020-01-27,0.0004379293533265774
757,2020-01-28,0.0022625699694615027
758,2020-01-29,0.0002581245001545708
759,2020-01-30,0.00034583739069770264
760,2020-01-31,0.00017157129953082552
761,2020-02-01,0.00015009456227594797
762,2020-02-02,0.00045398127526228107
763,2020-02-03,0.00015192448790010333
764,2020-02-04,0.00011542749391775689
765,2020-02-05,0.0006928435410118434
766,2020-02-06,0.0001742765994568763
767,2020-02-07,3.608555835626959e-05
768,2020-02-08,0.0001752346432964312
769,2020-02-09,0.00036700582480443824
770,2020-02-10,0.00044616396695047267
771,2020-02-11,0.0015116117857010818
772,2020-02-12,0.00014308809230395702
773,2020-02-13,0.0004645230571467036
774,2020-02-14,0.00042769342793651715
775,2020-02-15,0.000754627298941066
776,2020-02-16,0.0006102735219668054
777,2020-02-17,0.0004127521408419355
778,2020-02-18,0.0008873811433138763
779,2020-02-19,0.003357557071229874
780,2020-02-20,6.146797954576544e-05
781,2020-02-21,0.00015252185103766528
782,2020-02-22,8.728434294912919e-05
783,2020-02-23,0.00035735878819641515
784,2020-02-24,0.0006518110098568976
785,2020-02-25,0.0008496290195241997
786,2020-02-26,0.0009383563344910162
787,2020-02-27,0.0003039472837092084
788,2020-02-28,0.0011578185162151098
789,2020-02-29,0.00034192513584389183
790,2020-03-01,0.00047095811459853525
791,2020-03-02,0.00040330981109233747
792,2020-03-03,0.0005039285891997818
793,2020-03-04,0.00017128248134371397
794,2020-03-05,0.0008498913893551437
795,2020-03-06,0.0003668428709022095
796,2020-03-07,0.0006553281568879862
797,2020-03-08,0.003023340955826502
798,2020-03-09,0.0008562879847507998
799,2020-03-10,0.002690006170965063
800,2020-03-11,0.00034443673734810433
801,2020-03-12,0.09574960676675587
802,2020-03-13,0.011079717357514776
803,2020-03-14,0.0027627834733947136
804,2020-03-15,0.001632915943713812
805,2020-03-16,0.028146925086361393
806,2020-03-17,0.0039567421453272095
807,2020-03-18,0.0038492453103724238
808,2020-03-19,0.007401077205718193
809,2020-03-20,0.00751912219908711
810,2020-03-21,0.0007008765200222525
811,2020-03-22,0.0024120701468098448
812,2020-03-23,0.006023322692974551
813,2020-03-24,0.0015299557157149525
814,2020-03-25,0.0020722977531548235
815,2020-03-26,0.000693329853596186
816,2020-03-27,0.0024352979742947125
817,2020-03-28,0.0016618069561341023
818,2020-03-29,0.00146581538522176
819,2020-03-30,0.002302402180677753
820,2020-03-31,0.00025781166235780265
821,2020-04-01,0.004826651285680228
822,2020-04-02,0.0003960154640734505
823,2020-04-03,0.0024775296414233346
824,2020-04-04,0.0003873378274000218
825,2020-04-05,0.00010920014076958437
826,2020-04-06,0.0013462245385540547
827,2020-04-07,0.00029564118821209285
828,2020-04-08,0.0005083218737998655
829,2020-04-09,0.0006864110456013008
830,2020-04-10,0.002302671876962967
831,2020-04-11,0.00024255073630803653
832,2020-04-12,0.0017602684656335085
833,2020-04-13,0.001324007857033103
834,2020-04-14,0.00032193340226927675
835,2020-04-15,0.0006307588837466227
836,2020-04-16,0.0016529274537279313
837,2020-04-17,0.0001291135933220949
838,2020-04-18,0.0004986078417203686
839,2020-04-19,0.0002619009449839698
840,2020-04-20,0.003146308705468903
841,2020-04-21,0.00024858681057826236
842,2020-04-22,0.0006668297125314303
843,2020-04-23,0.0030419909895832925
844,2020-04-24,0.00017164240367017146
845,2020-04-25,4.9698711513357486e-05
846,2020-04-26,0.0006788555258720694
847,2020-04-27,0.0001584296340731661
848,2020-04-28,0.00011471477374264699
849,2020-04-29,0.003467020455842289
850,2020-04-30,0.00546595630970874
851,2020-05-01,0.0017452486094918023
852,2020-05-02,0.00032098896930544897
853,2020-05-03,0.001293836778996961
854,2020-05-04,0.0008252169212127834
855,2020-05-05,0.0008698720734543634
856,2020-05-06,0.001185723817550615
857,2020-05-07,0.002263239441296963
858,2020-05-08,0.0004744591233135294
859,2020-05-09,0.0012786287575026678
860,2020-05-10,0.011664165775998577
861,2020-05-11,0.0015797060882118093
862,2020-05-12,0.0007970376578327935
863,2020-05-13,0.0008597256450167567
864,2020-05-14,0.0009457282274454295
865,2020-05-15,0.0018980123577555484
866,2020-05-16,0.00017197907390267668
867,2020-05-17,0.001353050977606493
868,2020-05-18,0.0006687961311387855
869,2020-05-19,0.001006151142207044
870,2020-05-20,0.0012317914676613236
871,2020-05-21,0.0011329846592708166
872,2020-05-22,0.0002985228879221193
873,2020-05-23,0.0002648232375037821
874,2020-05-24,0.0014723420637527025
875,2020-05-25,0.000604440647451693
876,2020-05-26,0.00046610099721620404
877,2020-05-27,0.0011775211070446793
878,2020-05-28,0.0010060711806222143
879,2020-05-29,0.0001984643386814658
880,2020-05-30,0.0005169599200699628
881,2020-05-31,0.00034522290406067464
882,2020-06-01,0.0039633014448964814
883,2020-06-02,0.004416995027708058
884,2020-06-03,0.0002323570784922232
885,2020-06-04,0.0004533964808069372
886,2020-06-05,0.00019419826397029666
887,2020-06-06,0.00010483020708565782
888,2020-06-07,0.0009978951546736937
889,2020-06-08,0.00010796545800762438
890,2020-06-09,0.00013444069001555876
891,2020-06-10,0.00011650714659319186
892,2020-06-11,0.0014995091523622337
893,2020-06-12,0.00027150967167868
894,2020-06-13,0.00013664792207834092
895,2020-06-14,6.78914614299563e-05
896,2020-06-15,0.0009367189178009578
897,2020-06-16,0.00033377637071165504
898,2020-06-17,0.0005659327421426404
899,2020-06-18,4.414765106186136e-05
900,2020-06-19,0.0002964021481601119
901,2020-06-20,0.00013264455538174863
902,2020-06-21,4.315081155601769e-05
903,2020-06-22,0.00034571765564740296
904,2020-06-23,7.628518307512582e-05
905,2020-06-24,0.0007004897695395045
906,2020-06-25,0.0006548356225261632
907,2020-06-26,0.00016982786301660607
908,2020-06-27,0.0005218948652614831
909,2020-06-28,0.00021854097535113103
910,2020-06-29,3.797401862119089e-05
911,2020-06-30,2.5840495953785405e-05
912,2020-07-01,0.00013772751269973093
913,2020-07-02,0.0002803599095055365
914,2020-07-03,1.2449596037621068e-05
915,2020-07-04,5.180359610563154e-05
916,2020-07-05,7.770476250640228e-05
917,2020-07-06,0.00026997195045083634
918,2020-07-07,6.345052682978842e-05
919,2020-07-08,0.00017253112281626415
920,2020-07-09,0.0004478300348535031
921,2020-07-10,0.00016993220628825235
922,2020-07-11,6.893823278296644e-05
923,2020-07-12,0.00010659412845809777
924,2020-07-13,6.725074354271132e-05
925,2020-07-14,8.27482586123336e-05
926,2020-07-15,1.756025971166309e-05
927,2020-07-16,0.00011462183510554822
928,2020-07-17,1.8448328523980836e-05
929,2020-07-18,1.4362820082892325e-05
930,2020-07-19,5.901554517271905e-05
931,2020-07-20,2.8717666276830572e-05
932,2020-07-21,0.0002506642522125333
933,2020-07-22,0.0003111661699672642
934,2020-07-23,6.298206326492078e-05
935,2020-07-24,8.471836570124954e-05
936,2020-07-25,9.943032077612424e-05
937,2020-07-26,0.0008265287919940373
938,2020-07-27,0.003923416896025718
939,2020-07-28,0.0006473047283713596
940,2020-07-29,0.00024115413848875046
941,2020-07-30,0.00027106829985266674
942,2020-07-31,0.0005371885256532215
943,2020-08-01,0.0008409366430484709
944,2020-08-02,0.004157730094328327
945,2020-08-03,0.0005024780912383771
946,2020-08-04,0.00030199895377741674
947,2020-08-05,0.0006790497255825654
948,2020-08-06,0.00031903797629164837
949,2020-08-07,0.00038934803938632496
950,2020-08-08,0.00032351231077614915
951,2020-08-09,0.0001623489899839191
952,2020-08-10,0.001384545081702804
953,2020-08-11,0.000584842324425043
954,2020-08-12,0.00015810703487003757
955,2020-08-13,0.0005758195973196991
956,2020-08-14,0.00010504312535502882
957,2020-08-15,0.00014120224178057955
958,2020-08-16,0.00030843635886004166
959,2020-08-17,0.001809390783704117
960,2020-08-18,0.0004384408699351161
961,2020-08-19,0.0002957006870359754
962,2020-08-20,0.00012129608243859237
963,2020-08-21,0.00027224384968879407
964,2020-08-22,0.00014716487476160956
965,2020-08-23,0.0002228492353674307
966,2020-08-24,6.920027146314581e-05
967,2020-08-25,0.0005303206610472077
968,2020-08-26,0.00010055941527191509
969,2020-08-27,0.00022147785213161633
970,2020-08-28,0.00011780134281178397
971,2020-08-29,0.00016912194721160342
972,2020-08-30,0.00020093876252868384
973,2020-08-31,0.0001294482706123805
974,2020-09-01,0.0006823350155497794
975,2020-09-02,0.0009505401872308225
976,2020-09-03,0.005459146557773333
977,2020-09-04,0.0005856203779235446
978,2020-09-05,0.0017476167698754204
979,2020-09-06,0.00019364752391977575
980,2020-09-07,0.0007850566320345689
981,2020-09-08,0.001269099087903554
982,2020-09-09,0.0003999115870471607
983,2020-09-10,0.0007128742061178097
984,2020-09-11,0.00022059729509293278
985,2020-09-12,0.00011774262079423492
986,2020-09-13,0.0005701372309876221
987,2020-09-14,0.0005448850995693348
988,2020-09-15,0.00012261775413939006
989,2020-09-16,0.00025434602971439893
990,2020-09-17,0.0001287612494818841
991,2020-09-18,0.00010735127308902697
992,2020-09-19,0.0005336199595402355
993,2020-09-20,0.00027880880293677194
994,2020-09-21,0.0011889037200217283
995,2020-09-22,0.00013618532477864708
996,2020-09-23,0.00033759790149849746
997,2020-09-24,0.00042904250817729693
998,2020-09-25,0.00013142626815428133
999,2020-09-26,5.7531320997580645e-06
1000,2020-09-27,0.00031329230563003913
1001,2020-09-28,0.0003837271688433052
1002,2020-09-29,0.00012191942330416666
1003,2020-09-30,0.0002513749430247719
1004,2020-10-01,0.0004333880174446231
1005,2020-10-02,0.00033611776795057426
1006,2020-10-03,3.4018599259628e-05
1007,2020-10-04,9.866486714395762e-05
1008,2020-10-05,6.716595992899164e-05
1009,2020-10-06,0.0003025717131923485
1010,2020-10-07,3.79186532005334e-05
1011,2020-10-08,0.0007462288116690677
1012,2020-10-09,0.0002514441302987907
1013,2020-10-10,0.0010275959280919144
1014,2020-10-11,6.597491260358671e-05
1015,2020-10-12,0.0008278850654711975
1016,2020-10-13,0.00014529750344389688
1017,2020-10-14,0.00010209889259865678
1018,2020-10-15,0.00023527090769846654
1019,2020-10-16,0.00031243509698150823
1020,2020-10-17,2.072142412359859e-05
1021,2020-10-18,0.00010699914480638196
1022,2020-10-19,0.0009840163687418722
1023,2020-10-20,0.0001731279274067532
1024,2020-10-21,0.001764359048025698
1025,2020-10-22,0.0004823344211034606
1026,2020-10-23,8.325686390364028e-05
1027,2020-10-24,0.00012606200966808111
1028,2020-10-25,0.0006994788225084453
1029,2020-10-26,0.0002941733958308187
1030,2020-10-27,0.0006900896123126227
1031,2020-10-28,0.0009841847762348534
1032,2020-10-29,0.0009980589367604223
1033,2020-10-30,0.0005761017756776274
1034,2020-10-31,0.0008102642386250348
1035,2020-11-01,0.00021359245474234534
1036,2020-11-02,0.0006857809696964454
1037,2020-11-03,0.0008589307037597631
1038,2020-11-04,0.0010138505372988159
1039,2020-11-05,0.0021348583117929963
1040,2020-11-06,0.0006976123065052901
1041,2020-11-07,0.0025469939912946505
1042,2020-11-08,0.000553609283014968
1043,2020-11-09,0.004172965688512855
1044,2020-11-10,0.0001539207406450798
1045,2020-11-11,0.00034534507916698904
1046,2020-11-12,0.0009745645325709783
1047,2020-11-13,0.0003418612887511454
1048,2020-11-14,0.00032644076870955326
1049,2020-11-15,0.0002569883179983511
1050,2020-11-16,0.0008081476982935816
1051,2020-11-17,0.0011435093055630382
1052,2020-11-18,0.0011671515102693213
1053,2020-11-19,0.0006935580912497086
1054,2020-11-20,0.0007483667927791661
1055,2020-11-21,0.00027687053667809457
1056,2020-11-22,0.00214354606528588
1057,2020-11-23,0.00047329902356908976
1058,2020-11-24,0.0016959511839204488
1059,2020-11-25,0.0008681645400532564
1060,2020-11-26,0.005069147871489538
1061,2020-11-27,0.0012519283235203074
1062,2020-11-28,0.0008520637366617433
1063,2020-11-29,0.00035617935425947286
1064,2020-11-30,0.002414374330145999
1065,2020-12-01,0.0006492981526384643
1066,2020-12-02,0.0011704668358523875
1067,2020-12-03,0.0002482189112721976
1068,2020-12-04,0.0013492516997597038
1069,2020-12-05,0.00020802870681821327
1070,2020-12-06,0.00021291904723444894
1071,2020-12-07,0.0005526485123920327
1072,2020-12-08,0.0010195694045117424
1073,2020-12-09,0.0010874924686831496
1074,2020-12-10,0.00044396377588265133
1075,2020-12-11,0.001049684781205921
1076,2020-12-12,0.0007810988213291272
1077,2020-12-13,0.0006379588710910046
1078,2020-12-14,0.00011344392237200221
1079,2020-12-15,0.0004739113444305255
1080,2020-12-16,0.00313418498119023
1081,2020-12-17,0.002482320488369807
1082,2020-12-18,0.0005984458148333398
1083,2020-12-19,0.0010306747986161366
1084,2020-12-20,0.0010932345592772348
1085,2020-12-21,0.004307307590543962
1086,2020-12-22,0.0009010382071557694
1087,2020-12-23,0.0009870334902014283
1088,2020-12-24,0.0007805653358013383
1089,2020-12-25,0.00248190160346127
1090,2020-12-26,0.0016003329874764026
1091,2020-12-27,0.0025815213698978387
1092,2020-12-28,0.0015312156573703394
1093,2020-12-29,0.001293390622075067
1094,2020-12-30,0.0017180692496039643
1095,2020-12-31,0.00014851679220562848
1096,2021-01-01,0.0004058950593154071
1097,2021-01-02,0.006519889885096638
1098,2021-01-03,0.004465642127820673
1099,2021-01-04,0.005050190762282567
1100,2021-01-05,0.004318111694651099
1101,2021-01-06,0.0033043073078873057
1102,2021-01-07,0.0022408347089319276
1103,2021-01-08,0.004753906270504058
1104,2021-01-09,0.0010317747626616843
1105,2021-01-10,0.006206736022057177
1106,2021-01-11,0.022282602620701655
1107,2021-01-12,0.005607062827208754
1108,2021-01-13,0.004325858534841897
1109,2021-01-14,0.002375974391293063
1110,2021-01-15,0.006628336908712349
1111,2021-01-16,0.0018349975661289511
1112,2021-01-17,0.002055771249216657
1113,2021-01-18,0.0018274066012096564
1114,2021-01-19,0.0012749636499462815
1115,2021-01-20,0.0030388638851837698
1116,2021-01-21,0.010356755052694872
1117,2021-01-22,0.002837371724527633
1118,2021-01-23,0.0025273778704310986
1119,2021-01-24,0.0022180539174809534
1120,2021-01-25,0.005222746523448129
1121,2021-01-26,0.0008884957777211772
1122,2021-01-27,0.002198768818609298
1123,2021-01-28,0.002533186087741896
1124,2021-01-29,0.02705739508180288
1125,2021-01-30,0.0018664020797376883
1126,2021-01-31,0.000710634370964493
1127,2021-02-01,0.0016779704642129738
1128,2021-02-02,0.0014927344178801024
1129,2021-02-03,0.0018291114178784337
1130,2021-02-04,0.0015326253459699974
1131,2021-02-05,0.0006029761347918294
1132,2021-02-06,0.002360732140034208
1133,2021-02-07,0.001339643920294138
1134,2021-02-08,0.017718818169403225
1135,2021-02-09,0.0013245563435226267
1136,2021-02-10,0.0029445427063552387
1137,2021-02-11,0.0029733026775390645
1138,2021-02-12,0.0003095062137258704
1139,2021-02-13,0.0006488575612320907
1140,2021-02-14,0.001095349635474243
1141,2021-02-15,0.0014922077202458583
1142,2021-02-16,0.0015168165052256049
1143,2021-02-17,0.0012657483581412726
1144,2021-02-18,0.00016356460251582512
1145,2021-02-19,0.001624422479465838
1146,2021-02-20,0.0011037055838544053
1147,2021-02-21,0.0009011880459518785
1148,2021-02-22,0.002782905774562436
1149,2021-02-23,0.019594902128055498
1150,2021-02-24,0.002484379666607996
1151,2021-02-25,0.00345089386520378
1152,2021-02-26,0.005337909723439075
1153,2021-02-27,0.002025517115153819
1154,2021-02-28,0.003991408277157972
1155,2021-03-01,0.0036764335497594235
1156,2021-03-02,0.0014787944849913143
1157,2021-03-03,0.002313030453404584
1158,2021-03-04,0.0012711960449648763
1159,2021-03-05,0.0015122501088105924
1160,2021-03-06,0.0011952098837315305
1161,2021-03-07,0.000586516350763515
1162,2021-03-08,0.0011048491527143086
1163,2021-03-09,0.001178265294170564
1164,2021-03-10,0.0019948603854476644
1165,2021-03-11,0.0010895744176074073
1166,2021-03-12,0.0002990160411460973
1167,2021-03-13,0.002354394711894495
1168,2021-03-14,0.0005660053740453036
1169,2021-03-15,0.0034860703377011756
1170,2021-03-16,0.0014032969248578065
1171,2021-03-17,0.003954414188793086
1172,2021-03-18,0.0019732948039412534
1173,2021-03-19,0.000499214294341356
1174,2021-03-20,0.0006208622837919234
1175,2021-03-21,0.0006904434328227131
1176,2021-03-22,0.0015898921979844729
1177,2021-03-23,0.0006280264017267764
1178,2021-03-24,0.0037167078362212646
1179,2021-03-25,0.0012792351145248116
1180,2021-03-26,0.0019411475022349822
1181,2021-03-27,0.0004289279123330516
1182,2021-03-28,0.0006835878433340539
1183,2021-03-29,0.0012878983250392813
1184,2021-03-30,0.0008941200307304514
1185,2021-03-31,0.0007265441917438335
1186,2021-04-01,0.0001347400242256157
1187,2021-04-02,0.0005197000305232872
1188,2021-04-03,0.0008026942089385675
1189,2021-04-04,0.0002726115023752259
1190,2021-04-05,0.0006953194971942382
1191,2021-04-06,0.0002556293592568917
1192,2021-04-07,0.0007801777685900956
1193,2021-04-08,0.0008734602302696191
1194,2021-04-09,0.00012105836452556372
1195,2021-04-10,0.000928204807656268
1196,2021-04-11,0.00020523106860883113
1197,2021-04-12,0.00015352170275038026
1198,2021-04-13,0.0013220016187088033
1199,2021-04-14,0.0009934549345829268
1200,2021-04-15,0.00021061175476766453
1201,2021-04-16,0.0008548113250180868
1202,2021-04-17,0.000937121073898008
1203,2021-04-18,0.01158556529441011
1204,2021-04-19,0.0030361009508762114
1205,2021-04-20,0.00238728471773716
1206,2021-04-21,0.002621679426124298
1207,2021-04-22,0.0019409314650158246
1208,2021-04-23,0.005129848646078746
1209,2021-04-24,0.0014391091046655011
1210,2021-04-25,0.0005917506663181347
1211,2021-04-26,0.004599246335600583
1212,2021-04-27,0.0006604355948387831
1213,2021-04-28,0.0007647984452022797
1214,2021-04-29,0.0006721435172594884
1215,2021-04-30,0.0033153006214587497
1216,2021-05-01,0.00024859903658404494
1217,2021-05-02,0.0006804359991516584
1218,2021-05-03,0.0011894957047785591
1219,2021-05-04,0.003575986489754753
1220,2021-05-05,0.002874447005662123
1221,2021-05-06,0.001025884741520978
1222,2021-05-07,0.0006412995198695754
1223,2021-05-08,0.000998390050991076
1224,2021-05-09,0.0005066620765723524
1225,2021-05-10,0.0024787004987297137
1226,2021-05-11,0.0006399933177709642
1227,2021-05-12,0.00998200991438415
1228,2021-05-13,0.0018393072690379203
1229,2021-05-14,0.001180072245826313
1230,2021-05-15,0.0017044870680993105
1231,2021-05-16,0.004574149447564551
1232,2021-05-17,0.012012682369516215
1233,2021-05-18,0.0037837125746818558
1234,2021-05-19,0.013663609125193783
1235,2021-05-20,0.005350839495847704
1236,2021-05-21,0.01559758007704831
1237,2021-05-22,0.0035472767500950536
1238,2021-05-23,0.007923286239042725
1239,2021-05-24,0.00564338180032138
1240,2021-05-25,0.008348344834154347
1241,2021-05-26,0.0029932636639857795
1242,2021-05-27,0.0040734788617233396
1243,2021-05-28,0.005344735208712895
1244,2021-05-29,0.0022409939013686643
1245,2021-05-30,0.0023056259297014516
1246,2021-05-31,0.0033809788233631305
1247,2021-06-01,0.0008350745942723033
1248,2021-06-02,0.001061458020885538
1249,2021-06-03,0.0010037777451333873
1250,2021-06-04,0.0025000414255388634
1251,2021-06-05,0.0028156633369087296
1252,2021-06-06,0.00046982046629536123
1253,2021-06-07,0.004174815059956037
1254,2021-06-08,0.003927330397257399
1255,2021-06-09,0.004669171839112259
1256,2021-06-10,0.00131389924566488
1257,2021-06-11,0.00048707547812870526
1258,2021-06-12,0.002511354720175286
1259,2021-06-13,0.003945807077004916
1260,2021-06-14,0.0027189638543368205
1261,2021-06-15,0.00026399414516048
1262,2021-06-16,0.0008539972994871764
1263,2021-06-17,0.0015509414650254675
1264,2021-06-18,0.0026216239196912555
1265,2021-06-19,0.0009839440426205066
1266,2021-06-20,0.0036335592232745817
1267,2021-06-21,0.0042174616166131065
1268,2021-06-22,0.004527173611498273
1269,2021-06-23,0.0029857666238317197
1270,2021-06-24,0.0026650176538895137
1271,2021-06-25,0.0025259555383742027
1272,2021-06-26,0.003454074852242152
1273,2021-06-27,0.003804290048374733
1274,2021-06-28,0.0019978854478328654
1275,2021-06-29,0.0010279429425020094
1276,2021-06-30,0.0013231415792802617
1277,2021-07-01,0.0017100317247860978
1278,2021-07-02,0.0012680471409383873
1279,2021-07-03,0.0009086352649481643
1280,2021-07-04,0.0007646455448996474
1281,2021-07-05,0.0018718263242061704
1282,2021-07-06,0.0013997526918680151
1283,2021-07-07,0.0007056375596786632
1284,2021-07-08,0.00100181058393315
1285,2021-07-09,0.0007306352759727353
1286,2021-07-10,0.00021661535884954288
1287,2021-07-11,0.00022535844600078355
1288,2021-07-12,0.0009133171611873755
1289,2021-07-13,0.0004909119622306781
1290,2021-07-14,0.0011488516343443
1291,2021-07-15,0.0005551676920417557
1292,2021-07-16,0.0018885975686026746
1293,2021-07-17,0.0003056277924832948
1294,2021-07-18,0.000864952030316454
1295,2021-07-19,0.0005229380568026389
1296,2021-07-20,0.001708186919015893
1297,2021-07-21,0.0021174204115142585
1298,2021-07-22,0.00043591617480778495
1299,2021-07-23,0.0017789616127138594
1300,2021-07-24,0.00014799567992223602
1301,2021-07-25,0.001243552188287765
1302,2021-07-26,0.009759153743359898
1303,2021-07-27,0.0028459559431127084
1304,2021-07-28,0.0017087938239734525
1305,2021-07-29,0.00025411604729786276
1306,2021-07-30,0.004589525075374776
1307,2021-07-31,0.0001631416974001733
1308,2021-08-01,0.002090309163009432
1309,2021-08-02,0.0004431294413514911
1310,2021-08-03,0.0002881637709493355
1311,2021-08-04,0.0011589113732811628
1312,2021-08-05,0.003487814834575304
1313,2021-08-06,0.00236936443936991
1314,2021-08-07,0.0012508669353278796
1315,2021-08-08,0.00035795567123769354
1316,2021-08-09,0.0024862180339319286
1317,2021-08-10,0.00045822562804493354
1318,2021-08-11,0.0008513344329463294
1319,2021-08-12,0.0005663609406035911
1320,2021-08-13,0.0015525009819379232
1321,2021-08-14,0.0006150011411441322
1322,2021-08-15,0.0009067439051185185
1323,2021-08-16,0.0007474952388397119
1324,2021-08-17,0.0016290776513555492
1325,2021-08-18,0.0011062135700441948
1326,2021-08-19,0.0020885050637767873
1327,2021-08-20,0.0016261785805532743
1328,2021-08-21,0.00042165966859710597
1329,2021-08-22,0.00038464134202096647
1330,2021-08-23,0.0008088806562047671
1331,2021-08-24,0.0007858702034771518
1332,2021-08-25,0.0009184560760876232
1333,2021-08-26,0.0010132977458630187
1334,2021-08-27,0.0006742665050036593
1335,2021-08-28,8.308673748378751e-05
1336,2021-08-29,0.0003525991603613632
1337,2021-08-30,0.0015720145343771747
1338,2021-08-31,0.00035916652180110104
1339,2021-09-01,0.0005460670392365164
1340,2021-09-02,0.00040581207159371064
1341,2021-09-03,0.0005470794308436886
1342,2021-09-04,7.656149629410315e-05
1343,2021-09-05,0.000627722826232729
1344,2021-09-06,0.00045602644527581524
1345,2021-09-07,0.008216483936034084
1346,2021-09-08,0.00186956075306875
1347,2021-09-09,0.00038710575497811464
1348,2021-09-10,0.0008961095269752452
1349,2021-09-11,0.0002572315277793189
1350,2021-09-12,0.0002763164522139146
1351,2021-09-13,0.0012517304487654898
1352,2021-09-14,0.0007292171899675964
1353,2021-09-15,0.0003037557774920273
1354,2021-09-16,0.0005991236894657337
1355,2021-09-17,7.718965997696705e-05
1356,2021-09-18,0.00045400608969371346
1357,2021-09-19,0.0005112635207966762
1358,2021-09-20,0.002557177823660022
1359,2021-09-21,0.0018946472721332393
1360,2021-09-22,0.0024027560350255517
1361,2021-09-23,0.0008810244259989911
1362,2021-09-24,0.006573166522531446
1363,2021-09-25,9.171475872668045e-05
1364,2021-09-26,0.0027423471712349334
1365,2021-09-27,0.0009723721087264323
1366,2021-09-28,0.0008848807750511434
1367,2021-09-29,0.001262314926389048
1368,2021-09-30,0.002539172174211118
1369,2021-10-01,0.004360827942902744
1370,2021-10-02,0.0004104153182833737
1371,2021-10-03,0.0005453623139158485
1372,2021-10-04,0.001376707975179946
1373,2021-10-05,0.0008838945191511808
1374,2021-10-06,0.004921873962851205
1375,2021-10-07,0.00024271893096090329
1376,2021-10-08,0.0009139778623000134
1377,2021-10-09,0.00022482215597207424
1378,2021-10-10,0.00040466883902420293
1379,2021-10-11,0.0014598207933938512
1380,2021-10-12,0.001030376067904043
1381,2021-10-13,0.001704791839744659
1382,2021-10-14,0.0004878538424957434
1383,2021-10-15,0.0019339787164792763
1384,2021-10-16,0.00013545574898610218
1385,2021-10-17,0.0005936693002178987
1386,2021-10-18,0.0008175094121153582
1387,2021-10-19,0.0010196903831824122
1388,2021-10-20,0.002276527904467198
1389,2021-10-21,0.0011225348294730607
1390,2021-10-22,0.0021719122759383154
1391,2021-10-23,0.0002909523500679057
1392,2021-10-24,0.00036349696781622326
1393,2021-10-25,0.0009334167565739643
1394,2021-10-26,0.0009193644188360758
1395,2021-10-27,0.0008808902045841342
1396,2021-10-28,0.0012683794624264548
1397,2021-10-29,0.0011713365856998348
1398,2021-10-30,0.0001331370178193354
1399,2021-10-31,0.00039683426842745197
1400,2021-11-01,0.0018610652457244341
1401,2021-11-02,0.0009389436386985107
1402,2021-11-03,0.0003430174215552439
1403,2021-11-04,0.0002332679248922502
1404,2021-11-05,0.0005257210470016525
1405,2021-11-06,0.00021379166284848895
1406,2021-11-07,0.0004517025312729226
1407,2021-11-08,0.0017639077785316375
1408,2021-11-09,0.0004465816399189328
1409,2021-11-10,0.002032120945400783
1410,2021-11-11,0.00015927558261437104
1411,2021-11-12,0.00036920387891916284
1412,2021-11-13,0.0005640554823535479
1413,2021-11-14,0.0004788181114799115
1414,2021-11-15,0.0005683467675576785
1415,2021-11-16,0.0019813261952007096
1416,2021-11-17,0.0012411926333006976
1417,2021-11-18,0.0008276574812139967
1418,2021-11-19,0.0008712292242285828
1419,2021-11-20,0.0013900403688603348
1420,2021-11-21,0.0005747226707987234
1421,2021-11-22,0.0023320472740716684
1422,2021-11-23,0.0008621261478011499
1423,2021-11-24,0.0004074230013892729
1424,2021-11-25,0.00045174358107680945
1425,2021-11-26,0.004243617138899743
1426,2021-11-27,0.00019359506383465503
1427,2021-11-28,0.002491077020306981
1428,2021-11-29,0.00031342714056918614
1429,2021-11-30,0.0008673757928064475
1430,2021-12-01,0.0011369582709156272
1431,2021-12-02,0.00039780999261688284
1432,2021-12-03,0.0019453465770771095
1433,2021-12-04,0.0122734744832515
1434,2021-12-05,0.0012233928879775433
1435,2021-12-06,0.001049051716327354
1436,2021-12-07,0.0005497935746240618
1437,2021-12-08,0.0016527254877075565
1438,2021-12-09,0.0012892233254055336
1439,2021-12-10,0.0015569364954450774
1440,2021-12-11,0.0011493659589286334
1441,2021-12-12,0.0002555235706320105
1442,2021-12-13,0.001847474258507551
1443,2021-12-14,0.0015497996825429568
1444,2021-12-15,0.0028879801236494757
1445,2021-12-16,0.000488807977490693
1446,2021-12-17,0.0006002075686893772
1447,2021-12-18,0.000285016802033086
1448,2021-12-19,0.0005746912703539109
1449,2021-12-20,0.0003362441672508966
1450,2021-12-21,0.0008074231131202429
1451,2021-12-22,0.0001268889561301273
1452,2021-12-23,0.002361850810817823
1453,2021-12-24,7.365681596416666e-05
1454,2021-12-25,0.00014906171668300412
1455,2021-12-26,0.0003815198321838199
1456,2021-12-27,0.0003729746589564789
1457,2021-12-28,0.0011612989736242746
1458,2021-12-29,0.0007139610769353836
1459,2021-12-30,0.0004510758493173715
1460,2021-12-31,0.0026611000704324975
